game_id,name
41,Iniesta
51,Alan Shearer
240,Roy Keane
246,Paul Scholes
330,Robbie Keane
570,Jay-Jay Okocha
1025,Rui Costa
1041,Javier Zanetti
1088,Alessandro Nesta
1114,Roberto Baggio
1179,Gianluigi Buffon
1238,Francesco Totti
1551,Ludovic Giuly
1605,Robert Pirès
1615,Lilian Thuram
1620,Emmanuel Petit
1625,Thierry Henry
1845,Ole Gunnar Solskjær
4231,Rivaldo
4833,Hristo Stoichkov
5003,Cafu
5661,Fernando Morientes
5740,Jaap Stam
6975,Freddie Ljungberg
7289,Rio Ferdinand
7763,Andrea Pirlo
8473,Tomáš Rosický
9676,Samuel Eto&#x27;o
10264,Ruud van Nistelrooy
10535,Xavi
13128,Andriy Shevchenko
16254,A. Carreras Himourana
16619,Iván Córdoba
19541,Gerrit Minissale
20289,Yaya Touré
20801,Cosimo
25924,Capdevila
26709,Rafael Márquez
27251,Ezequiel Fang Hao
27252,A. Martin Fang J.Q.
27253,A. Martín Fang Jingqi
27254,A. Marí Fangze
27263,A. Moleiro Maathai
27264,A. Medina Maatsen
27265,A. Millán Maayan
27266,A. Mingueza Maša
28130,Ronaldinho
30110,Dimitar Berbatov
40898,Sidney Govou
41236,Zlatan Ibrahimović
53302,Daniele De Rossi
54050,Wayne Rooney
69956,Matías Julián Lothar
69957,Johnny Cardoso Ekaette
69960,Hou J.R. Cox
69962,Emanuel De Los Santos
69963,Ahadme Alama
69965,Makan Winkle Matsumoto
69967,Isaac Romero
69979,Targett Raúl De Tomás
69986,Raonaid Mesías
69987,Qasim Oxana
69988,Gustavo Cazonatti
69992,Melgarejo Lobete
69996,Aurel Platret
69997,Arshakuni Avelino
70004,Senny Mayulu
70005,Anto Berardi
70006,Mickel Bechikh
70007,Selene Andrade
70011,Warneryd Fertoli
70012,Nailton Suzuki Russell
70014,Durval Murilo Yngvild
70015,Nampalys Wasbauer
70017,Gary Waota
70018,Claudia I. Lima Correia
70020,Marian Amzăr
70022,Quanbo Lokotsch
70025,Sealy Bailly
70026,Choi Hyun Woung Asdghig
70029,Jid Nordtveit
70030,Jeno Adebola
70035,McDonald Gómez Oliver
70037,Fishel Nóel
70038,Wang Sh.Y. Dzhumalieva
70045,Isolde Monoldorov
70049,Kenneth Soler Montoro
70053,Oliveira de Araujo Mikeltadze
70055,Vriends
70063,Bagheria Božena
70066,Frendrup Sha
70068,Graafland Della Rovere
70069,Cataldi Halle
70074,Kayikci S. Darder
70077,Mechele van der Horst
70084,Alex Dodd
70087,Marrugo Kyu hyun
70091,Dagbjartsdóttir Laurin
70092,Ladumdžija Perisan
70096,Ould Hocine Zanka
70103,Angeli Cansinos
70104,Rashmi Folami
70105,Fei Ernanduo Baïla
70106,Shavy Babicka
70107,Rashmi Vertessen
70108,Audenirton Vladyslav
70109,Jeffry Eun Jung
70110,Luther Cristian
70111,Vilaça Teixeira Melkamu
70112,Adyn Tayyip
70114,Awate Hartin
70115,Emőke
70117,Hottmann Jamila
70118,Jesús Bueno Feng Zhuoyi
70119,Novikov Kvaratskhelia
70124,João Cancelo López Andúgar
70125,Warneryd Boco
70129,Grivosti Lodeiro
70136,Ahadme Bragstad
70137,Jonson Juanto Ortuño
70138,Florián Rakneberg
70140,Iker Aldai Laci
70144,Draw Character 3 Ruward
70145,Mijit Strahinja
70147,Ephraim Mendis
70149,Schneuwly Fourlanos
70155,Stefan Gundula
70160,Sveinsson Watkowiak
70162,McEleney Gian Franco
70163,Liuyu Haladar
70164,Tambudzai Baš
70166,Tymur Gyula
70170,Joca
70177,Ayana Gökhan
70182,Lanka N.Amrabat
70183,Aitor Mañas
70185,Daniella He Yupeng
70186,Alicia-Sophie Emin
70187,Chiricheș Hudlin
70188,Musthafa Crockford
70191,Tae Wook David Costa
70192,Hammarlund Mario Gaspar
70193,Alejandra Bernabé Tobar
70194,L. Ramazani Gideon
70195,Ao Matsenko
70197,Mamat Medranda
70198,Liu Haofan Havard
70199,Flagellat Cuiza
70203,Kartum Valerio
70208,Jonjić Ušaj
70209,Johanne Magallanes
70212,Rubina Perraud
70214,Wawrzyniak Monique
70216,Groenen Alminho Boas
70219,Kendji Wagatsuma Sip
70220,Dajaku Kanya
70222,Velizar-Iliya Florim
70228,Jeno Gabdullina
70229,J. Cuellar María Miralles
70230,Lazăr O. Campos
70235,Cundy Chabod
70236,Leguizamón Galina
70237,Nartey Cartier
70240,Buitendijik Ersoy
70241,Eleonora Bucchi
70247,Maiti Frigerio
70249,Bontle Buljan
70251,Andreea Martinkus
70252,Roerslev Ghjuvanni
70253,Arboleda Zhanar
70264,Risa
70265,Aldair Porto
70267,Daniella Ciubăncan
70268,Zimarino Ballas
70269,Abdul Rachid Ayindé
70271,Mickel Shuhail
70273,Abdukadirova Ohio
70275,Jihyun Sisenando
70277,Amatucci Kweon Han Jin
70279,Marina Martí Samper Montañá
70281,Desábato Mendes Mendes
70283,Dickie
70289,Seedorf
70291,Seonghyeok Rangsei
70295,Hemia Kadowaki
70297,Ndenge Meerveld
70298,Joanne
70301,Ollila
70305,J. Chalá Jiegei
70308,Ha Jeong Woo Andrade Lima
70309,Baumgartner Flavius
70312,Mickel Bate
70319,Jesús Bueno Bizzarri
70321,Cupido Gonçalves Puja
70327,Okay Dervla
70328,Shervashidze Gnamien
70330,Alexandria Vegard
70331,Amond Bosselmann
70332,Pseftis Brajan
70333,Gijselhart Park Sang Young
70334,Janice Quitirna Junior
70335,Lisa Rudoni
70344,Addison Bocat
70345,Fer Pérez
70415,Estéban Lepaul
70419,Immanuel
70427,Flašker Solomon
70430,Brodrick C. J. Sánchez
70431,Nicólas Claa
70432,Belec Hallinan
70437,Johnny Cardoso Fedorco
70441,Alex Luna
70442,Stefano R. Navarro
70443,Lisa Onaiwu
70444,M.Sylla Jesús López
70445,Grivosti Khela
70446,McEleney Field
70448,Adaramola Azhil
70450,Eusebio Benaïssa-Yahia
70454,Anto Gordillo
70458,Lisa McFadden
70462,Gölgeli Guiraud
70465,Neyou Jacobs
70471,Dumornay Akiko
70473,Tanti Peter Federico
70477,Dayot St. Juste
70479,Circati Bettaieb
70480,Aliona Nazarenko
70481,Aarøen Choi Gi Yun
70482,McTominay HyunBeom
70483,Rouault Crawford
70490,Alex Pascual
70496,Nderim Adelante
70497,Kim Jun Bum Kack
70500,Connell Kim Jeong Hoon
70502,Almena Horcajo Lars-Jørgen
70503,Dircssi Ngonzo
70511,G. Aguilar Dennis
70513,Haithem Schipper
70514,Annalena Olvera
70515,Andrus Lahja
70518,Worrall Lenn
70522,Thomassen Dilani
70524,Flips Sitara
70526,Custom Player 40036 Milanovic
70539,Lisa Tsitsino
70541,Ojukwu Pereira Rodrigues
70545,Jun Bum Youssouf
70546,Kaio Jesus Petar
70550,Dang Minissale
70552,Roselord Macarena
70555,Tabitha
70563,Andújar Madruga
70565,Eugen Lukovs
70569,Makan Winkle Lehtonen
70571,Kevin Santos
70577,Kenneth Guddi
70582,Jani Parot
70584,Muhamed Marchão
70585,Joao Paulo
70615,Jani Zohminghlua
70628,Droguett Ďuriš
70629,Oshadi
70631,Wienerroither
70632,Koulibaly
70633,Shermarke
70634,Jorge Djaniny
70637,Jorge Aguirre
70650,Tarapu Fraga
70661,Jiegei Solet
70669,Geoffroy Check
70670,Sánchez Farres Rygaard
70671,Chevalier
70675,Kazuya Toshevski
70676,Nanasi Donoi
70679,Tammer Puja
70680,Lisa Guga Rodrigues
70681,Gijselhart Sergio Tejera
70684,Amath Vevatne
70685,Markiewicz Papin
70687,Fairchild Matheus
70688,Janicki Liu Ch.Y.
70689,Marlon Lourival Bengono
70690,Ismaila Rüütli
70693,Tareq N. Bustos
70694,Sólbjørn Christianson
70698,Rayamajhi Borges Malinowski
70699,Johanne Connelly
70700,Fisk Park Yong Woo
70703,Markiewicz Quintana
70710,Daniella Gil Pareja
70713,Eilis Bravo-Young
70718,Addison Sidibeh
70723,Tanti McCluskey
70724,Abat Aymbetov
70725,Roxane Oh In Pyo
70726,Anis Hadj-Moussa
70728,Ketkar Vlap
70730,Moll G. Bueno
70733,Nune Szperkowska
70744,Lo'eau Thijmen
70745,Kamiljan
70748,Flagellat Conchita
70752,Anselmo Túlio Chan Shinichi
70754,Liu Binbin R.Coyle
70756,McLaren Trus
70759,Hongbo
70763,Keena
70768,Porozo Nicolás Júlio
70780,Bowei Martim Marques
70781,Ben Flower
70786,Jihyun Kenna
70787,Ji Eun Sólbjørn
70794,Sabohat Baloy
70796,Alassane
70799,Jens Martin Ander Yoldi
70801,Shervashidze Zenzo
70802,Agha Fali
70803,Anderton Dummigan
70805,Ji Eun L. Ramos
70810,Lombardo
70822,Friberg
70824,Geon Hee Launay
70825,Frieser Alessandra
70830,Kadidiatou Bremer
70831,Daniella Ortel
70832,Margarit
70834,Bardeli
70836,Wynn Bowman
70838,Jonny Lei
70841,MacKeith Wahlstedt
70843,E. Agyiri Guaita
70845,Mambetalieva
70846,A. Mendes Gezek
70847,Abousharara Gezek
70848,Alexis Siriné
70850,Riyad Sahere
70851,Cerro Dano Nascimento
70852,Lloris Nicolás Latsabidze
70856,Mamadi Camará Andrade Lima
70860,Stirton Bamrungthin
70862,UEL Draw Thando
70864,Édgar Pinto Leite
70869,Channary Denholm
70872,Ofri Arad
70885,Lü Ismail.M
70887,Galeno Kārkliņš
70888,Anan Khalaili
70892,Dor Turgeman
70893,Siltala Humber
70896,Fisk Bonfiglio
70897,Janicki Lorenc
70898,Janicki Toral Harper
70902,Abdukodir Magar
70903,Alex Thébaux
70904,Tabak Papadopoulous
70906,Ville Oddny
70908,André-Franck
70909,Kaikai Borges Sanches
70918,Tateossian McKeown
70928,Morobe Kostadinović
70932,Alex Matthias Stirling
70934,Ari'i Peacock-Farrell
70937,Lykogiannis
70941,Williams Ntambue Gëzime
70943,Johanne Ignashevich
70944,L. Ramazani Ulemu
70946,Ia Theate
70947,Fran Vieites Drągowski
70948,Richárd Alvas
70951,Taimi Henry
70952,Sylvie Al Hurayji
70953,Amady Raouf
70955,Chajia Saucedo
70956,Frendrup Agus
70958,Tarasenko José Machín
70959,Qasim Bakayoko
70963,Kimani Lengyel
70966,Issac
70967,Carbonell
70970,Diego Ferraresso Bindhammer
70971,Sholpan
70972,Pritam Basfore
70975,Bethke Walatee
70983,Pemi Aderoju
70984,Haijian Melendo
70985,Nderim Engelbreth
70987,Barbier Jung Ji Hoon
70994,Lazăr Kjaergaard
70995,Estupiñán Mocanu
70996,Isolde Vittoria
71000,Lato CeCe
71001,Seon Ho Scaglia
71003,Wang Sh.Y. Breen
71013,Lisa Cavallo
71031,Iling Jr Chesnokov
71033,Aldaír Ferreira Gil Pareja
71046,Jeong Chi In Pászka
71047,Enrica Onyekuru
71052,Sil Morocho
71058,Ahadme Mihai
71059,Mamadi Camará Jeppesen
71061,Amatkarijo Bespayeva
71062,Daniella Toshevski
71063,Soren Wubben-Moy
71066,Marjani Pereira de Jesus
71068,Ullmann Westermann
71070,Vilaça Teixeira Odonnell
71072,Chinta Mantilla Pérez
71077,Woobens Pacius
71078,Kartum Conchita
71080,Cociş Antolín Garzón
71081,M. Ochoa Dar
71084,Likmabam Rakesh McCallum
71087,Samanta Xhoma
71092,Carabalí Sejas
71101,Alejo S. Cardona
71103,Schmid
71105,Kenda
71106,Wanda
71110,Serafin Dündar
71114,Djaoui Cissé
71129,Bianneider Biskup
71131,Kalajdžić R. Mora
71137,Francely Liam
71139,Hugo Nunes
71140,Daniella Holmen
71141,Oumar He Y.R.
71142,Durakovic Marvel
71145,Choi Hyun Woung Barillà
71147,Reis Gonçalves Akachukwu
71148,David Samuel Massimo
71149,Adaramola Plath
71150,M. Ochoa Al Nashri
71151,Chatzigiovanis Tewabech
71160,Martens-van Leer Begmedova
71161,Lo'eau Tygo
71166,Isnairo Reis Sulejmani
71169,Huang Yinghao Vimbai
71170,Nderim Muresan
71172,McEleney Oğuzhan Efe
71174,Sólbjørn Joyce
71176,Rafael Nel
71177,Mabika Edier
71178,Said El Mala
71181,Macias Doina
71191,Jiong Meabh
71196,Ha Jeong Woo
71200,Jan-Niklas
71207,Kellyman
71215,Melany Almeida Costa
71216,Felizia Peteira
71217,Tabak Santos Gomes
71218,Nas Park Seung Wook
71223,Daniella Zhang Wei
71224,Flynn Mantilla Pérez
71230,Fallenius Lingard
71231,Draw Character 3 Emrehan
71232,J. Asprilla Bjørn Inge
71234,Kotto
71243,Alex Purevsuren
71257,Li Huayang F. Martinez
71258,Medley Szymiński
71259,Lobinger Zhang Zh.Y.
71261,Taimi Dong Ho
71263,Nadezhda Demiri
71265,Owusu-Abeyie Arene
71272,Ankrah Perianu
71277,Ares Djaló
71279,Lito Aquino
71283,Mario Gila Vianden
71287,Nohan Donadel
71288,Gayà Peña SooIl
71290,Effiong Lievens
71291,Etxezarreta Ayerbe
71292,Liridon Makhkamov
71294,Bonfiglio Ulvi
71296,Zhao Zhichen Valentina
71297,Kyriakopoulos Generic 6
71303,Diego Sánchez Niemeyer
71305,Joaquin Seys
71308,Liu Yang Richtnér
71315,Hong Jae Seok
71317,Choi Kang Min
71320,Gijselhart Enaldo Charles
71321,Mangal Hellan
71323,J. Muniz
71325,Jayesh
71328,Park Ju Yeong
71330,Strunz Moreno
71331,Dehl Thoi
71341,Dangprakon Taïryk
71342,Araneda Midtskogen
71343,Jani Agla María
71344,Sobha Al Dawsari
71348,Nu García Vayá
71350,Jelavic Frost
71351,Jiang Sh.L. Miguel Nóbrega
71358,Ahn Tae Hyun
71359,Millar
71364,Luther Dulunga
71366,Longhai Roshon
71367,Ikaika Heneghan
71369,J. Navas
71370,Chung Ma Ho
71379,Awate Paula Gutiérrez
71382,Cundle Bocchetti
71383,Hocking Rocabado
71384,Jailson Eom Ji Sung
71388,C. Deus Correia
71392,Keijzer
71393,Timor Won Sang
71394,Sok
71401,Josué Limberth Kopecká
71407,Nalia Giedrė
71411,Chică-Roșă
71412,Chicksen
71413,Kim Young Hwan
71418,Bazoumana Touré
71420,Midge Al Salkhadi
71425,Pablo Israel Corr
71427,R. Perez Thijmen
71430,Leo Vimieiro
71431,Han Sang Gyu
71437,Walu
71439,L. Lima O. Fayed
71440,Gümüş
71441,Nanasi Jeong Myeong Je
71442,Alejandra Bernabé Azócar
71443,Fisk Rosenfelder
71447,Nakamura McGeady
71451,Nyirenda Yengi
71455,Celeban
71457,Jiménez López R. Rojas
71458,Won Hui Do
71459,Jeff Nazario
71462,Marcos Vinícius Cian
71471,Beccari
71473,Marcos Vinícius Kofoworola
71474,Lim Sang Hyub Belei
71475,Cupido Gonçalves Bataillard
71476,Govea
71477,Dicko
71478,Raybould
71481,Claudia Florentino Mobbs
71482,Tabak Podgórna
71485,Vinicius Cardenha Tiwari
71487,Sharief Naïr
71490,Salvatore Mihnea
71491,Jelínek Pappoe
71493,Haithem Jesús López
71494,Elbouzedi Salvi
71495,Rouault McComas
71497,Gonzi
71503,Chaudhri
71515,BergThórsdóttir
71516,Nicólas
71527,Ally Sentnor
71529,Bramall Mladen
71531,Comesaña Veiga Draw Character 1
71532,Kees Smit
71535,Elma Raúl De Tomás
71545,Carlos Damian Matheus
71546,Alcaina Fenollosa Bengono
71549,Kartum Parzajuk
71553,Nassim Yolamanova
71556,Saber Kenna
71559,Cordaz Brignola
71560,Guðný Hawass
71561,Kajetan Vides
71563,Muteb.M Barja Afonso
71573,Jean Michaël
71577,Shi K.
71583,Karabo Foyth
71586,Karabo Vestergaard
71590,J. Hernandez Sorin
71591,Hye Kyung Bizet
71593,Jeong Tae Wook Mikos
71598,Odada
71599,Carlos Fernández Coetzee
71610,El Mehdi Adebayo
71611,Abu Shuhei
71614,Mickel Damir
71618,Thorhallsson Siebatcheu
71620,Macy Settle
71624,Amoroso Botelho Maia
71629,Maiti Pelae Cardoso
71634,Elżbieta Yoon Jae Woon
71636,Roles Costa Silva
71638,Kemper
71639,Günay
71641,Laszlo Kike Pérez
71646,Jarjou Tsige
71649,Tabak C. Baudet
71651,Jihyun Acuna Mutto
71653,Raminta S. Justo
71654,Pseftis Panák
71655,Johanne Generic 2
71663,Steres Silvan
71665,Macauley Masih
71666,Luo X. Maxsø
71671,Vigne Confais
71672,Kangwena Kirk
71677,Ries Gonçalo Teixeira
71679,J. Cuellar Scheffer Bracco
71680,Luo X. Min Hyeon
71688,Kelley
71689,Osarenren
71691,Maghnes Van der Vaart
71696,Amath Cerutti
71703,Morrinhos Paes Henrique Araújo
71706,L. Muriel Haaland
71718,Costa Conceição Dorador
71719,Markiewicz Alvyn Antonio
71722,Ben Brad
71724,Hocking Andranik
71726,Tymoshenko Echiéjilé
71727,Gökhan S. Seungbeom
71729,Bjørg Korpela
71730,Ahadme Albak
71738,Ben Hamed Chandía
71740,Marta Carro Gruev
71742,Bagheria Niko
71743,Estupiñán Sternad
71746,Aimar Oroz Glauder García
71770,Ji Sung Matras
71772,Zamble Enggård
71777,Ina Lovren
71778,Quanbo Balikwisha
71781,Hugo Bueno B. Schelotto
71782,Rosalía Domínguez
71784,Julia Torres
71789,El Fakiri Tomás Händel
71790,Liza Min Seong Jun
71791,Hunziker Mirari
71795,Renat Tesillo
71797,Iker Venteo
71805,Lato Clemente
71809,Kenedy Arévalo Mera
71810,Cham Lasse
71811,Markiewicz Daler
71815,Dajaku Havard
71828,Avinash Amartey
71829,Fernando de Jesus Hermann
71832,Górski Al Hadhderi
71838,Taimi Pascual
71839,Dean Vorobyov
71843,Ilqar Soós
71848,Durán Fernández Stine
71851,Gómez Al Shanqity
71857,Vignesh Huseyn
71858,Malkolm Nilsson Nuno Moldeiro
71859,Jordano Xaeli
71864,Tambudzai Gorgon
71865,Amogelang Telalovic
71867,Hoti Setiabudi
71868,Hoti Vacek
71869,Zakirova Reeves
71875,Jhefferson Raúl De Tomás
71876,Julinho Astudillo
71881,Seoane Valenciano Kuteli
71882,Ufuk Akyol Nanor
71897,Marian Huja Anis
71902,Rait Alana
71908,Ryuki Shoola
71912,Hennessy
71914,Joceline
71919,McEleney Negrel
71925,Liuyu Eliot
71926,Kinga Serdar
71928,Damianos Krevsun
71931,Gulru Halsti
71932,Manon Mundaca
71934,Liu Haofan Gil Pareja
71944,Tanush Goya
71946,Mahitosh Ricardo Jorge
71953,Markiewicz Fumaça Mascarenhas
71956,Huseyn Tyjon
71959,Johnny Alfredo
71960,J. Chaverra Djordje
71963,Moreo Markov
71967,Eleftherios Almas
71972,Rafa Bauza
71973,Ephraim Vic
71977,Alberto Flores
71978,Munie Teleri
71979,Durdynabat Lacen
71981,Diogo Spencer
71983,Character
71987,Male 2 Fiori
71990,Pastorino Cheng Changcheng
71994,Nderim Tangvik
71996,Kapoor Burge
71998,Thorkelsson García Alvear
72003,Wilsson Rosito
72005,Wolfe Carr
72006,Melkersen De Menses
72008,Abhishek Vandenbroeck
72013,Floyd Arcus
72018,Diogo Miguel Ulvi
72022,Escalante J.Onana
72027,Felizia Molyneux
72028,Paudie Martín Odriozola
72030,Jesús Fernández
72031,Surur Ojinnaka
72034,Luis Adrián Cancho
72046,Draw Character 3 L.Benito
72048,Liu Yang Taehan
72061,Aja Mario Gaspar
72062,Maciej Barman
72070,Dioussé Nihal
72071,Italiano Shabalala
72074,Morrissey Bert
72075,Lani Wandeler
72078,Karavaiev Rattana
72080,Ulrik Yttergård Buletsa
72081,Eyjólfsson Rexhepi
72085,Justus Sarcevic
72086,Ali Bina G. Ochoa
72093,Martim Moreira Fernandes
72094,Kim Jin Kyu Gianluca
72095,Vinicius Cardenha Micael
72097,Alessandro L. De Ritis
72098,Dani Raba Bajraktarevic
72099,Preece Mbhondlo
72100,Arrizabalaga Kitahara
72101,Rohlupuia Contena
72106,Marrugo Kleindienst
72107,Kijong
72114,Eilis Jesús López
72119,Martina Rojo
72128,Pranciskus Pazienza
72129,Elene Lete Guilherme Zimovski
72130,Lluís R. López
72133,Guo Hao Belkahia
72134,Kramžar Christa
72136,Dackers Douvikas
72137,Riwut Gunnarsdóttir
72138,Mañas Buenadicha Humphreys-Grant
72139,Jitendra Hwang Soon Min
72147,Oxley
72148,Corsin
72149,Ainhoa Marín Martín
72150,Erkan
72152,Carlota Sánchez
72157,Aynur Jalal
72159,Mikey Moore
72163,Rumbidzai Zhenyu
72164,Krätzig McIntyre
72167,Thomasen Shadrach
72169,Voglsammer
72170,Hyun Yong Evander
72177,Desábato Sia
72179,Liga Taïbi
72180,Najwa Filipe Ferreira
72190,Lelievre José Raúl
72207,Amond Nabizada
72215,Rout
72217,Westphal
72221,Melanie Serrano
72222,Lía Muíño
72223,Christopher
72229,Wanya Marçal Amra
72245,Mario D. Pirimova
72246,Jesús Bueno Aske
72247,Pack Ugrinic
72248,Jano Monserrate Rexhepi
72250,Abduhelil Kim Keun Bae
72254,Washington Miroshi
72267,Jochem
72271,Arlo Gustavo Rafael
72277,Tamer Migliore
72281,Laszlo Shahar
72284,Thorhallsson Gyeong Min
72285,Harmon
72286,Pärn
72288,Oyarzabal Ugarte
72290,Floriangel Apóstol
72293,Raveloson
72294,Raphaël Chust
72299,Vitor Marlon Phouvong
72301,Marrugo Sakala
72302,Cicconi Fathimath
72306,Oumar Okan
72308,Amoroso Cedwyn
72310,Amahl Sebulonsen
72312,Xhoi Saynab
72315,Sule Bucchi
72319,Alexandria Rocha Rosa
72322,Jorman Ajago
72324,Mario D. Ontivero
72328,Ovidiu
72333,M. Monteiro Saira
72334,Halimah Hull
72335,Marrugo Pejiño
72336,Montes Zeljković
72337,Grougi
72340,Seol Borja Velázquez
72344,Mahlon
72345,Liu Xiaolong
72348,Chanthavy Conca
72354,Amoroso Harit
72359,João
72360,Rowllin Baudet Lucena
72361,Jon Bautista
72364,Carlos Damian
72365,Benarous Brunel
72366,Maraš
72371,Lüthi Kreling
72374,Wang Jinxian Yiğit Emre
72375,Hiebert Kaz
72376,Jesús Bueno Neira
72377,Aina Durán
72378,Eldin Guddi
72379,García Campos Menéndez
72382,Johns Tsiki
72384,Lloris Nicolás Josep Señé
72390,Vladi Silva Seiça
72397,Gaxha Tatar
72400,Rúnar Þór Sejin
72404,Malkolm Nilsson Cleonise
72405,Ermin Borja Sainz
72409,Tamen D. Calila
72417,Beach Zaremba
72419,Josué Limberth Laurent
72420,Ben Blas
72423,Bradshaw
72425,Westerlund
72426,Jae Hyun
72431,Coco Bassey Oubiña Cokaj
72438,Marlion Gustavo Contini
72442,N'Guessan
72448,Sonali Gurnaj
72454,Jomo Arslan
72456,Belec Knoche
72457,McEleney Changseok
72459,Viktória Danovis
72463,Caletti Rashidi
72464,Dione Sadin
72465,Nizet Nájera
72474,Benedek Feng Zhuoyi
72475,Mbacke Jonatão Praz
72476,Ha Jeong Woo Langbråten
72477,Jifan Bolormaa
72479,El-Boghdadly Rafa Leão
72522,Diogo PP Domingos Quina
72525,Ozoliņš Formose
72528,Draw Character 3 Sólbjørn
72529,Daniella Terje
72531,Linssen Seoane
72534,Iñigo Piña Matijaš
72535,Chira Nalan
72537,Wang Sh.Y. Nipuni
72538,Lluís Glódís Perla
72541,T. Espinosa Salah-Eddine
72542,Chinta Lee Bum Soo
72549,J. Zapata Boussoufa
72553,Marta Carrasco Hayaa
72554,Alexei Aytaç Kara
72557,Tareq Rigo
72560,Jörgensen
72561,Ababio
72562,Jacintha J. Willems
72563,Paco Cortés
72568,J. Chaverra Ratsamy
72578,Aras Defendi
72582,Jézéquel Dongjin
72583,Bagheria Heneghan
72586,Ina Yang Mingyang
72588,M.Oroz Khlan
72589,Tareq Blažek
72590,Ousou Sotiriou
72593,Barraza Jablonska
72596,Andonov Boissey
72598,Gonçalves Araújo Reddy
72599,Isak Jønvik Hermans
72601,Alain Bruneau
72603,André Stavås Skistad
72611,Aimée Nwaneri
72612,Tanti Sha Yibo
72613,Martín Luengo Myung Joo
72616,Arijanet Muirhead
72617,Fei Ernanduo Vlatka
72618,Fei Ernanduo Lipani
72619,Ichizo Ciro
72620,Dilane Perrone
72621,L. Garcia Usor
72622,Chinbat Afif
72625,Ferreira Maciel Hugo Rama
72627,Andrew Djordjije
72632,Seo Jin Su McGrath
72634,Ben P. Magnin
72637,Ichizo Dias
72641,Rares Rodelas
72654,Groenen
72656,Jeong Tae Wook Maxsø
72658,Triin
72672,Maddie Myung Joo
72674,Hammam Marine
72675,Homam Celina
72677,Tanti Mitoglou
72690,Manga
72691,Fitri
72694,Lloris Nicolás Giaccone
72695,Djiku Claas
72697,Kalaj Klarer
72698,Erlandsson Antonios
72699,Lass Kialonda Gaspar
72703,Zamir Maina
72705,Erick Ronaldo
72706,Inés Rizo
72708,Jin Hong Curro Sánchez
72711,Chartier Toni Moya
72715,Saël Macek
72717,Coda Camiel
72719,Daniella Jesús Bueno
72721,Seonghoon
72722,Iñigo Piña Saliu
72731,Roxana Waidner
72737,Jakhongir Urozov
72739,Midtskogen Sabil
72740,S.Velásquez Al Obaid
72741,Sobha Al Salem
72745,L. Ramazani Rangsei
72752,Coruche Mendes Cherdabaev
72754,Livramento
72755,Effiong Berta
72758,J. Pulido Jomar
72762,Adrià Canelo
72763,Jele Thor
72764,Núria Sarawut
72766,Nepes
72769,Nalanie Matija
72775,Roefs Skjelbred
72776,Nassim Villiger
72779,Sætra Théo Fonseca
72780,Famara McClean
72782,Luther Vicent
72783,Ibrahima
72787,Kaja Kiomourtzoglou
72788,Eriq Nicolás
72790,Seon Ho Terry
72791,Núria Sergio Ruiz
72792,Hansen-Aarøen Killip
72793,Mekina M. Nabi
72795,Annaëlle Kieron
72797,Ulisses Kieren
72798,Lilli Leire Peña
72802,Alexis Rany
72805,Daniella Lalhlansanga
72808,P. Carrizo
72809,Arin Jon
72810,Mehmet Mangal
72814,Paula Novo
72817,Carabalí Millot
72818,Xhoi Kramžar
72823,Sreyroth Zhao Y.J.
72827,Thein Laurel
72828,Fisher Alves
72829,Alessandro L. Seiler
72831,Maiti Behruz
72834,Geraldes Lauenborg
72839,Simao B. Martins Bueno
72844,Alessandro L. Sear
72845,Andreea Chovanie
72849,Mario D. Firmino Silva
72850,El Hilali Adebayor
72852,Coruche Mendes Schwake
72856,Nandha Postigo
72857,Tarapu Lázár
72858,Daniella Vidaurre
72861,Antonio Gomis Feng
72862,Danjuro Boy
72863,Andrej Newby
72865,Kersnik Niflore
72866,Lafon
72868,Taulapapa Batukhan
72869,El Ahmadi C. Trujillo
72870,Murat Akerman
72871,Baez Monti
72873,Babel Hradecky
72874,Kartum Matheus
72877,Abdel Hradecky
72878,Amond Przemysław
72884,Kim Jun Bum T.Chawinga
72887,Houng
72888,Anto Defendi
72889,Nokwethemba Batubinsika
72891,M. Ross Aznou
72892,Marian Soloman
72893,Lawrence-Gabriel Shae
72901,Andrieu Rajesh
72904,Brey Hamjatou
72905,Qasimova
72907,Maikel Mesa Klyçewa
72909,Jihyun Dário Essugo
72910,Erjiaduo
72912,Requena Bousquet
72913,Odelia Forsyth
72916,Seon Ho Xhelal
72917,Kerem Yusuf Faty
72918,Iikka Orri
72919,Al-Razi Gavilán
72922,Slychuk Bessile
72923,Lulëzim Ke Zhao
72925,Ashley Alban Kilama
72935,McNulty Lars
72937,Ferrario Vida
72938,Dajaku Tolu
72939,Jeno Sólbjørn
72945,Uribe García
72948,J. Alfaro Bugas
72954,Daniella Hiranuma
72955,Adu-Adjei Omsberg
72957,Freundlich
72959,Mamat Worrarasa
72961,Lluís Debenedetti
72962,Lirim Pelz
72964,Urazow Baz
72965,Park Jun Beom Racovițan
72967,Marrugo Goodwill
72969,Rafael Leonardo SoonMin
72971,Signorini Unni
72972,Riyad Filips
72974,Lloris Nicolás Hore
72975,Achebe Barman
72981,Makenna Barrachina
72988,Salomoni Boxall
72992,Ji Taguhi
72997,Rodrigo Mora de Carvalho
73002,Florián Saima
73005,Midge Lü
73007,Lawrence Sosa Martín
73008,Marrugo Malangi
73009,Prévot Romane
73012,Suter
73013,Akgün Khudoyorova
73014,Compagno Knaak
73015,Belec Hüning
73016,Feldkamp Mae
73017,Ozan Can Pekarik
73021,Anne Sitaram
73022,Femenías del Salto Fuente Fernández
73023,Larissa Mühlhaus
73025,Sulejmani Yasuda
73026,Namung Norberg
73027,José Aamet Kayesa
73028,Carlos Fernández Kang Sang Woo
73029,Tsvetanov
73030,Ji Hu Ozan Can
73031,Edun
73033,Marić Sonnett
73037,Sory Seung Min
73039,Negut Farkas
73040,Shaw Shekiera
73041,Jihyun Vilches
73044,Tigran
73045,Firas Riquelme
73048,Rubina Kline
73049,Paetow
73050,Adrián Fernández
73051,Dajaku Ashraf
73054,Tiago Gonçalves
73056,Mohamedhoesein Romero Burgos
73057,Claudia Florentino Callan
73060,Lee Jong Wook Profini
73061,Radulescu Kuqui
73062,Signorino
73063,Mohamed-Amine Ajibola
73064,Bhuiya Sagolsem
73067,Alma Adames
73068,Groen Akpabio
73070,Promise David
73071,Damany Saint
73072,Louza Park Sang Jun
73078,Kaishū Sano
73080,Mladenova Adjo
73082,Jongbeom Kishor
73083,Awate DongMin
73085,Antonaldo Laforte Melamed Ribaudo
73086,Liao Lisheng L. Kunze
73089,Salvatore Dos Santos Gomes
73091,Marten Montsma
73092,Jann-Fiete Pumphrey
73094,Toney Richonell
73095,Ranju Humanante
73096,Gutierres Serra Dulce
73098,Draw Character 3 Latka
73099,Alex Ngabo
73100,Belec Torrico
73102,Leblanc Gemma Font
73103,Fellaini Mashigo
73104,Addison Corbett
73105,Nu McIntyre
73106,Jha Bhalerao
73110,Vilaça Teixeira Fomba
73111,Aron Danovis
73113,Arigoni MacGregor
73118,J. Alcocer Bissell
73119,Seok Ho Siddique
73121,Bonsu Baah Mariani
73125,Kaio César Danny
73126,Luz Horta Bomholt
73128,Zé Vítor
73129,Marina Martí Racaj
73131,Illia Baboucarr
73133,Nartey Kiko
73134,Estupiñán Hancko
73135,Lirim Sergio Rodelas
73136,Latifa Rasmijn
73137,Mechele Gulzhan
73138,Rainey Tasnim
73141,Fei Ernanduo Melih
73146,T.Sanabria Giang
73147,Novikov Vini Souza
73149,Anes Kanoa
73151,Dajaku Yucheng
73152,Dajaku Godfroid
73154,Hyunwoung Marchizza
73157,Taimi Hansika
73158,Nallo Dubinchak
73159,Epureanu Arbaz
73160,Mario Sesé Van Oudenhove
73161,Pranciskus Lion
73162,Cossu
73163,Joana Marchão
73165,Antonaldo V. Butros
73168,Targett Olase
73169,J. Trindade Sei
73170,Sarić Wellington
73172,Aris Rafanilton Vilela
73174,Antonio Gomis Sibonakaliso
73175,Effiong Machado Ribeiro
73176,Jong Mu Blokzijl
73183,Takeuchi Kallista
73187,Jesus Andradaldo Kadzamira
73188,Ben Mamadi Caba
73192,Abderrahmane Aissatou
73193,L. Kunze Samsonova
73196,Security
73199,Puga
73200,Simao B. Caufriez
73201,Calvin Mito
73205,Maiti Henry
73209,Pobega Burgstaller
73211,Alebiosu Shahin
73213,Miguel Narváez
73214,Adri Fernández
73215,Cheli
73217,Malkolm Nilsson Coloccini
73218,Timmy Eldin
73219,J. Chaverra Debayo
73226,Huaze
73227,Itakura Yury
73228,Davide Yuan M.Ch.
73230,Bawuah
73231,Male 4
73235,Chinta Giedrė
73237,Lirim Orozco Chiquete
73238,Jara Mesías
73240,Selene Hmírová
73242,Janža Suvi
73252,L. Ramazani Melendo Jiménez
73253,Jong Mu Eyestone
73254,Diego Murillo Sumon
73255,Antonio Gomis Konoplia
73256,Pramanik
73257,Ulrik Oesterhelweg
73258,Kyrylo E. Royal
73260,Jackson Crusso Svanþórsson
73261,Yasmin Arziani
73262,Narupong Fougeu
73265,Olti Chatri
73271,Storm Bugge Preston
73277,Sérgio Miguel Adnane
73279,Midtskogen Jacheol
73280,Israfil Delvin
73281,Yash Chikro
73282,Williamson Derrick
73285,Ina Brereton Díaz
73286,Daniella Nkoudou
73288,De Bruyne Ylli
73289,Ulrik Yttergård K. Oulai
73290,Mbuku Maftei
73291,El Berkaoui Damir
73292,Liu Yiming Vaiva
73294,Paudie Mróz
73295,Seok Ho Vlasta
73296,Nemes Ninda
73297,Sim Kołodziej
73298,Luz Horta Agnes
73300,Daniella Lyngdoh
73301,Sambulo Elayis
73306,Dragen Fife
73308,McEleney Sidney Pessinho
73311,Juan Luis Zheng D.L.
73312,Jiménez Delgado Zhang T.
73316,Jo Turesbekova
73317,Brayann Chow
73319,Kartum Cephas
73325,Qui-li Purevsuren
73330,MinJun Bodritskaja
73333,Liga Sarmiento
73348,W. Pacaud Talbert
73349,Sedgwick
73350,Sanseviero
73355,B.Almutairi Zeitz
73356,Liridon Naomie
73359,Aylton Boa Morte Perraud
73364,Lluís Birkir
73367,Defendi Dongsheng
73368,Marshall Buhagiar
73369,Rajiya Borbe
73370,Mechele Chunxin
73373,Jasper Lavaud
73374,Chrisantus Uche
73375,Ilkin Bedeau
73377,Limbani Sigmund
73379,Imamović Doina
73381,Jędrzej Habib
73386,Feldkamp Noë
73389,Yokoyama
73390,Arola A.
73392,Ichizo Cayarga
73393,Zimarino Duțu
73394,Frej
73395,Huang Zhengyu Guerra Peiró
73396,Daniella Baojie
73398,Rômulo José Cardoso da Cruz
73404,Adingra Cheick
73405,McEleney Pa
73406,Mazaki Kim Tae Yang
73408,Carolina
73412,Alban
73413,Carlos Jr
73414,Adjei
73417,Ettien Badu
73423,Frieser Arsène
73424,Coruche Mendes Lee Chung Yong
73425,Mapp Tapan
73426,Chen X.H. Négo
73427,Miti Baradji
73428,Jaehun Méndez Molero
73429,Wendlinger Heitor Gesse
73430,Ornella Vignola Dieckmann
73432,Tabak Codinha
73433,Gayle Rowe
73437,Paciência
73438,Jayaraman
73447,Amond Chaya
73448,Nu Howington
73449,Hamza Igamane
73450,Daisuke
73452,Monique
73453,Grohe
73456,Zhuk Celorio García
73457,Alexandru Bužek
73459,Alistair Chougrani
73460,Deeb Zimarino
73462,Daniella Hyungwoo
73464,Alistair Borne
73465,Isolde Khay
73466,Warshawsky Al Abdulrazzaq
73470,Tymchyk Zhong J.B.
73471,Kociubinski Telfer
73483,Cyprian Popielec
73485,Alte Tehe
73487,Marian Huja Naouirou
73490,J. Alfaro Kiki Silva
73501,Mickel Charlys
73502,Prevost Alia
73504,Nuoheng Horgan
73505,Cabrera W.
73511,Anton Logi Samuel Justo
73518,Danijel
73524,Manzorro Jung Yoon Seo
73529,Merrick
73542,J. Chaverra Boga
73545,Czyż Bisschops
73547,Terho Sagoe Jr
73554,Haas Hassane K.
73558,Aleksa Purić
73561,Grimes
73562,Bento Matheus Krepski
73565,Thato Akbulut
73566,Fran Vieites Ma
73570,Sand Kaabi
73573,Guardado Molina Molero
73575,Shirokov Leilani
73576,Dühring Völler
73580,Antonín Kinský
73582,Male 2 Shota
73584,Chiricheș Nui
73585,Jabu Ma Sheng
73593,Midtskogen Barcellos Freda
73594,Gábor Al Jedaani
73595,S.Lopez Al Saadi
73596,Joel
73598,Yilin Gonçalo Matias
73599,Jonaldo Kauã Steve
73600,Kachunga Yeni
73604,Rose Taferner
73608,Effiong Sagües Barreiro
73609,Richárd Liang N.H.
73610,Eldin Aherne
73612,Weronika Christa
73613,Tymoshenko Mayela
73615,Damany Hüneburg
73621,Hnamte Yohei
73624,Danai Mirallas
73625,Grønneberg Yeongwoo
73629,Joan
73635,Hanyf Kysha
73636,Laxman N. Freire
73638,Caeiro Wen Jiabao
73641,Jonny Lietaert
73643,Nderim Maluvunu
73644,Luz Horta Fontainot
73645,Okay Derick Theodoro
73648,Amanzholova
73650,Huseyn Brzyski
73652,Amit Bobrova
73653,Mawihmingthanga
73655,El Ghazi Pinzi
73656,Shubham Motaraghebjafarpour
73657,Buckner Fofin
73658,Fletcher De Morias
73659,Nu Puna
73661,Matheson Matías Barboza
73666,De Bruyne Powell
73669,Carl Fred Sainté
73671,Odemwingie Tullis-Joyce
73673,Parvin Melati
73675,Elbouzedi Suryavanshi
73677,Mrabti Kobacki
73680,Aleksa Manuela
73685,Kim Seo Jin
73687,Evrard
73692,Liu B. Britt
73699,Je Ho
73700,PlaceHolder 11
73707,Han Rongze
73714,Leguizamón Alvero
73715,N'Goran Jomar
73717,Malbranque Edmond
73718,Cerda
73722,García Gómez António S.
73723,Yan Zihao
73730,Meklit Conraad
73731,Ndicka Bamasoud
73732,Alain Ronke
73733,Rufer Serdar
73745,Eun-seo Al Tamari
73746,Lloris Nicolás Thiago Claudnei
73749,Marrugo McAteer
73750,Ben Guilherme Ramos
73752,Jihyun Shahruddin
73753,Cham Gyeong Min
73754,Thomassen Vanlalruatfela
73755,Ji Min Brym
73756,Ainley Maruyama
73759,Frendrup Ogbene
73763,Barnett Shaian
73764,Munir.M Tomba
73765,Nalani Akmal
73767,Frutos Besara
73838,Alemão Schenkeveld
73843,Lloris Nicolás Fuster
73846,Lee Kang Hyeon Nazareth Martin
73847,Firas Demir Ege
73850,Kamilla Melgård
73853,D. Jensen
73854,Minissale Dorrans
73855,Momuluh Hamill
73858,Aida Esteve Sisenando
73861,Sellner Sólbjørn
73862,Justine Dorin
73864,Johanne
73866,Operi Kalivas
73867,Chalmers Apostolopoulos
73870,Daniella Trong
73874,Lirim Moisa
73875,Liuyu Rangi
73877,J. Carvallo Rajiv
73878,Chance Cowell
73881,Thorsby Pablo Tomeo
73882,Padilla
73884,Chiricheş Mitroglou
73885,Chaiwa Kirian
73887,Liu Haofan Generic 2
73888,Marcos Vinícius Sendeiro Zanon
73889,Chang Min Kundu
73895,Josué Limberth Delle
73896,Caeiro Klostermann
73903,Maikel Mesa R. Horta
73905,McLaren Florentino
73907,Saaman Bessa Acuna
73908,Bebi Naeni
73910,Isnairo Reis Hermansson
73914,Simion Sekayi
73917,El Ouazzani Dobrogeanu
73918,Chinbat Shravan
73921,Muteb.M De Cat
73922,Jankovska Goitea
73924,Hocking Kurosaki
73927,Mailis
73928,Alessandro L. Davie
73929,Ornella Vignola Sopio
73930,Marcich Sib
73932,Orosz Everink
73933,Fairchild Arslanagic
73934,Riegler
73936,Mohamed-Ali Buanthanglun
73937,Jeno Kheder
73939,Quang-Thieu Dobrogeanu
73940,Jill Dabolins
73943,Hajda Ascues
73945,Markiewicz Reno
73949,Lloris Nicolás Konstantinos
73952,Emanuel Kiilerich
73953,Dajaku Rajendra
73956,Jong Mu Oyunchimeg
73959,Alexis Borja Iglesias
73964,Schjelderup 't Zand
73972,Lakenmacher Romina
73973,Issei Manish
73974,Hennessy
73986,Vilaça Teixeira Loni Laurent
73987,Isnairo Reis Barillà
73988,Alexandria Luís Carlos
73989,Maiti Rija
73995,Fabiana Adhikari
73999,Petrov Pululu
74000,Serbănică Satybaldieva
74001,Mohamed-Amine Smoliński
74002,Marcos Vinícius Ylätupa
74003,Izzah Zhannur
74004,Matino Vlahović
74006,Okoroji Eastwood
74008,Park Woo Jin
74009,Mickel Baltacı
74010,Issei S. Chakrabarti
74017,Shaparenko Morojele
74019,Rahil Geubbels
74020,Nameni Paula Vizoso
74021,Musonda Vitík
74023,Braydon Dulani
74024,Ana Franco Andrade Lima
74026,Mamady Dembélé
74027,Kendrick Shahrizad
74028,Necidová Fatou
74030,Namung Klimova
74038,Constantin Feng B.Y.
74039,N. Garrote
74043,Fadinger Hagai
74044,Seonghyeok G. Ochoa
74049,Wynona Arias Jiménez
74050,Johnen Gouled
74057,Abdykadyrova Al Haidari
74063,Jairo Ralph Duan Liuyu
74064,Rainey Turicchia
74067,Marfo
74069,Moreno Lopera Morelos
74070,Ndenge Seungho
74071,Reinhardsen Ferreira
74072,Chinta Pau Resta
74074,M. Ochoa Abdurahman
74076,Issei S. Wharton
74077,Wang Shenchao Mughe
74080,Fairchild Daniela
74083,Liu J.Sh. Cacia
74085,Nascimento Borges Borkowski
74086,Marta Carrasco Harrold
74087,Medrano Gastañaga
74088,Jess
74091,Jon Gorrotxategi
74092,Iikka
74093,Paiman
74094,Mario Soriano Ledesma
74097,Antonaldo V. Hemcke
74102,Etete Bakrar
74103,Gatley Hamill
74107,Silva Melo SeungHoon
74108,Jano Monserrate
74109,Omar Janneh
74112,Nu Shkelqim
74115,Israel Houwen
74118,Alejandro
74122,Antoniou Orlova
74123,Sarkisian Marvel
74133,Jaedyn Campbell
74134,Marian Ronnie
74136,Draw Character 3 Okan Kocuk
74139,Storm Ahmadi
74140,Dhar J.Berrocal
74141,Mailis Somoya
74142,Desábato Le Cardinal
74143,Ryuki Delvalle
74145,Rouault Cenk Tosun
74150,Liga Hunter
74151,Ephraim Schilte-Brown
74155,Felicitas Rashica
74158,Kamara Hocine
74161,Okoye Siraj
74162,Rouault Cleall-Harding
74163,Jae Min
74164,Cham Crespo García
74165,Julián Javier
74175,Antonaldo V. Ebosse
74178,Pallujam Rohan
74187,Toyoshima Joubert
74189,Friend Shanks
74192,João Barros
74194,Banse Pentz
74207,Kipp Mérida Cañete
74209,Antti
74210,Inálcio Dutra
74211,Ane Elexpuru
74222,Erdinç Vilches
74224,Montaña Midtskogen
74229,Josué Limberth J.El Yamiq
74232,Laufey Regis
74233,Rares
74236,Ahmedhodžić Al Dossari
74240,Rayamajhi Saborido
74242,Worrall Abdellah
74253,Lisa Salman
74265,C Phair Nuno Gonçalo
74266,Iván Sánchez Aiyegun
74295,Arran Baruah
74301,Fallenius Cabrais Petri
74303,Julia Bartel Pablo Hernandez
74304,José Vitor Olajumoke
74306,Abduklim K. Minda
74310,Nicolò Savona
74312,Nderim Paterson
74313,F. Jenssen Ademola
74314,Chen Jie Kruys
74315,Alsalkhadi Yovera
74317,Inês Pereira
74323,García Alvear Marzec
74324,Abdurahman Idrissi
74326,Huseyn Mehmedi
74329,Jesus Andradaldo Rhys
74333,Gui Beleza
74337,Iker Aldai Ahmedhodžić
74338,Bianneider Kerlly
74340,Diakhite Protti
74344,Manzorro Wilhelmina
74348,Sonia Majarín Botheim
74349,Ayna Wheeler
74351,Johanne Curro Sánchez
74352,Bryscejnová Pellegri
74354,Chiricheş Kabaev
74355,Kim Ju Sung Aleksa
74357,Dajaku Velikova
74358,Einar Moreno Pérez
74359,Florian Andrade Lima
74360,Muteb.M Tinsdale
74361,Sólbjørn Sahitaj
74363,ChangGeun Gabdullina
74364,Andreasson G. Konan
74366,Eldin Odimayo
74368,Laszlo Zelda
74369,Ana María Goodluck
74370,Abril Sanz Bartnik
74371,Tong Hyon Parwati
74372,García Pérez Touré
74385,Namita Salcedo JR
74387,Jens Martin Canchimbo
74388,Jaritz Navia
74393,Toto Fernández
74395,L. Coelho
74399,J. Alfaro Żewłakow
74401,Vieira Tavares Yatabaré
74403,Ciss
74404,Rendon Juhun
74406,Tarapu Bernadette
74411,Mario D. Daena
74413,Haithem Armando de Abreu
74414,Kadıoğlu Afonso Moreira
74416,Sebile Balog
74417,Nalani Samnang
74419,Alexandru Sharon
74421,Mahamé Ricciardi
74424,Lund Hansen Machado Chagas
74425,Nderim Jacquemin
74426,Raushan Wassim
74429,Alte Dennisson
74430,Hakizimana Araphat
74431,Cuellar Igor Guilherme
74436,Midtskogen Acevedo
74437,Rodríguez Sánchez Al Nasser
74438,Wonwoo Thandiwe
74441,Raúl Chasco
74442,Jiegei Junseo
74443,Massiré Sorgić
74444,Van Hecke Davidson
74445,Quanbo Teina
74448,Firas Fevang
74449,Hugo Alberto Martín Luengo
74450,Andrej Turati
74453,Dajaku Mikołajewski
74460,Ayina Oihane Hernández
74462,García Quiles
74463,Mahrez
74464,Ferrario McGowan
74465,Kyriakopoulos Skarlatidis
74472,Kranevitter Pack
74473,Lima Correia Laurenz
74474,Maria-Luisa Acapandié
74475,Baetaih Graovac
74476,Sim Drita
74477,T.Sanabria Charlier
74478,Imara Caldeira
74480,Tymoshenko O'Halloran
74481,Iliesse Salhi
74483,Hernández González Ahlinvi
74484,Galloppa Kucheriavyi
74485,Jair Veiga Ebou
74489,Hugo Alberto K. Minda
74490,Boatwright Perišić
74491,Daranee McAvoy
74497,N.Pepe Wungngayam
74499,Rashmi Tui
74501,Firas McConnell
74502,Okoye Kitahara
74504,Fernandez Ritter
74505,Paswan Martens van Leer
74507,Tanti Aknur
74510,Ruvheneko Dervla
74512,Töpken Gameiro
74515,Dajaku Yu R.
74518,Foronda Arnold
74520,Frieser Cairney
74525,Leblanc Nilson Rafael
74533,Mario D. Choi Young Eun
74535,Hajda Waldock
74536,Frieser Bovo
74543,Huang Yinghao Gabin
74544,Sanne
74545,Grant
74548,Patricio
74551,David López
74554,Carlos Ruiz Rubio
74555,Ababneh
74557,Alida
74559,Marianne
74562,Tahwildaran Neininger
74566,Rubina Martín Corral
74567,Iikka J. Chaverra
74573,Diogo Miguel Vavassori
74574,Liga Berglind
74577,Şant Kazancı
74578,Frenser
74580,Sverrisdóttir Blanchet
74583,Maia Silva
74584,Lisandro
74586,Markey Gihyeok
74589,Hugo Alberto Teleri
74591,Rao W.H.
74594,Mario Ramos
74597,Hult Peixoto Gomes
74599,Kendall
74603,Lisa Reitz
74604,Odelia Naasei
74606,Jia Boyan
74608,Hyeon Gyu
74611,Marney Wójtowicz
74614,Viktória Dimitrios
74615,Arshakuni Darren
74618,Tawfik Bentayeb
74621,Laszlo Castegren
74622,Mario García Dário Essugo
74623,Daphne Bryan Zaragoza
74624,Seok Ho Embaló
74626,Brodrick Dovin
74627,Jassem Ordoñez
74628,Ryoya Gulyás
74629,Silva Melo Villacorta
74634,Reimer Diego Rico
74641,Fernandez-Pardo Huaccha
74643,Hübers Halimi
74644,Amoroso Sacramentinho
74645,Okay Diedhiou
74649,Grosser
74652,Asher Rodrigues Ramlatun
74655,Messias Zhang X.Zh.
74656,J. Chaverra Redondo González
74658,Musah Al Dossary
74659,UEL Draw Kopo
74674,Samad Ciaron
74695,Jae Suk Al Hajri
74697,Liga Salminen
74698,Waqar Wooyeon
74699,Jajalo Szromnik
74701,Abdullayev Al Najeeb
74702,López Álvarez Al Aboud
74704,Muntathir Al Sagour
74705,Alibeyova Jacheol
74712,Szilveszter
74715,Zanimacchia Andradóttir
74716,Jan Salas
74717,Manu González
74724,Dhirar Brik
74726,Balik Thébaux
74729,Airala Marc Niclas
74732,Mark-Anthony Diouf
74733,Sobrino Awad
74734,Kovacevic Gabrielsen
74735,Chinbatyn I.Akhomach
74738,Malinowska Austen
74739,Quintia Queensy
74740,Naschenweng Severo
74741,Lazaro Peteira
74742,Williot Röser
74744,Roni Hudd
74746,Andrés Cuenca
74747,Kaori Okuma
74749,Arseni Simões Eustáquio
74753,Phoenetia Adão Salvadaldo
74754,Eikeland Minissale
74756,Jann-Fiete Calem
74757,Terho Tyrique
74759,Groom
74764,Midtskogen Evers
74765,Ron-Thorben Balaj
74768,Othniël Raterink
74772,Pseftis Hattan
74774,Tibe Prescott
74776,Ryuki Dalmasso
74777,Marcos Vinícius Mause
74779,Hye Kyung Zufiaurre
74781,Etoga Collins
74782,Flagellat Mendoza
74783,Mahamé Thein
74784,El Fakiri Bustillo
74785,Hyeokkyu
74786,M. Martí
74787,David Samuel Borisov
74788,Bockhorni Klaudijs
74789,Dženis Partido Durán
74790,L. Ramazani Gheorghiță
74791,Laupheimer Kravchenko
74792,Lemonnier Pedro Santos
74794,JongWook Svana
74797,Gijselhart Xuhuang
74800,Lisa Berdecio
74803,Rúben Neves Randell
74806,Huiberts Córdova
74810,Marcos Vinícius Agustin S.
74813,Medranda Amukusana
74814,Janicki Mazraoui
74818,Jesús Bueno Youba
74822,Glovatsky Phuc
74824,Ahadme Matheus
74826,Malaitai Gard
74835,Ryuki Lasagna
74836,Karweina Gruev
74838,Rubina Belak
74842,Ahadme Sarkar
74843,Bozinovski Morillo
74846,Andújar Marsengo
74847,Jens Martin Gheorghiță
74853,Sánchez Farres Senait
74854,Ikram Andreas
74855,Fallenius Burdisso
74856,Marta Carro Perlaza
74857,J. da Silva Moreira Girotti
74860,Bozinovski Cornelia
74861,Compagno Kļaviņš
74862,García Alvear Abdellah
74864,Nurdeen Adilèhou
74865,McShane Inesa
74866,André Trindade
74871,Arshavin
74874,Aleksandar Julia
74875,Peigi Andreu
74876,Dajaku Degen
74877,Diogo PP Jae Seok
74878,Veton Kong Min Hyeon
74879,Karamoh Schnitzler
74880,João Vasconcelos
74881,López Kaleniuk Gouras
74883,Elma Miguelito
74884,Santiago Pérez Diedhiou
74885,Mickel Balikwisha
74886,Plea Ortwin
74889,Negut Sagredo
74896,Franjo Ivanović
74903,Marina Martí Heitmann
74904,Takamine Tutierov
74906,Markiewicz Khalil
74910,Shikha Saya
74911,Tonev Adamson
74912,Austerfield Dumić
74913,Vestergaard
74914,Dennisson Ryad
74915,Tahith Birkir
74917,Mehmeti Aleksic
74921,Ron-Thorben Priti
74922,Julen Jon Diego Rico
74923,Adrià Pedrosa Rocha Moreira
74924,Tramontinaldo Uyanda
74926,Durdiyeva Kishor
74930,Hocking Coyne
74931,Maiti D.Torres
74932,Heller Bhan
74938,Famara Gustavo Henrique
74939,Husic
74948,Halimah Al Absi
74949,M. Ochoa Kastanos
74954,Falke Skone
74956,Jens Martin Myles
74959,Wang Jinxian Samú Costa
74960,Isnairo Reis Matton
74962,P. Fernández
74963,Okeke Najdovski
74964,Bassem Al Arini
74965,Dunphy Draško
74966,Florián Chinedu
74969,Procházková Al Dossary
74970,Sande Radošević
74974,Rodríguez Sánchez Haqawi
74975,Wanga Al Harajin
74977,Midtskogen Al Fehaid
74978,Dzhumalieva Gottfrid
74979,Fisk Milazzo
74980,Nascimento Muniz Vlăsceanu
74981,Cheetham Nicholls
74982,Park Jun Beom Antonios
74983,L.Camino Virginio D.
74986,Marrugo Triganza
74989,Kawakami Laurindo Dilson
74992,Shumba Denholm
74995,Donaghy Kizer
74997,Mickel Avishek
75000,Lo'eau Fadda
75002,Ljubijankič Blanco
75008,Anna Álvarez
75009,Alma Velasco
75012,Ndombele
75021,Kambire Ade
75033,Belec Gbele
75040,Rogombé Ngor
75041,Elchin
75044,Hunziker Valerică
75045,Fran Vieites Dean
75047,Diakhaté Monastirlis
75051,Ariath Yevgeniy
75052,Clarence Savio Farkas
75053,Umeh Tsitsi
75055,Jesús Rodríguez Caraballo
75056,Chantôme
75057,Munkhjargal Edgar
75058,Khoury Haruka
75061,Daleho
75062,M. Machuca
75063,El Sawy Soulemayne
75066,Daniela Luque
75068,Guille Fernández
75070,Veglio Madrigal
75071,Jesús Hernández
75073,Etoga Pipo
75074,Rácz Andrea A.
75075,Ryuki Mantilla Pérez
75081,Eldin JunYub
75084,Tambudzai Handl
75085,Trinkaus Aek
75086,Ismeal Juan Francisco
75087,Ayane Hanashiro
75088,Maanum Kacurri
75089,Carlos Eduardo Elsen
75090,Luzie Zähringer
75092,Simha Saini
75093,Kayikci MinJun
75094,Lany Mia Buthelezi
75095,Tene Samuel-Ogunsuyi
75097,Jano Monserrate Duan Liuyu
75101,Marek Driessen
75103,Hugo Bueno Van Dyck
75106,Kearney C.Henrique
75108,Troyansky Burnett
75111,Midtskogen Snorre Strand
75112,Collis Pearson
75117,Scherpen Skrzypczak
75119,Tran Chauhan
75121,Yeom Provedel
75122,Kunwar Ewan
75126,Adrià Kuhn
75128,Blažej Isola
75129,Damany Meitei Laishram
75133,Jani Kumwenda
75134,Lalrinfela Khiangte
75136,Shunin
75137,Danjuro Marfella
75138,Nampalys Fleuriau Chateau
75139,Taha Abdi Smolenaars
75140,Isolde Brais M.
75144,Eva Llamas Akujobi
75145,Lisa Havrylyuk
75148,Abdullatif BaeJong
75149,Rajmund Brignoli
75150,Jodice
75154,Malsawmtluanga Lalsangliana
75155,Murad Muhammadu
75156,Toni Fernández
75162,Jónatas Noro
75163,Emmanuele Klich
75164,Diogo PP S. Adekugbe
75165,M. Cardoso Suso
75170,Cécile Liechti
75175,Oakley-Boothe Goes
75177,Zavaleta Przemyslaw
75178,José Aamet Rouquet
75180,Kentissia Bacoul-Juillard
75181,Renouard Chaine
75184,Hyeongjin Adom-Malaki
75186,Annaëlle Courcoul
75187,Jojić Miquel
75189,Oliveira de Araujo Alvares
75191,Ryuki Samira
75193,Elias Hovdahl Sandrød
75195,Bhutia Konteh
75197,Ander Herrera Tajaouart
75198,Rigó Midtskogen
75203,Moens Al Buainain
75204,Lee Seung Mo Monni
75209,Jitu Lobatón
75211,Marcq
75212,Bonsu Baah Madeira
75214,Marlon Lourival Cantero
75224,Alfaro Azevedo Font Oliveras
75225,Fanalua
75226,Hasip Korkmazyürek
75228,Agus Medina Derrick
75229,Fortuño Viñas Dmitrović
75232,Jair Baca
75233,Estifen Duan Liuyu
75236,Lirim Bohinen
75237,Adrià Victor Bobsin
75238,Ridle Pubill
75239,David Jiménez
75245,Nanasi Jonjić
75249,Adaramola Fikile
75251,Ornella Vignola Serra Álvarez
75252,José Vitor Hatchi
75255,Fabiano Elton De Wilde
75258,Hunziker Campo
75260,O.Diakité Gelardo
75261,Adryan Juliano Sánchez Rodríguez
75263,Palavecino
75264,Dweh Jr Bager
75269,Iker García
75272,Viktória Lankshear
75278,Sharaf Ali Jeong Ji Yong
75279,Munni Sergey
75280,Dajaku Germán Parreño
75285,Escandell Maynard
75291,Civelli Sólbjørn
75293,Natalia Serrano
75294,N. Rossi
75295,Huidrom Tang
75296,Remi Klose
75299,Daniella Jurgen
75302,Samad Aurélio Buta
75305,Müldür
75308,Gabulov Donkor
75309,Etoga Lothar
75311,J. Lucumi Guga Rodrigues
75312,MinJun Congré
75316,Soñora Dobrogeanu
75318,Abduhelil Ohio
75319,Kovacevic Antonio Gomis
75320,Ilunga Fátima Pinto
75329,Tara Saira
75330,Sunbul Fellaini
75332,Luís Gomes
75342,Ahmeti Völler
75343,Jelínek Tamir
75347,Ryuki English
75348,Lisa Comotto
75351,Esdras Mauro Riboas
75355,Nowacka Mweshi
75357,Jhunior Tsuyoshi
75358,Groenen Mauro Riboas
75362,Mailis YoungBin
75365,Kartum Morten Ågnes
75368,Renée Judsel
75369,Manglenthang Castellani
75378,Aitor Crespo
75388,Khanyi Cubero Ezcurra
75389,Abdykadyrova Al Khaldi
75390,Eleanor Sergio Ruiz
75391,Räcke
75392,Lucía Rivas
75393,Chengzhi Junqueiras Duarte
75400,Aldaír Ferreira Ospina
75408,Makhanya
75409,Liuyu Puala P. R.
75410,Johansson Souprayen
75411,Liuyu Yogesh
75412,Rawlings Andrade Lima
75413,Jesús Bueno Bilbao
75420,Combes Imane
75421,Quang-Thieu Mbick
75423,Malkolm Nilsson Louër
75424,Jong Eun Sahiti
75425,Daniela Miñambres
75427,Jihyun Campbell-Slowey
75432,João Gervásio Melati
75435,Yeon Je Woon Mario Gaspar
75437,Kellyman
75439,Isnairo Reis Fernando de Jesus
75440,Macias Dennisson
75443,Tarapu Freese
75448,Alejandra Bernabé Choi Young Joon
75449,Kartum Bapoh
75450,Fei Ernanduo Zeida
75451,Ina Ozzi
75452,Kamarai Furo
75454,Kalyani Priest
75456,Muteb.M Vanegas
75457,Plea Benaets
75459,Jaehun Shahruddin
75461,Vestergaard Adelino André
75462,Kaseem
75472,Barth Hamza
75474,Catena Marugán Doğukan
75476,Maocha Sainz-Maza Serna
75478,Lirim Azybi
75480,Vilaça Teixeira Sonne-Schmidt
75489,Amponsah Hae Seung
75490,El Grafel Pitta Fonseca
75498,Kim Ju Sung Saki
75499,Diogo PP Pabón
75501,Roshan Görlitz
75510,Riyad Vicent
75513,Viktória Karabo
75516,Eggestein Di Lollo
75519,Rao Weihui Czudzińska
75524,Wang Sh.Y. Berthod
75526,Famewo Thalhammer
75527,Mamadou Skarz
75528,J. Godinez Faberski
75529,Alejandría
75532,Benítes Zenjov
75533,Karen Alıcı
75535,Ayesha Sgarbi
75541,Midtskogen Sharad
75545,Sharahili Diogo Travassos
75546,Aguado Férnandez Hernani
75550,Mäenpää Langer
75554,Rubina Nibombe
75558,Tarapu Rico Salguero
75561,Petrenko Gąsiorowski
75565,Pujol Portorreal
75566,Jon García
75567,Monedero
75568,Albarracín
75569,Oxana Salih Uçan
75571,Ermira Nihat
75572,Fortea
75573,Andria Trippier
75577,Jahmai Simpson-Pusey
75583,Rácz Barbi
75586,Chiricheș Cobb
75598,Micky McCormick
75602,Nanni Mandy
75605,Raúl Asencio del Rosario
75611,Kartum Cr. Dumitru
75612,Whatmough G. Milanov
75615,Gele Darío
75618,Alcedo Serrano Yokoyama
75627,Adrià Dominik
75628,Faramihanta
75629,Capi
75632,Devante
75639,Mario García Lenshina
75645,Feil
75647,S. Romero Brennan
75652,Illia Joël
75653,Agüero García Kubo
75654,Alessandro L. V. Quiles
75656,Ragnhild Shahruddin
75658,Alibeyova Lugano
75660,Rubert
75661,Cham Nasser D.
75669,Villacorta Lei W.J.
75670,Szymon Knavs
75671,Reis Gonçalves Lafferty
75672,Dajaku Thorstensen
75678,Fellaini Hanseo
75690,Dion Drena Kim Gyu Hyeong
75695,Ángela Mateos
75697,Mario Cantero
75707,Marcos Vinícius Borrell
75709,Bozinovski Okoronkwo
75710,Morita Palazzo
75712,Annaëlle Stitkovic
75713,Thierry Correia Balat
75715,Nate Nandi
75717,Lee Sang Min Gyu Seong
75718,Lirim Raffin
75719,Kujundžić Hafid
75721,Héctor Fort Zac
75725,Cash Stokkers
75726,Seigers Gaizka
75728,El Sheiwi Vinod
75729,Tong Hyon Drost
75734,Aladji Balikwisha
75736,Awate Strnad
75738,Kolar Kitahara
75739,Alfaro Azevedo Meron
75740,Emegha Wahlqvist
75741,Marcinkowski Park Hyung Woo
75745,Feldkamp González Sotos
75746,Álvaro Cortés
75747,Diego Aguado
75748,Alara Derviskadic
75751,Gil Dias
75754,Odion Pauline
75759,Abduweli Al Jahni
75761,Waghmare Aceves Catalina
75766,Belec Middlemas
75767,Belec Broggio
75768,Richard C. Maryna
75770,Caio Nunson Olusesi
75772,Tanti Dyer
75774,Makan Winkle Epolo
75776,Dante Oğuzhan Efe
75777,Marshall-Rutty Doo
75780,Geremías Matz
75782,Egli Bryson
75784,Danley Samuel Loureiro
75786,Deeb Zimmer
75787,Peña Ocaña Tibidi
75790,Pérez Muñoz Naruseb
75791,Terence Bursich
75793,Dadge Farrell
75794,Ulbrich Tahia
75795,Jang Min Jun Junior R.
75799,Jano Monserrate Tsang
75802,Desábato Aron Elís
75806,Ji Eun F. Lara
75807,Nadja Silva Morais
75809,J. Hernández Zigiotti
75810,Amon Zhongguo
75811,Amane Christa
75816,Owusu-Abeyie Rafaela
75819,Issei Baah
75825,Chinta Xie W.N.
75831,Liga
75838,Daniella Zabarnyi
75839,Belec Winterburn
75842,Esmé Mayers
75849,E.Mutallep Fabre
75853,Arboleda Warmed
75856,Themsen Thiel
75866,Marshall-Rutty Blanco Veiga
75867,Rami Horan
75874,Valle Gómez Reeves
75884,Kareem Kamani
75894,Nalani Turaeva
75895,Diakhaté Kirwan
75896,Johanne Raúl De Tomás
75899,Dércio Thérèse
75902,Ahmeti Tırpancı
75904,Egemen Ayan
75910,Kayra Choo
75916,Ariss Dinescu
75917,Daniel Yáñez
75919,Pintado Maxi. G
75923,Gijselhart Strnadová
75924,Jonathan Germán Stawiecki
75925,Ervin
75926,El Hadj Kim Keun Bae
75930,Amra Al Hamadi
75931,Juan Díaz
75933,Maksimov Pang
75935,Sans López
75936,Malcom Filipe
75943,Daniella Valdísdóttir
75944,Iker Aldai Norburn
75945,Steeven Assengue
75946,Preece Edan
75949,Didier Ajiboye
75952,Febas Blokzijl
75959,Jaiteh Xhepa
75962,Jackie HanJin
75964,Meshkov Shoola
75965,Jiegei Maes
75968,Gyeongmin Lunddal
75976,Marcos Nabal Pergreffi
75978,Adrià Brea
75984,Zimarino Christian
75994,J. Godinez Laurits Raun
75999,Kolomyets Bochniarz
76006,Adaramola Markaj
76010,Deivid Washington Dax
76011,Prevljak Heimeroth
76012,Uxío Knežević
76014,Kapustka Mauro Riboas
76016,Bence Anello
76020,Dajaku De Sousa
76025,Sólbjørn Calla
76027,Santi Cazorla Paola U.J.
76031,Nartey Sophea
76033,Nderim Park Dae Won
76034,Berenguer Remiro Nahitan
76035,Pálinkás Le Guen
76042,Víctor Muñoz Villanueva
76043,Álvaro Miguel G.Ramos
76051,Mac
76053,Haruka Carme
76055,Xenia Barrios
76058,Reis Gonçalves Aidoo
76061,Rajiya Matheus Índio
76062,Owusu-Abeyie Harry
76064,Eugen Demirbağ
76065,Selene Prüfrock
76066,Iñigo Piña Elina
76070,Lirim R. D. T.
76072,Ings Goran
76085,Diers
76086,Henrique Arreiol
76087,Meshaal Zhang Tao
76094,Szymon Harrity
76097,Eldin Tiago Orobó
76098,Daniella Miramar Rocha
76102,Nanasi Ulariaga
76106,Daniella Xu
76107,Effiong Ben Lhassine
76108,Mickel Ruíz Rodríguez
76111,Ould-Chikh Zhanna
76116,Aarøen Boudiaf
76117,Lo'eau Brick
76119,Boatwright Malachi
76121,Efe-Kaan Plicco
76122,Lluís McGoldrick
76123,Eduardo Felicíssimo
76125,Claudia Djaoui
76132,Mickel Azkona Fuente
76133,Daniella Miguel Rubio
76134,Samanta Rosa Cadete
76135,Rashmi Boudaoui
76137,Leblanc Rashica
76138,Belec Kaye
76143,Nélson Monte Çakıroğlu
76145,Mamat Ruidías
76148,Andonov Benoît
76150,Otayf Mkhize
76151,Andrew Dăncuș
76153,Siren Diao
76154,Wieder
76160,Jorge Félix
76161,Hong Jae Seok
76167,Chinta Bracco
76171,Jesus Andradaldo Hagan
76172,Liga Tsunemoto
76178,Alessandro L. Mehri
76194,Mangal Kirilov
76195,Lekoelea Solvoll Laupstad
76196,Popovych Baluta
76199,El-Faouzi Zan
76200,Geoffroy Ghimfuș
76201,Eikeland Pacheco Dozagarat
76202,Zimarino Landenberger
76203,Nunes Jesus Bostock
76204,Szilárd Sørbo
76213,Luković Hennig
76214,Kadile Laros
76216,Rúnarsson Salem
76217,Bridge Corcoran
76218,Pobega Masse
76220,McCrystal José Andrés
76223,Okoye Odey
76225,García Lugea Thiago Andrade
76226,Marrugo Jerry
76227,Narváez López Fulhu
76228,Abdukodir Català
76232,Al Hajji Holzman
76235,Kemen
76236,Lalo Aguilar
76240,Dewar
76241,Micovschi Gjin
76242,Senderos
76244,Dikeledi Motta
76245,Freitosa Ruiz Cancio
76246,Gurtner Hugo Alberto
76247,Kebbal Josué
76250,Marrugo Almazova
76254,Raţ Rees-Dottin
76255,Jamaldeen Jimoh-Aloba
76257,Gunner Einar Galilea
76260,Lo'eau Hazelton
76261,Lisa Barcelos Damacena
76263,Rochat Damasto Orsi
76282,Wilfried Duncliffe
76283,Elbouzedi Gaines-Ramos
76286,Cielemęcki
76289,Dehler Datta
76291,Ci Lemaître
76292,Rubén Alves Caoimhin
76294,Guga Zhang Jifan
76295,Owusu-Abeyie Pöpperl
76298,Lagae
76299,Taimi Tesuri
76301,Gijselhart Ferrand
76306,Ashby Hamjatou
76308,Kaklamanakis Boe
76312,Eirik Josefine
76313,Paciência
76314,Matheus Serafim
76315,Sinkala Kenny
76319,Abo Rasain Breese
76323,Christos Frøkjær
76324,Map Liangming
76325,Kalajdžić Salomoni
76326,Lilly Reale
76329,Kauã Zanson Haim
76331,Bland Yurchenko
76332,Luo X. D. Cataño
76333,El-Boghdadly Marchán
76334,Paula Tomás Tavares Mendes
76335,Belec Hawighorst
76337,Latifa Kevin Martin
76339,Marcos Vinícius Carvalho Melo
76375,Elbouzedi Paniagua
76376,Claudia Florentino Daw
76377,Sulejmani Hobie
76379,J. Morel
76380,Keipidile
76383,Tamara Bolt
76386,Herrando Oroz
76387,Bachirou
76389,Chiamulera Vaz
76391,Jønsson
76393,Lali
76394,Laksmi
76395,Gúzman
76396,Andreea Natali
76401,Ademar Rasmus
76402,Desábato Parfait
76403,Ljubicic Omsberg
76407,Dajaku Rangi
76408,Fredrik K. Telib
76409,Breen Durdy
76410,Raskin Tronchin
76411,Humaira Gouras
76412,Eemil Tandie
76413,Jun Beom Seojin
76415,Devenish
76416,Christian Kofane
76417,Rubensson
76418,Gael Joel
76419,Cham Lopes Cruz
76420,Germán García
76425,Thierry Correia Al Eissa
76426,Kambire Radmila
76427,Dani Espejord
76429,Lloris Nicolás Topalovič
76431,Alessandro L. Reinhardsen
76433,Ridgewell Godfrey
76434,Marta López
76437,Riyad Callan
76441,Angel Troncho Naranbaatar
76443,Farnias Almeida Mimbacas
76444,Heine Gikling Montilla Martínez
76445,Eskihellaç Allou
76449,Helal Samuel Granada
76454,Viktória R. Otermín
76461,McGovern Zhirkov
76469,Manon Roberts
76470,Eldin Norberg
76472,Sólbjørn Thijmen
76473,Nalani Dobben
76477,Brdar Ami
76478,Capezzi Kvernadze
76480,Johanne Ugrinic
76483,Brayann Burek
76484,Jiménez López Morrow
76485,Xhoi Chang Geun
76486,Tanush Rexhepi
76488,Marta Carro Amelchenko
76490,Gamboa
76494,Hladký
76498,Mahesh
76499,Wanderson
76501,Pablo López
76503,Yarbrough
76506,Wily
76507,Mangal Sherif
76509,Dermane Kadıoğlu
76516,Madibo Hamlin
76517,Eikeland Halen
76518,Terence Armando de Abreu
76519,Lindelöf Arnór
76520,Elba El-Kathemi
76521,Odion Cora
76522,Sergi Palencia O'Donkor
76524,J. Godinez Liu Ruofan
76525,Jin Hong G. Ochoa
76534,Henrick Do Marcolino
76540,Gaxha Dasilva
76546,Santi Borikó
76553,Deeb Holíček
76567,Moyá
76568,Kanako Traoré Diarra
76569,Wuytens Silcott-Duberry
76570,Kangwa Gjergi
76571,Dael Ajago
76575,Ephraim Vilches
76576,Elliana Mangal
76577,Otayf Büttiker
76579,Dacko Rafaela
76580,Affane Olabarrieta
76593,Wilshere
76594,Källström Faghir
76595,PlaceHolder 87
76596,Rubina Alves Borges
76597,Yake
76599,Le Sommer.D
76602,Ambrósini Mau
76603,Mayat Do Marcolino
76613,Vázquez Díaz Li Tixiang
76616,Marian Huja Delgermaa
76618,Julio G.
76624,Uriel
76635,Huseyn Siegmund
76638,Eaint Saah
76639,Källström Poli
76643,Marina Martí Tīruma
76644,Kochergin Hottiger
76645,Rumbidzai Bockhorn
76646,Donna
76647,Setia Jesús
76648,Mario D. Cardinali
76649,Romaric Andradóttir
76651,Mihov Jeong Seung Bae
76653,Alim Elias Thiago
76656,M. Monzeglio Jeong Seung Bae
76657,Pérez Muñoz Fikizolo
76660,Effiong Paulo
76663,Rashmi Vanheusden
76664,Capezzi Locko
76666,Maris Adrianna
76667,Lluís Bentayg
76670,Queally Adopo
76676,Nartey Spahiu
76682,Alex Musayev
76683,Ryuki Postel
76687,Estêvão
76689,Schneider Kletos
76690,László Gmür
76691,Adu-Adjei Brenão Duarte
76693,Cabral Hammell
76699,Lato Milanovic
76705,El Fakiri Tayyip
76706,Ina N'Dongala
76712,Jeno Westley
76714,Xaysana Moreira Silva
76717,Tanush Borrego Isabel
76718,Mariano Farminhão Dias
76720,Kartum J.Pascual
76721,Jankauskienė Agajanian
76729,Okoye Panneflek
76730,Josué Limberth Boubacar
76732,Mahamé Farrell
76739,Olivi
76740,Zambrano
76741,Midtskogen Arrechea
76743,Alexandre
76744,Gracie
76746,Hirakawa Parreño Boix
76747,Encinas Guipari
76748,Varela
76749,Wang Gang
76751,Marlon Lourival Tsuyoshi
76756,Sulaimanova Abed
76758,Münst Gertmonas
76759,Iikka Contin
76760,Oumar Wootton
76763,Alexis Marcos Nabal
76766,McDowell Jepsen
76768,Ángel Pérez
76771,Mohammed Al Sibyani
76777,Taimi Paswan
76780,Kassim Hamza
76781,Mbassey Rodríguez Sánchez
76782,Adeola Al Menhali
76784,Felipe Cristian Carracedo
76786,Alka Márquez
76788,Lauge Zajmi
76791,Lisa Adami
76794,Taimi Nabizada
76799,Tanti Heeps
76801,El-Hadary Koning
76802,Mechele Peltier
76803,El Mourabet
76805,Robby Yabiku
76806,Gayane G. Ochoa
76809,Flagellat Tano
76816,Koulis
76821,Calico Raffael
76828,Genderson Arévalo Mera
76834,Weghorst
76837,Bacher
76838,Grayson Dettoni
76839,Garics Barbosa da Paixão
76843,Gerald Alders
76844,Jae Moon Toral Harper
76845,J. Alfaro Ulrich
76848,Prazeres Ferreira Chris
76851,J. Mosquera
76857,M. Carvalho Lodeiro
76858,Mario D. Yorgos
76859,Effiong Barnawi
76860,Fei Ernanduo Salinas Morán
76861,Erencan Raggio
76863,Kael Cui Lin
76864,Adaramola Zhong Jinbao
76865,Mariano Stitkovic
76868,Moroz Iker Álvarez
76869,Ejeheri Juan Iglesias
76870,Jona Paulo Daniel
76871,Zackarias Natacha
76872,Dajaku Beltran
76873,Andrej Quiñonez
76874,Liu Yang Arttu
76875,Cham P. Ortiz
76878,Garaýewa Kullberg
76879,Mariano Sellés López
76880,Robinet Zhang H.Ch.
76881,Vilaça Teixeira Nieroth Lundgren
76882,Desábato Andrés Ochoa
76883,Ahadme Claude Gonçalves
76884,Alexandria Granko
76886,Bato
76887,Shaparenko Cokaj
76888,Nampalys Pablo Ibáñez
76889,Rúnarsson Velthuis
76892,Wlazło
76901,Barraza Zicai
76903,Gil Calero Liu D.Z.
76904,Magnino Sergi Enrich
76905,Alejo Odette
76908,Harris Sornoza
76910,Jo Inge
76911,Jin Hong Cassia Luís Essugo
76915,Liuyu Escorcia
76917,Ahadme Ausra
76918,Rozman Dorin
76921,Ben Kubiak
76922,Harrison Bech
76923,Lirim Emelvin William
76924,Lloris Nicolás Zhao Shi
76929,Ihan
76933,Ricardo Luís C.Tárrega
76934,Eike Rangsei
76936,Alibeyova Abdulrauof
76941,Coufal Almas
76943,Abdülkerim Al Rouqi
76944,Quang-Thieu Bottani
76945,Mammadli
76946,Tincho
76947,Jinming
76955,Relja Obrić
76960,Paula Redruello
76962,Okoye Jepsen
76964,Yonatan José Menor
76966,Kim Jun Bum Shorrock
76967,McEachran Frederik
76968,Emmanuele Gonçalves Miranda
76969,Viktória Desny
76971,Latifa Luperto
76973,Politidis Gersbach
76976,Mahop Ge ZH.
76979,Jens Martin Ahan
76980,Mehlem N'Daw
76981,Martinez M. Balitsch
76986,Jeno Khatuna
76990,Aurèle Liu Yue
76991,Tanush Murray
76992,Padhan
76995,Hunziker Abubakar
76997,Ryuki Lou
76998,Jianyan Rizzo
76999,Jong Mu Marques Borges
77005,Eugen Meza
77006,Malaitai Bowden
77008,Marcos Vinícius Puja
77010,Frendrup Nitaya
77014,Lafleur Lauri
77016,Elma Staes
77021,Markiewicz Funke
77024,Johanne Rattalino
77025,Boyuan Rosenboom
77026,Tonali Emrah
77029,Rajesh
77033,William Gomes C. Santos
77035,Subodh Jepsen
77037,Géza Dávid Thiele
77043,Hajda Melero Manzanares
77044,Caire Vecko
77045,Horan Giovinco
77046,Delphis Mario Gaspar
77047,Jeno Bertolucci Paixão
77050,Maïwen Kądzior
77051,Nanasi Rafael Avelino
77053,Sólbjørn Villafañe Serrada
77056,Nandín Zhang Yan
77059,Mwene Brynjarsdóttir
77070,England
77074,Haruka Sezonienko
77075,Illarra Caldeira
77076,Karabo Okpaleke
77077,Notel Rūta
77079,Mikkel Bro Habib
77080,Odion Zentner
77081,Rashmi Drechsler
77083,Dajaku D'Amico
77084,Florián Fernández Blanco
77086,Hájková Konsta
77087,Biel
77089,Akouayn Peter Buch
77090,Medley Turrientes Imaz
77091,Okoye Gnabry
77092,Okay Sib
77093,Képler Laveran Derrick
77095,Phuong Chen Xiangyu
77096,Dajaku Nunoo
77098,Elder Ghilardi
77102,McLellan
77103,Ogawa Maciel
77105,André Anderson Buades
77106,Waleya
77107,McGeouch
77113,Lisa Rao
77114,Beruatto Laranjeiro Sá
77115,Oriol Busquets Cahyadi
77117,Münst Vadim
77120,Bataillard Taofeek
77122,Ji Sung Canti
77124,Belec Parisis
77126,Vimbai Medley
77127,McGuigan Sainabou
77128,McEleney Cleiton Augusto
77129,Adnan Vidual Daulenova
77130,M.Sylla Mihai
77131,Dajaku Bang-Kittilsen
77133,Elma Nadje
77134,Johanne Carstens
77136,Johao M. Funnell
77141,Jeong Chi In Belak
77144,Johanne C. J. Sánchez
77146,Marta Salvador Carvalho Souza
77147,Elma Ján
77148,Alejandra Bernabé Pirola
77149,Tjitunga Martínez Berridi
77151,Ahadme Yu Rui
77152,Salvatore Sinh
77153,Liuyu Accola
77158,Mrozek Bingwor
77159,Meiko Röder
77161,Eldin McEleney
77162,Ha Jeong Woo Baylee
77163,Ina Shahzat
77165,Alette Cartwright
77166,Kim Jin Kyu Christen
77169,Sanad van Duijn
77170,Saunders Callan
77172,Strickland Serdar
77174,Amporn Sudhakar
77175,Hajda Corr
77176,Hartl Ntamack
77178,Kambwala Queralt
77179,Odoffin Finley
77186,Korede Osundina
77187,Dickerson
77188,Joackim
77189,Nsungusi Dêniro Rubens
77190,Bacha
77192,Keeley
77193,Jóhannsson
77195,Chibambo
77197,Kelechi
77198,Jhoanner
77201,Zauner Raiee
77202,Kelly-Heald
77203,Catena Marugán Engel
77204,Solank
77205,Osei
77206,Lambrechts
77215,Herrera
77218,Rober
77219,Chipego Bukola
77226,Belyaeva Paryzek
77227,Choi Jin Woong
77239,Lee Sang Myung
77243,Dagerstål Zabala
77246,Prodan Elis
77248,Kim Jun Yeong
77249,Schönfelder Nouck
77252,Honggyu
77254,Jaylan
77255,Sandström
77261,Ryuki Ari
77271,Liu Haofan Topp
77292,Rose Lebouath
77295,Iikka Hanad
77296,Jiménez Delgado Zhang X.W.
77297,Silbeiro Martins Dagmál
77298,Lirim Millenic
77300,David Moberg Isola
77309,Iikka Howard
77311,Hajda Heghineh
77313,Brodrick C.Tárrega
77325,Latifa Iñigo Martínez
77335,Alex Negrel
77336,Ngoc
77337,Kasumu
77338,Ekra Fedorenko
77344,Wuren Sumayhan
77346,Rafita
77347,Johnston Ibra Camará
77349,Rukhsana
77350,Monserrate Pueyo Ikemoto
77351,Laszlo Bullock
77352,Diachenko McComas
77353,Yelisey Rosella
77354,Chemsdine Nirina
77355,Fairchild Dafonte
77356,Marcos Vinícius Rangsei
77357,Desábato Odoom
77359,Eugen Moonga
77360,Flagellat Soner
77362,Wang Jinxian Rafii
77364,Soriba Derlis
77365,Tambudzai van den Elshout
77367,Capemba Blás
77372,Hunziker Ovando
77375,Gagik Artean
77376,Barraza Martinich M.
77381,Andrievskyi Krastev
77384,Salahudheen Koyambravan
77386,Subham Bessilé
77387,Al-Saed Abdullah
77388,Kadidiatou Tayyip
77389,Mbaye Al Najrani
77391,Andrieu Nurbek
77392,Haithem Doucet
77393,Marić Jamie-Lee
77394,Isolde Aminah
77395,Rui Patrício Qiu
77400,Piovi Crane
77403,Soñora Kim Keun Bae
77405,Nu Armando de Abreu
77410,Okoye Kurnia
77413,Famara Matlou
77414,Taimi Arnarson
77415,Rivera Narey
77418,Brodrick Ara
77420,Fallenius Otar
77421,Jaehun Parisis
77423,Ayoze Liang Sh.W.
77430,Mario García Kayla
77433,Mehmeti Martín Prieto
77434,Aalto Muroya
77435,Hajda Nader
77436,Mario García Monnier
77439,Erlend Dahl Velikova
77444,Lider Yanarico
77449,El Melali Otýlie
77450,Jager Aron Elís
77455,Adri Mathurin
77456,Aidan Hezarkhani
77457,Alex Haitham
77459,Ankersen Romário Manuel
77462,Ascel Essengue
77463,Chiricheș Appiah
77464,Claudinho Vair Grindhaug
77466,David Samuel Bogle
77467,Desábato G. Konan
77470,Djaoui Orujova
77471,Draw Character 3 Borg
77472,Edwyn Mauro Riboas
77473,Kim Jung Hoon
77474,Eggestein Vladimirescu
77483,Flaviu Viacheslav
77484,Gio Villa
77485,Guðjónsson Kabadayi
77486,Hafsa Melati
77488,Huang Yinghao J. Chaverra
77489,Isolde Arroyave
77490,Isolde Barotova
77491,Jaehun He Xiaoke
77492,Jomo Sveinsson
77494,Latorre Grueso
77495,Magrão Dongsheng
77496,Marrugo Ferraz
77497,Marrugo Kerkvliet
77499,Moreno Balagueró Jizheng
77501,Nalani Hercher
77502,Nanasi Raúl De Tomás
77503,Nuryagdy Mana
77505,Okoye Andrade Lima
77506,Tymoshenko Ozhianvuna
77509,Nderim Niha
77510,Alain Xiomara
77511,R. Mora Rashica
77516,Strand Rosborough
77517,Zimarino Cherni
77520,Jonaldo Kauã Lorentzen
77521,Margaux
77522,Emrecan Fogliata
77523,Al.Ghannam Taho
77524,Michaël Christa
77526,Marek Kim Min Woo
77527,Alexandar
77528,Loaiza
77532,Pedro Fidel
77534,Gourcuff
77536,Stephens Al Shahrani
77539,Elma Milde
77540,Shumaira Mheuka
77541,Hugo Alberto Järvinen
77544,Claudia Florentino Mas
77545,Mamadi Camará Vanegas
77547,Lucas Anjos
77548,Kalajdžić Niklas
77553,Marić Luiz Santiago
77555,Ulises Bernabé de Santiago
77556,Vlachodimos McClean
77557,Mario García Colombo
77558,Abduklim Caldeira
77559,Hyun Ho Falcón
77560,Bayındır Laurenz
77562,Paola Ulloa Loza
77572,Božović Jeeza
77573,LeFlore
77574,Vasco Rafael
77575,Ha Dong Seon Vido
77576,Ernest Hwang Jae Yun
77578,Eugen Guch
77579,Adewoye Elisaveta
77585,Dajaku Bragg
77589,Farnias Almeida Desiree
77592,Vieira Pereira Nestory
77593,Mateus Mané
77597,Ahmedhodžić Ju Hwan
77598,Salvatore Kanabah
77599,Facinet Facundo Agustín
77604,Jari Tsige
77605,Sindermann Adamo Gaspar
77606,Algobia Esteves Borges Rodrigues
77609,Aleksander D. Gorgelin
77610,Upamecano W. Saucedo
77615,Mario D. Cocchi
77620,El Ouarti Gallegos
77624,Noel Aseko Blas
77625,Obert Adaeze
77626,Freuler Daniella
77629,Mohafidh Ahl Holmström
77633,Quanbo Fertoli
77636,Kadıoğlu Corbett
77637,Yan J.L.
77638,Rashmi Mirisola
77640,Desábato Duan Liuyu
77641,Elene Gurtubay
77643,Coco Bassey Oubiña Bardhi
77644,Woltman Ron
77651,Novoa Ramos L. Reinoso
77652,Phiri Jorman
77656,Andrade Lima Aydana
77660,Huang Yinghao Shahruddin
77663,Ji Eon Hak García Torres
77664,Säfqvist Kraaijeveld
77669,Rami Tafari
77671,Jung In Kiontke
77673,Fruk
77677,Carla Castiñeyras
77681,Anasi-Erlingsson
77682,Trubin
77683,Aitana
77684,Oulai
77685,Alba López
77686,Mireya Zafra
77687,Malafeev Duarte da Silva
77690,Laia López
77691,Enoh Cywińska
77692,Diogo Fernandes
77699,Daniella Kim Yeon Soo
77703,Roger Hinojo
77707,Vignola Ndollo Bille
77712,Maneerat Taalle
77717,Amadou Matar Coundoul
77718,Julia Bartel J.Bianchi
77724,Desábato Perlaza
77726,Sánchez Farres Ge
77727,Gentile Cools
77729,Florián Eldor
77730,Aftab
77733,José Silva
77734,Batshuayi Marvan
77738,Calem Ashia
77742,Bozinovski Petiteau
77743,Okoye Dulce
77744,García Alvear Ermin
77746,Szymon Carlos Álvarez
77747,Marrugo Tibor
77749,Nossar Visted
77752,Dan Peter Kaboul
77754,Bianneider Canny
77759,Arseni Shaik
77760,Kalou
77761,Awate Brunes
77762,Huikang Mings
77763,Manzorro Hämäläinen
77764,Terho Yeo
77766,Saira Paryzek
77775,Ryuki Pablo Maffeo
77776,Desábato Trevitt
77786,Leahy
77787,Iván Zamorano
77789,Haruka Brignola
77791,Salvatore Neave
77792,Rayamajhi Cuiza
77793,Jonson Mair
77794,Bjarnason Emrehan
77795,Ryuki Nito Wagner
77796,Jesús Bueno Puala P. R.
77798,El Arouch Z.Alsahafi
77799,Luo X. Piccinini
77803,Arguigue Safsafi Muati Modesto
77806,Vu-Pham
77807,Vata
77808,D. Diarra
77809,Vaso
77810,Leal Siqueira
77811,Anagnostopoulos
77812,Vázquez Iglesias
77814,Lisa Jaona
77818,Dajaku Saira
77820,Wagner Pinote
77822,BitGaram Gemma
77825,Magalhaes Redeem
77826,Sinamoi Wu L.
77829,Gómez Fernández M. Rojas
77830,Joi Nuredini
77832,Feldkamp Canning
77836,Wanyika Sadegh
77838,Rashmi Leng
77839,Soham Varshneya
77840,Ema
77841,Portugal Lima Machado Chagas
77851,Víctor Valdepeñas
77859,Zakirova Nito Carbelho
77862,Fisk Scarpeccio
77863,Sutcliffe Reang
77865,Cabral Bardini H.Diallo
77866,Luoa Andrade Lima
77872,Arshakuni Oskar
77875,Milai Perott
77876,Grace Priosti
77879,Naly Castel
77880,Hasan Yakub İlçin
77882,Effiong Egouli
77883,Alla
77885,Lalhrezuala
77888,Jaminton
77895,Nicklas Haithem
77896,Ji Eun Francesco Pio
77897,Kema
77902,Leach Holm
77903,Vágner Joshua
77904,Vati
77905,Stoppelkamp
77906,Leclerc
77907,Argney Sekagya
77908,Jönsson
77909,Langhoff
77910,Yan Zhiyu
77912,Vente
77914,Yakup Arda
77915,Yang X.Y.
77916,Walters
77917,Varias
77918,Yahnaa
77919,Páez Gavira
77920,Matias DLS
77921,Scarr
77922,Kolo
77924,Leandro Freddy
77925,Leonid
77926,Lebedev
77927,Varešanović
77930,Han P.F.
77931,Yahli
77932,Han Kook Young
77934,Velasco Boufal
77936,Schad
77938,Yakovenko
77939,Javi
77940,Yakovleva
77941,Yi
77944,Richarlison
77945,Hitoshi
77946,Lindiwe Werleman
77947,Quintia Mahoney
77948,Feld Seung Gu
77949,Alvheim Hardie
77951,Rubén Iranzo Juan G.
77956,Johannesen Mirari
77964,Avdic Ciorbu
77965,Timoteo Cephas
77967,Huang Yinghao Paulo Moreira
77968,Leblanc Luisinho Lúcio
77969,Ceccarelli Rivera Alonso
77970,J.Bianchi Melati
77972,Alexia Férnandez M. Angulo
77974,Johanne Trus
77975,Fisk Tomás
77977,Floriangel Neal
77978,El Ouarti Reema
77985,Rosina Maxence
77986,Quinteros
77988,M. Aguado
78000,Coruche Mendes Tjiriange
78001,Carabalí Sarabia
78009,McEachran Nangolo
78012,Yan Diomande
78014,Dahoud
78015,Ryuki Daler
78025,Yusuf Can Kaasa
78027,Boran Başkan
78028,Zala
78029,Daniella Imbert
78030,Hassan.J O'Grady
78032,Mangani Longo
78037,Johanne Raúl De Tomás
78040,Kartum Kokayi
78042,Tymoshenko Sonnleitner
78044,Diogo PP Chiesa
78047,García Alvear Minki
78049,Ache Kenti
78050,Daniella Younoussa
78051,Rui Patrício Rocha Araújo
78055,Alemayehu Nuñez
78056,Bellia Berhalter
78057,Iñigo Piña Sophia
78058,Hartel Seuntjens
78059,Ephraim Brites Martins
78060,Javi Sánchez Gower
78063,Lennart Karl
78065,Nas Meulens
78066,Nunes Cardoso Natalia
78070,Rigler Marija
78071,Nicolau
78072,Nurzhan
78073,Ji Eun Battaglia
78074,Jézéquel Rajakumar
78076,Eugen Ruhana
78078,Geon Hee Campana
78081,Hunziker Parisian
78085,Markiewicz Niflore
78086,Jimenez Berke
78087,Esma Němeček
78088,Ogungbo
78089,Lluís Sai
78090,Talaslahti Nihouarn
78095,Emmerson Son Jun Ho
78099,Tonali Sobottka
78100,Eikrem Vaughan
78101,Twigt Engelman
78102,Andújar Raúl De Tomás
78103,Elżbieta Tomás Händel
78105,Lisa Turgunbaeva
78113,Triston Ricardinho
78115,Lo'eau Burkart
78121,Samanta Mauro Riboas
78122,Hajda Thinzar
78123,García Alvear Peçi
78126,Tanti Neiva Afonso
78130,J. Trindade Bergougnoux
78131,Léonard B.Innocent
78133,Déiber Dilani
78136,Mario D. Sadykova
78138,Kaio César Bolumbu
78144,Pauleta Avena
78145,Alejandra Bernabé Gibb
78149,Errol Mundle-Smith
78150,Telma Akomeah
78152,J. Aniket Al Rashidi
78154,Abdykadyrova Al Hurayji
78158,Hugo Alberto Corbett
78159,Eberwein
78160,Radhika
78163,Durdynabat Gadzhev
78164,Wang Sh.Y. Garriel Múñoz
78169,Ahadme Evelin
78171,El Shamy Chiavassa
78172,Julian Faye
78174,Aymen Havard
78175,Zamble Fedorco
78176,Chimusasa Maniatis
78183,Izzy Ermin
78184,Jae Yong Rasmijn
78185,Jaritz Raducanu
78188,Samanta Aramu
78190,Oda Al Shereaf
78193,Pramila
78194,Güray Vural
78198,Rayamajhi Guga Rodrigues
78199,Jin Kyu Remko
78202,Chiricheș Cris Laranjeiros
78203,Gale Thijmen
78204,Karademir Nanor
78205,Marrugo Monnier
78206,Aidan Jabrane
78207,Groenen Candelo
78208,Durdiyeva Davis III
78209,Sal Olivas
78210,Firas Mikkelsen
78211,Isnairo Reis Kortkamp
78215,Sunzu. S Sessa
78216,Noham Jurgen
78217,S.Velásquez Tapan
78227,Hajda Hinano
78229,Nothnagel Alvis
78230,Daniella Abraam
78231,Remi Magnetti
78233,Carraro Ibacache
78235,Iikka Elisabeth
78242,J. Chaverra Chuangyi
78245,Ahmedhodžić Roly
78246,Koeman Gyula
78258,Hajda Godwin-Malife
78259,Dietsch Dalglish
78261,McTominay Cubas
78263,Alette C. Lucena
78265,Nunes Cardoso Lei
78267,Catic Iago Maidana
78273,J. Timber González Bayón
78279,Aiara Agirrezabala
78282,Majekodunmi
78285,J. Godinez E. Patta
78288,Liu J.X. Dru
78289,Draw Character 3 Jesús López
78295,Prosper Park Jun Beom
78302,Bolu Shofowoke
78303,Liu B. Mauro Júnior
78304,Einarsdóttir Basanta
78311,Fisk Maimun
78312,Rayner
78313,Jesús Barea
78314,Tori Marilena
78315,Mariana Cerro Targett
78316,Ephraim Matias Fortuna
78317,Davor Formosandrinho
78318,Mahop Grozdan
78324,Ji Sung Yordan
78339,Digbeu Kurtović
78340,Marsden M. Leonardo
78342,Ji Hu Lemaire
78343,Rubina Gould
78346,Okoye Maës
78347,Mickel Granier
78348,Nelson Arturo Gemma Gili
78349,Jens Martin Imoh
78354,Matys Duan Liuyu
78355,Noémi Emrehan
78357,Clara Serrajordi
78366,Huang R.F.
78367,Oso
78368,Dani Bernabéu
78374,Daphne Penny
78377,Lanroy Machine
78379,Hélder José Azer
78386,L. Ramazani Milanovic
78389,Ariadna Doménech
78391,Stojilković Nicksoen
78393,Samad Delemović
78394,Eamonn McCarron
78399,Isnairo Reis Nadia
78400,Hugo Alberto Fullah
78401,Flaviu Paterson
78402,Barton Shahruddin
78404,Djaoui Basset
78407,Adela Nuria R.
78409,Reem Mark
78414,Lakra Mário Jorge
78415,Caio Nunson Silvetti
78418,Benavídez Nicoll
78419,Wang Sh.Y. Canale
78421,Vignola Cabot Owusu Frimpong
78423,Janelt Elvis
78424,Tamsin Ndapandula
78426,Jiegei Oğuzhan Efe
78435,Wang Sh.Y. Nzola
78436,Kaouch Flø
78440,Wang Shenchao Hovland
78441,Fabrício Garcia Myroshnychenko
78445,Tonali Lorenz
78446,Diego González Cyriel
78448,Richárd R.Yalçın
78452,Dikeni Custom Player 40052
78453,Afroza
78457,Hugo Alberto Denham
78458,Rami Sólbjørn
78462,Musonda Poulsen
78469,Diakhaté Junqua
78474,Ayinde Amar Ahmed
78482,Mazzitelli Guidetti
78522,El Ouarti Yeshimebet
78523,Lloris Nicolás Tessa
78524,Lisa Y. Chermiti
78525,Nalani Dinghao
78528,Daphne Giacinti
78535,Justine J. Alman
78537,Maël Aydan
78538,Takeuchi Kos
78540,Chalida Hawa
78541,Elżbieta Pernilla
78543,Elene Lete Elvedi
78547,Hysenbelliu Jourdren
78549,Plea Ndjantou
78550,Rego
78554,Adrià Chilvers
78558,Frendrup Ilie
78559,Nderim Moayed
78560,Diogo PP Bienz
78564,Vinicius Cardenha J. Alonso
78569,Cuenca Barreno Marteiro Santoso
78571,Nu Kapsimalis
78573,Huseyn Givet
78577,Mussa Juan
78578,Hysenbelliu D'Agostino
78579,Muteb.M Stepień
78584,Ilqar Gouffran
78589,Johnen Rendon
78596,Kaldırım Obermeier
78599,Huiberts Hanson
78601,Cattaneo Flavia
78602,Lemoine Haofan
78605,Muhammed Račić
78609,Ozan Can Tanya
78611,Luz Horta Emanuelson
78612,Damilola Koder
78613,Iñigo Piña Janne
78614,Vilaça Teixeira Luís Carlos
78615,Dajaku Gulzar
78617,Zavaleta Galani
78619,Chamberlain Tuci
78620,Unai García Ghalib
78621,Odelia Bruno Filipe
78623,Repka Katranis
78624,Ricardo Izecson Coralie
78628,Jameese Parera Pizá
78629,Jonova Asia
78630,Makan Winkle Marí Villar
78632,Vilaça Teixeira Mangal
78633,Ibrahimi Kampl
78634,Effiong Haberer
78636,Machino Diedhiou
78642,Hugo Alberto Akimoto
78646,L. Nmecha Basumatary
78649,Elma Tacafred
78651,Mangal Escobar Fernández
78654,Baier Caldeira
78655,Iñigo Piña Tel
78657,McEleney De Rosales
78658,Vandui Borrull
78660,Wynona Fagioli
78661,Bozinovski Bodisteanu
78662,Javi Villar Ermin
78665,Machado Ferreira Park Bae Jong
78666,Jarik Araújo dos Santos
78669,Lucas Núñez
78670,Raquel Morcillo
78676,Daniella Marcos Nabal
78677,Anneli Buzbuchi
78678,Shirokov Picault
78679,J.Porozo Dube
78682,Song Yue Sissoko
78683,Matthäus Kolja
78684,Capita Minassian
78685,Lisa Baum
78686,Fallmann
78687,El Sawy Hekimoğlu
78689,Ozan Kabak Lulic
78690,Strub Bulić
78691,Tyreece Saldaña
78692,Alphadjo Seguin
78694,Lilli Vitoria
78695,Malepa Thelander
78696,Oumar Dos Santos Dias
78699,Qasim Onuachu
78700,Morishita Seok Ho
78702,Emma Ramírez Blagaić
78703,Attah Coutadeur
78704,Andrade Simões
78705,Emine Bajlicz
78706,Dëfrim Buyalskyi
78711,Pua Elton
78713,Kayikci Cerrillo
78714,Odedra Daulenova
78720,Hyeon Seok
78722,Rodrigo Rodrigues
78725,Vilaça Teixeira Valenza
78726,Jaran Eike Østrem
78728,Hugo Solozábal
78730,Shirisha Mattice
78731,García Quintela
78733,Lydia Rodríguez
78735,J. Alfaro Yassine
78742,Pozzi Perugini
78745,Henrique Silva
78746,Djé Tavares
78753,J. Godinez Bürger
78756,Audero De Leonco
78757,Hailie Vairon
78758,José Sá Marites
78760,Ndenge Bochniewicz
78761,T.Sanabria Eshonova
78764,Dávid Plat
78765,Freitosa Ruiz Berezovsky
78766,Mangal Rey Erenas
78771,Emma Clau Blanco
78773,Nalani Farminhão Dias
78775,Nartey Hee Kyun
78776,Juan Luis Khoa
78778,Dong Jun Han
78780,Jeyhun Vitoria
78782,Laskowska E. Aguilera
78783,Leblanc Harnik
78784,Marcos Vinícius Choi
78785,Friða Rabbi
78786,Famara Villalba
78787,Diogo PP Sleigh
78788,Estupiñán Wohlmuth
78792,Pasveer Verduin
78793,Mallika González Rodríguez
78795,Estupiñán Revenco
78797,Antonio Gomis Yuye
78801,Melle Joop Uronen
78813,Bjarkason Jerzy
78820,Eyvind Pichler
78821,Elbouzedi Shabangu
78823,Christoph Bernardini
78826,Sverrir Ingi Daniella
78830,Atupele Galvão
78832,Kamory Edhy
78836,Kawachi Kim Keun Bae
78837,Ainsworth
78838,Włodarska
78840,Kevin Sánchez Sonowal
78842,Kyan Mazzeo
78843,Anny Kerim-Lindland
78844,Issiaga Bastião Dias
78847,Liuyu Roh
78852,Adryan Juliano Levin
78858,Lander Pinillos
78859,Artem
78864,Misael Gouras
78867,Ali Osman Kalın
78870,Kalajdžić Canales
78872,Abdullayev Guoming
78874,Lirim Prömel
78875,Sylvie Al Bawardi
78878,Dabo Gouras
78881,Ignace
78883,Morvai Asanalieva
78884,Mandeville
78886,Yelisey Al Dossary
78887,Rodríguez Sánchez Al Menhali
78888,Shilow Kang
78895,Tanda Mazur
78896,Alisi Buttigieg
78897,Vukančić Tsarenko
78898,Lienhart
78900,Josué Sá Min Gyu
78901,L. Chavez
78906,Odion Haugstrup
78909,Albarracín Rice
78911,Meffert Louri Adriano
78917,Fellaini Wassilah
78920,Kartum Animasahun
78921,Seon Ho Isola
78923,Kowalczyk Lena
78924,Effiong Slørdal
78925,Ahadme Araújo dos Santos
78926,Hodžić
78933,Maia Padilha Jabim
78934,Mario Soriano Filipe F.
78938,Luz Horta Meffometou
78939,Belec Lídia
78941,Machado Ferreira Folashade
78943,Midtskogen Al Azmi
78949,Jeong Tae Wook Masaoka
78950,Oda Al Alaeli
78956,Abdurahman Al Rahman
78957,Alibeyova Demirbilek
78968,Esat Buğa
78970,Taha Emre İnce
78971,Agnero
78973,Coruche Mendes
78984,Warshawsky Al Owais
78989,Curran
78990,Tabuchi
78991,Mahnashi
78993,Seth Mirzaliyeva
78995,Abdullayev Al Dakhil
78996,Ahmedhodžić Al Sabah
79000,Laghari Rollheiser
79002,Malwin Geris
79004,Andrew Sucu
79006,Samad Bamo
79012,Mario Soriano Borges
79014,Kartum Trebert
79015,Alessandro L. Camus
79016,Pauleta Franch
79017,Carabajal Eulogio
79020,McGovern Vaghel
79024,Tanti Oğuzhan
79025,Ignasi Miquel Bech
79026,Tait Foreman
79027,Relebohile Kiaga
79028,Thorisson Blondel
79029,Grétarsson Nobuhito
79030,Delphis Kirkegaard
79032,Thorhallsson Nenad
79034,Jesús Bueno Micah
79037,Lirim Blair
79038,Anders Boufal
79039,Nel Bråtveit
79040,Augustín Noahkai
79042,Shrivas Haymanot
79043,Thorne Okuma
79045,Adirizak Laima
79048,Raya Martin
79049,Zalewski
79057,Cordaz Chuangyi
79058,Waota Wätjen
79059,García Alvear Caner
79060,Andrew Saarinen
79061,Frendrup Dotor
79062,Rares Mägi
79063,Sim Tvardovskyi
79066,Dajaku Rule
79067,L. Garcia Le Page
79069,Andrusw Dwomoh
79070,Ji-woo
79071,Kolbe Pereira Lage
79074,Barraza Borcea
79077,Silue Pierangelo
79078,J. Vásquez Nur
79080,Elene Lete Aymeric
79081,Halbauer Zeljko
79082,Malwin HyunBeom
79083,Liga Onaona
79085,Bartouche-Selbonne Donio
79086,Feldkamp Palmer-Brown
79088,Bozhinov Mio
79089,Najwa Sigbjörn
79090,Liga Mateu Sanjuán
79091,Bellanova Zelelew
79092,Felicijan Luis Fernando
79093,Mario D. D'Amore
79095,Antonio Gomis Ardit
79098,Barbudo Lorenzo Mudiwa
79100,Deeb Djaka
79101,Tabak Per
79102,Belec O'Brien
79107,André Anderson M.Morro
79109,Jager Tuanzebe
79111,Arevik Lecoq
79112,Haithem Bukhari
79113,Elba Vergés Dearbhla
79115,Quito Krupin
79116,Kaldybaeva Tete
79118,Constantin Ouaneh
79122,Prazeres Ferreira Ritter
79123,Diakité Alrubiae
79125,José Matos Hannemann
79128,Veton Sidney
79129,Andreea Floccari
79131,Mohanan Chotard
79135,Fran Vieites Gan Chao
79136,Lloris Nicolás Lino
79137,Ekra Handoko
79138,Cometti Harut
79141,Naima García
79146,Ifnaoui
79147,Prpić
79148,Okorie Seary
79149,Antonio Gomis Bliska
79150,Simao B. Demming
79158,Berglind Rós
79160,Dabó Kapacak
79161,Alves Santos Sattorova
79162,Răducan Shahruddin
79163,Luis Abelardo Vilarrasa
79165,Leblanc Vevatne
79168,Rahel Zi
79169,Dewaele
79172,Italiano Vilches
79175,Ma Sh. Gianni
79180,Sosa Sota
79181,Lirim Sile
79182,Akol Akon
79183,Meiko Kike G.
79184,Melikian Sikora
79186,Medrán Just
79187,Taremi
79188,Daniel Alexis
79189,Jena Nai
79190,Sorba
79192,Cory
79194,Prass
79196,Kael Berdymuhamedova
79197,Ferrario Hamilton
79201,Kovačić Martínez Gonzálvez
79202,Lakra Jallow
79203,Florian S. Watts Rodrigues
79204,Sinayoko
79206,Felix Vrede Mæhle
79208,Elbouzedi L.Maanum
79210,Weimar Minh
79211,Alain Claudia Florentino
79212,Ramien Nawaz
79214,Nadezhda Bicho
79215,Terho Brignola
79216,Josué Limberth Zachariassen
79217,Ahmedhodžić Kaptein
79219,San Emeterio Díaz Oram
79220,Ha Jeong Woo Salvador Vidigal
79221,Matsima Brodie
79228,Johanne Borggräfe
79230,Pau Prim Capasso
79231,Lafleur Timossi Andersson
79232,Dalsgaard Young
79233,Laing Xu J.M.
79234,Zague Turi
79237,Odion Kolovetsios
79239,Elbouzedi R. Carlos
79241,Meriluoto Pitti
79242,Pasveer Breno Evandro
79243,Waqar Prieur
79246,Tammer Andreas
79248,Alain Figueredo
79249,Chafik El Hansar
79250,Kartum Filling
79251,Wang Sh.Y. Ganchinho Guedes
79252,Didier Fungmongkol
79253,Stian Soo Bin
79254,Jobson
79255,Rouault Anghel
79258,Fellaini Liu Yiming
79262,Angulho Fancini Angula
79263,Dias Goncalves
79264,Kochergin Madsen
79265,Marit Trésor
79266,Paula León Salmon
79267,Ayina Celestina
79269,Owusu-Abeyie Sajeev
79270,Alla
79271,Hummelvoll-Nuñez Mátyás
79274,Cinta R.
79277,Wendin Thomasson
79278,J. Vásquez Vaz Stein
79280,Höög Jansson Norman
79281,Dani Sánchez Gopal
79284,Lakra Boli
79285,Janina Zacharias
79286,Ferrario Hardy
79287,Jong Mu Lovše
79288,L. Mejía Paneva
79289,De Morias Guttau
79291,Karademir Fontes
79293,JiHwan
79295,Kaíquão Castro
79298,Gölgeli Momodou Lion
79299,Latifa Ortiz Arestoy
79300,L.Zogbe Jisoo
79303,Nunes Cardoso Rubén García
79305,Asun Martínez Charpentier
79307,Durham Carvalho Melo
79308,Sánchez García
79309,Johanne Carvalho Melo
79310,Muhammed Emin Mitra
79311,Liridon Maldini
79312,Danijela
79313,Ihuoma Claudinho Vair
79314,Dalsgaard Nekesa
79316,Nderim Breyton
79317,Régis
79318,Carrillo D. Kiala
79319,Nadege Nogueira Sousa
79320,Machado Ferreira Brunhilde
79321,Ben Xhaferi
79322,Wang Sh.Y. Tatiana Pinto
79323,De Bodt
79325,Frendrup Rolfö
79326,Lisa Hasund
79327,Alowais Mateus
79329,Alemayehu J.Otto
79330,Pastorino Bazán
79331,Estupiñán Vetti
79332,Gent Kamada
79333,Mahop Rajendra
79334,Qasim Ferreira Nel
79335,Jenz
79336,Taha Abdi Torun
79337,Awate Vilhjálmsdóttir
79338,G. Aguilar Derrick
79341,Maharabam Maxion Singh
79342,Caio Nunson Odogu
79343,Mallika Zimmerschied
79344,Welma Fon
79345,Balzan Hugo González
79346,Balodis Hugo González
79347,Balog Hugo González
79348,Balogh Hugo González
79349,Baloy Hugo González
79350,Balogun Hugo González
79351,Balotelli Hugo González
79352,Balta Hugo González
79353,Balza Hugo González
79354,Baltazar Hugo González
79355,Baltimore Hugo González
79356,Baluta Hugo González
79357,Balthazar Hugo González
79358,Baltabek Hugo González
79359,Baltacı Hugo González
79360,Baltasar Hugo González
79361,Balu Hugo González
79362,A. Abqar Hugo González
79365,Alex Hernández Cascante
79366,Matys Nzunga
79368,Latka Knight
79369,Taimi P. Lima
79370,Bjørshol M. Silveira
79371,Eldin Chislett
79372,Peña Ocaña Ben
79373,Pu Hae Won
79375,Araya Pfluger
79376,Etete Loide
79377,Marta Carrasco Verdier
79379,Alves Santos Hugill
79380,Lloris Nicolás Jung Ho Yeon
79381,Kim Jun Bum Chirivella
79383,Rashmi Etenesh
79384,Bergman Rakotoarisoa
79389,Bataillard Césario Limberg
79390,Malepa S.bendebka
79391,Kosche Arvind
79392,J. Gonzalez Nansen
79393,Danquah
79394,Nuryagdy Sellouki
79396,Němec
79397,Gbele Wadsworth
79398,Gradit
79399,Geethika Millot
79401,Daniella Holder
79402,Igor Jesus Maciel da Cruz
79404,Machado Ganchas Kubica
79407,Odelia Burnete
79410,Sreylin Kidd
79419,McLaren Panák
79420,Karaağaç Martínez Aranda
79421,Jelínek Boattin
79422,Fisk Mikayla
79423,Jelínek Ortiz Bernat
79424,Lisa Milinković-Savić
79425,Kearney Barillà
79427,Nowacka Reina
79428,Chungnunga Martínez González
79429,Naroa Sirli
79430,Liga Biaka Jongte
79432,Moncef Zekri
79437,Brogan
79440,Kalajdžić Kanabah
79441,Cecily Wellesley-Smith
79443,Kas
79447,Chipego Sallinger
79448,Marcos Peña Sirch
79449,Shahid Tore André
79450,J. Trindade Kokayi
79451,Ndri Inga
79454,Toner Moritz-Broni
79455,Rosenberg Montaña
79457,Chukwueze Vervoort
79458,Moitrel Tkach
79459,Malele
79461,Sim Shaffelburg
79463,Dylan Tavares
79466,Jonathan
79467,Aune Selland Courtet
79470,Flašker Ffion
79474,Rubens Jairo
79478,Mawuli Maxamed
79479,Olliero
79483,McCulloch Luis Abelardo
79487,Timur
79490,Quanbo Al Menhali
79493,Daf Sinaté
79494,Abdón Al Harajin
79497,Lisa Brau Blánquez
79498,Cummins M.Salah
79499,Abdelraouf Han Chengzhi
79503,Niclas Awaale
79504,Chinta Summers
79505,Berghuis
79506,Antônia Silva
79512,Bland Hansaben
79513,Baeza Delia
79514,Marko V.Karakuş
79515,Marit Clifton
79516,L. Becerra Gerson Armão
79517,Jong-min Saini
79518,Lehner Muwalo
79519,Vinderslev Doig
79520,Munir Lomami
79521,Leguizamón Sotelo Gómez
79522,Seraphina Zeljko
79524,Chebbak Custom Player 40045
79525,Adrià Song L.
79527,Andria Zhao Shi
79528,Jolie
79529,Hediye Kertu
79530,Williams Ntambue Nazarian
79531,Shumba Sorgić
79532,Mal Tanmoy
79533,Maikel Mesa Qaasim
79534,Shaqai Hornemann
79535,Waghmare Benkhaleq
79536,Palaversa
79537,Cundy Bender
79538,Houssine Prevot
79539,L. Becerra Hassane K.
79542,Aleksandra Gajić
79543,Bergeron
79544,Nune Diogo Dalot
79545,Liao Junjian Bibiane
79547,Shubham Fadiga
79548,Simen Bolkan Sultana
79549,Léonard Andrade
79551,Barton Hermane
79552,Jemide
79553,Makan Winkle Endre
79554,Bin Haji Duván
79555,Machado Ferreira Hazwani
79557,Sarnavskyi Fourlanos
79558,Olomola Koch
79560,Dário Cata
79561,Otieno McClean
79564,Ernest Schulze
79566,Leblanc Bojing
79571,Shubham Corbett
79572,Park Jun Beom Sokoli
79573,J. Chaverra Anđela
79574,Alinafe Coello Camarero
79579,Casey Marvel
79582,Medunjanin
79583,Valles
79585,Jaehun Jiegei
79587,Lima Correia Omar
79593,Isnairo Reis Howland
79596,Sulemana Singerr
79598,Facinet Näsström
79607,Pratap
79608,Joel Lago
79609,Wang Shenchao L.Hernandez
79610,Sun Minghim Andimba
79611,Källman Teleri
79612,Manu Obón
79613,Haruka Campulka
79614,Izabela MinGi
79615,Kartum Stief
79616,Tanush G. Konan
79617,Andreeva
79618,Siraçhan Dann
79620,Płacheta Il Lok
79621,Owusu-Abeyie Tsogt
79622,Ait Bennasser
79623,Maria-Luisa Mercy
79624,Geoffroy Tural
79626,Rutendo Hernesto
79628,L. Chamorro
79629,Izaguirre
79630,L. Becerra Melati
79631,Eduart
79632,Mier Martínez Nazmul
79633,San Emeterio Díaz Le Normand
79634,Grahl Teko
79635,Jordan Mendes
79637,Draw Character 3 Tracey
79638,Niyukuri Jerzy
79639,Marian Léo Duarte
79640,Cipot Jermein
79641,Imari Kabadayi
79642,Nampalys Ostby
79644,Alexis Gauchan
79645,Adrián Diéguez Magerl
79646,Pranciskus Petriu
79647,Lirim Cornu
79648,Yeerzati Agbeko
79650,Dagba Mühlhaus
79651,Mario D. Magnússon
79652,Dan-Cristian Mühlhaus
79654,Orešnik Correia Pitta
79655,Albarrán
79657,Namaso
79659,Ozan Can Alibeyova
79661,Astigarraga
79662,MacKeith Diedhiou
79663,Villero Borja Sánchez
79664,Lima Ferreira Boupha
79665,Elbouzedi Brillault
79666,Ni Yuuka
79669,Pyae Deja
79673,Lima Linhares Yusup
79674,Volk Kenzie
79675,Radonja Yumi
79676,Meseret Yussuf
79681,Encarnação So
79683,Raja Kenna
79684,Bridge Juan Ibiza
79686,Diaz Macedo
79687,Jill Vladimirescu
79689,Diakhaté ChanYong
79690,Gina
79691,Ndo Lian
79694,Bellanova Valk
79698,Alexis Tabuncic
79703,Fryderyk
79704,Rasim
79705,Tateossian Laurits
79706,Diakhaté Baráth
79707,Ings Puja
79708,Mehmeti Yergaliyeva
79709,Belec Hocine
79711,Hummelvoll-Nuñez Eskandarian
79712,Kunvar
79716,Mandous Prior
79717,Lin Zayed
79718,Lassen Agim
79719,Nóel Fábio Carvalho
79723,M. Monzeglio Siebert
79725,Nash Dorin
79726,Andreea Nelly
79727,Ljubijankič Onugkha
79728,Mazipov Heorhii
79729,Nariman Andradóttir
79730,Rakip Taffarel Araújo
79731,Mrozek Buyvolov
79732,Mori Meghoma
79733,Kylie Gustavo Santos
79734,Shirokov Heerwagen
79735,Annelie Viáfara
79736,Alex Telles
79737,Elison Justice
79746,Helal Akinlabi Park
79751,Jibril
79752,Maicol
79755,Emanuel Vercauteren
79756,J. Virginia E. Militão
79757,Jens Martin Reis Lima
79759,Gazzolo Naji
79761,Bakhat López Rodríguez
79762,Adaramola Kraus
79763,Nalani Rhind-Tutt
79764,Angelica Morgalla
79766,Nu Ermin
79767,In Sung Idjessi
79769,Daiga
79771,Rayan Lucas
79772,Maiti Bonera
79773,Páez Gooijer
79774,Lluís Salima
79775,Marrugo Buñuel Redrado
79776,McEleney Nacho Gil
79777,Chinta Hobbs
79778,Daniella Ever Banega
79780,Ketevan Kethna
79782,Rayamajhi Ausra
79783,Rúben Vezo
79784,Owusu-Abeyie Bradford
79785,Gunay Corbett
79786,Azamat Uriev
79787,Sead Gourville
79788,Jesús Bueno Kapenga
79789,Shikha Duflos
79791,Necidová Binet
79792,Sohan Omeruo
79793,Lloris Nicolás Boiteau
79794,Amoroso El Farissi
79797,Combes Fabiano Elton
79799,Adeoye
79803,J. Gonçalves Baz
79804,García Gómez Kozłowski
79805,Emanuel Fernandes Ferreira
79808,Odera Samuel Adindu
79810,Marić Gonçalo Sousa
79811,Dorian Hanza
79813,Gazzolo Boechler
79814,Thorkelsson Mayakkannan
79815,Jens Martin Trueman
79816,Richárd Moss
79817,Fernández Velasco Guttau
79818,Kolbrún Kirsten
79820,Abdukiram Teleri
79821,Johansen McComas
79822,Kasanwirjo Virginius
79823,Ayoni Santos
79824,Ina Madsen
79825,Laczkó Flóra
79826,Pranciskus Momiki
79828,Hugo Bueno Denić
79830,Marek Frederiksen
79831,Juan Luis Mercan
79832,Franciszek Laxmikant
79837,Torrance Kim Hun
79842,Midtskogen Pérez Iglesias
79846,Cole Ruhana
79847,Emine Tayyip
79850,Jackie Shokalook
79851,Renan Augusto Vilhjálmur
79852,Hjalte Boe Pérez Rabaza
79859,Abduklim Caldeira
79860,Okoye Presthus
79863,Chan Shinichi Adebola
79866,Jill Torquato
79867,Rubina Sarver
79868,Napias Nogueira Sousa
79876,Dani Punam
79878,Ephraim Niha
79881,Elżbieta Khadijah
79882,John David Grehan
79883,Kerry Lundgaard
79884,Cosgrove Ntamack
79886,Sarita R. Mora
79888,Anesu Reeves
79890,Wynona Taifi
79892,Josué Limberth Einarsdóttir
79893,Stas Korzeniowski
79895,Fröde Gosselin
79897,Brandán McSorley
79900,MacKinnon Haruka
79902,Nas Dijkhoff
79903,Quanbo Elloumi
79908,Daníel Leó Govea
79909,Cummins Ngoyi
79911,Fallou
79912,HyeonMu Jong Mu
79913,Alex Cardero
79914,Mangal Bajcetic Maquieira
79915,García Martín
79916,Chiricheş Kinsombi
79917,Ellertsson Agustina
79918,J. Vásquez Sales
79919,Liga Uesli
79920,Diogo PP Veremko
79921,Brož Jamison
79922,Zamira Piovanello
79923,Kofi Jeremy Karem
79924,Tonali Noam
79925,Samvel Cauz
79926,Famara Garry
79927,Dangprakon Movsesian
79928,Richard Emeka Adebola
79929,Alexei Xheneta
79930,Arron Shabnam
79931,Alexandria Henry-Scott
79932,Dani Adalid
79933,Dajaku Antony
79934,Wang Q. Marcio Alam
79935,Sami Jalal Karchoud
79936,Latifa Marvan
79937,Elbouzedi Franck
79938,Kang Gyo Hoon Adebola
79940,Nadezhda Yevheniy
79942,Park Jun Beom Kayan
79943,Li Sh.Y. Nyman
79944,Coddington Sajeev
79945,N. Sosa Sánchez Mateus Fernandes
79946,Albenas Um Won Sang
79947,Barcia Laranxeira Siopis
79948,Tareq Kubisa
79951,Naljit Heo
79953,Lima Ferreira Rachel
79954,Ana Franco Vitti
79955,Neudecker F.Calero
79956,Seok Ho Slevin
79957,Meffert Zeroual
79958,Ferreira Barros Jinyoung
79959,Santoso Tie
79960,Pander
79961,Varghese
79962,Pizzini
79963,Pandita
79965,Varela Lopes
79966,Leone
79967,Viv
79968,Gómez Donatella
79970,Miguel Figueira
79971,Kamjian Kerttu
79972,Frieser Osmanjan
79973,Mandela
79974,Varga B.
79975,Fernandes Silva Marrero
79976,Linton
79978,Piyawat
79980,Mincheva Tony Muttinho
79981,Marcos Vinícius Lenglet
79983,Exequiel
79984,Vivien
79985,Panday
79986,Walker-Peters
79987,Veronique
79988,Alex Suárez
79990,Vivcharenko
79991,Kachawut Sietan
79992,Yarden
79993,Matúš Yaw
79995,Yahaya
79996,Varga Á.
79998,Villacorta Eisner
79999,Ane Campos
80000,Jeffers
80001,Santi García Zendejas
80003,Addison Donatella
80004,UEL Draw Dadjo
80005,Kyo Won
80006,Markiewicz Pipo
80008,Mareme Rashica
80009,Lirim Genton
80010,Zhongyi Gonçalves Neves
80012,Desábato McGeouch
80014,Ihlenburg Gudiño
80017,Damjanovic Mascaró Ruiz
80018,Johansson Nina
80019,Kalley
80020,Misa Motaraghebjafarpour
80021,Mwaka
80022,Abdoulkarim Shulku
80023,Ahadme Min Jae
80024,P. Fornals
80025,Ojukwu Caldeira
80026,Mariasun Quiñones Meulenbelt
80028,Dudinha
80029,Ramos Narváez Hefti
80030,Silbeiro Martins Harness
80031,Hallfreðsson Es-Saoubi
80032,Amoroso Oh Hoo Sung
80033,Ings Mahe
80034,Gwyn Zeljko
80036,Friend Gonçalves Malheiro
80039,Davison Bien-Aimé
80040,Hallie Meadows
80041,Majasaari Sevillano
80042,Makoanyane Schultz
80043,M. Molina Raúl De Tomás
80045,Power Żelezny
80046,Eva Navarro Home
80047,Kim Jun Bum Gazibegovic
80049,Amit Rebelo
80051,Nadav Sitoe
80053,Shahid Hermannsson
80054,Luigi Gaspar Rhiain
80055,Bertaccini Shkumbin
80056,Radelj Marcellus
80058,Iikka Sequeira
80059,Makise Generic 2
80060,Felix Vrede Thiago Rodrigues
80061,Emmy Masopust
80063,Digbeu Corbett
80064,Lima Correia Siliadin
80065,Joffrey Bultel
80066,Shubham Kangwena
80067,Kasuba Maximov
80068,Andrew Dias
80069,Maiti Nakajima-Farran
80071,Andreia Faria Borrelli
80072,Emilie Mario
80073,Deeb Tveit
80075,Mario Soriano Magassa
80076,Feldkamp Quinta
80077,Maggiotti Bandra
80079,Emanuel Foederer
80080,Roesch Karić
80081,Hou J.H. Kadlec
80082,J. Bueno Caitlin
80083,Marrugo Albæk
80084,Almenara
80085,Lato Goes
80086,Mangal G. Konan
80089,Coruche Mendes Senne
80090,Eugen De La Vega
80091,Avinash D'Urso
80092,Pearce Pauli
80094,Steijn Abels
80096,Jiyul Marc-Francois
80098,Talles Magno Parisi
80108,Janko Gómez Mattar
80110,Alejo Muñoz León
80111,Djibril Oonagh
80112,Amalfitano Lakatos
80113,Iñaki Williams
80114,Eugen Greaves
80116,Ha Dong Seon Delić
80117,Eugen Ibon
80119,Geon Hee Baroni
80123,Markiewicz Ari
80124,Waota Khalifi
80125,Riyad Adewusi
80126,Midtskogen Edna
80127,Di Pizio Gheorghiță
80128,Huang Yinghao Skoglund
80131,Mickel Al Kassar
80133,Charisis
80134,Varol
80135,Pastorino Coste
80136,Marian Christodoulou
80138,Lisbeth
80139,Mercier Yazeed
80140,J. Pulido Victorino Magela
80141,Elizaveta Okuma
80142,Tae Suk Christensen
80143,Jonny Hepburn
80144,Gayane Siverio
80146,Jeon Sung Jin Hanlon
80147,Jaeli Yusuf Özdemir
80148,Janisch Benteke
80149,Taha Herazo
80151,N.Thompson González Martínez
80152,McEachran Vilhena
80154,Tim Acheampong
80155,Radebe
80156,Rija Forsell
80157,Brodrick Tunzala
80158,Keillor-Dunn
80160,McEleney Cantero Sánchez
80161,Marrugo Pascual Medina
80162,Belloumi Byambadorj
80163,F. Benítez Alfonzo
80165,André F. Malti
80166,Abril Sanz Caldeira
80167,N'Goran Shaian
80168,Ji Eun Haithem
80169,Eduardo Li Y.J.
80170,Wesley Vinícius França Lima
80172,Andreea Boutin
80175,Ousou Konstantelias
80177,Rowland Caldeira
80179,Riyad Merlen
80182,Radwański Mitongo
80183,Seon Ho Bojinov
80185,Owono-Darnell Keumo
80186,Ahmeti Sesko
80187,Ojukwu Cohen
80188,Heroum
80191,Lee Soo Ah
80192,Firat Top
80194,Jeong Tae Wook Persephone
80198,Milla-Maj
80200,Mario D. Grațiela
80201,Jackson João MacNeil
80203,Alessandro L. Ngoura
80206,Amoroso Gonçalo
80209,Pratley
80216,Rekeil Raçi
80217,Ángel Recio
80218,Cabral Semedo Lasure
80219,Brewster Lakra
80222,Owusu-Abeyie Babacan
80223,Sutcliffe Helge
80225,Anghel Stringa
80226,N. Mawene Jovetić
80227,E. Guridi Tristán Jiménez
80228,Petris Koolman
80229,Vilaça Teixeira Hahn
80230,Bego Andradóttir
80231,Wang Shangyuan Van Oudenhove
80234,Ayew Ménez
80235,Wang Jinxian D. Armas
80236,Owusu-Abeyie Okon-Engstler
80238,Sánchez de la Peña Derrick
80239,Ephraim Churandy
80240,Marian Neves Virgínia
80243,Isnairo Reis Paramanik
80245,Mario García Igbinedion
80259,Zaldua
80263,Blerton Isufi
80264,Alessandro L. Corrêa dos Santos
80265,J. Cuellar Atakan
80267,Mané Atubolu
80268,Jongbeom Assís
80270,Elma Camino Fernández
80272,Calem Vanja
80274,Sándor Dharmasena
80275,Lafleur M.Olivera
80276,Hodnik
80277,S. Al Harbi
80279,Adeola Al Abdellah
80280,Daf Carluccio
80281,Armine Dilyimit
80283,Geoffrey
80284,Nowacka Romanowski
80286,Nuryagdy Oliveira Silva
80287,Ahmedhodžić Katia
80289,Mazzitelli Deas
80290,Yanis da Rocha
80291,TaeWook Gouras
80292,Wang Z.M.
80294,Răducan Villacorta
80295,UEL Draw Drita
80300,Miti Kourfalidis
80302,Ellison Kaparos
80304,Abdelkader Faela
80306,Dian Matondo
80308,Sulaj Koroma
80309,Jesus Andradaldo Salif
80313,Giner Pedrosa
80314,Woyo Wever
80315,Hunziker Pipo
80316,Sabri Kim Hyeon Min
80318,Qasim Malanga
80319,Mamat Forino
80320,Estupiñán Yassin
80322,Abdoul Fessal Gunnarsdóttir
80323,Shubham Aliyeva
80324,Ci Astrit
80325,Eyong Blaise Gattermayer
80326,Ephraim Ana Dias
80327,Willyan Eliaquim
80328,Jiamin Bobang
80330,Richárd Burja
80331,Kambire Dourado Santos
80336,Kim Jin Kyu Cymerys
80337,Yifan Halford
80338,Midtskogen Meijster
80339,Malwin Privert
80340,Dagbjartsdóttir Saha
80341,Annaëlle Thórbergsdóttir
80342,García de Haro
80343,Andria Baack
80345,Hyun Je Doan
80346,Nderim Luis Hemir
80347,Raso Vishtasb
80349,Tambudzai Brandy
80350,Ruiz Suárez Vladislavs
80351,Erika Van Der Bruggen
80352,Joel Silva Yáñez Alabart
80357,Adetunji Rasaq Adeshina
80366,Iñigo Piña Seibold
80370,Larrauri Girotti
80376,Ramos Narváez Ngumoha
80377,Tómas Bent López Andúgar
80378,Miti Gbemou
80379,Latifa Svitek
80380,Božović Mlačić
80381,Valentín Sancho Surkis
80382,Andersen Pobegaylo
80383,Jun Matsuzawa
80384,Cantona Tremolada
80386,Rodrigo Mendes
80387,Cham Wragg
80388,Dani González
80389,Antonsson Marzec
80393,Bop Guèye
80399,Geovanny Furayj
80402,Musah Al Haleel
80403,Manglenthang Chartpong
80405,Malek Skelin
80407,Jiegei Liteta
80411,Sirasasyha Muhlethaler
80412,Jihyun Petiteau
80421,Leblanc Samvel
80422,Tylon Shahruddin
80424,Capezzi Selfvén
80426,Soraya Agina
80427,Tymoshenko Nordtveit
80428,Jorman Nkeng
80447,Haakon Ingdal Sørum
80452,Jeong Chi In Solstad-Nøis
80454,Van Hecke Mohya
80455,Daniella Khadijah
80456,Pierre Landry Kabore
80458,Fran Vieites Orak
80459,Beach Özyurt
80460,Angeliño Polášková
80463,Arda Çağan Zardes
80467,Mangal Ndzie
80470,Brodrick Goda
80473,MacKinnon Owolabi-Belewu
80474,Alex Stepien-Iwumene
80475,Jabrane T. Araujo
80476,Broholm
80478,Răducan Jepsen
80479,Li Huayang Stretch
80480,Esma Abadia-Reda
80481,Théna Massock
80484,Pranciskus Mirari
80485,McShane Bobček
80486,Dumornay Annan
80488,Jankovska Taejun
80489,Rashmi van Cruijsen
80490,Janio Bikel Rijssel
80492,Ryoga Kida
80500,Siphokazi Petiet
80501,Felizia Barbrook
80503,Rashmi Kelder
80504,Henrique Menke
80505,El Hajjam Košpo
80508,Rainey Braschi
80510,Mario D. Duțu
80519,Flagellat Diogo Leite
80520,Sólbjørn De Martis
80521,Kartum Philippe Paulin
80522,Hunziker Alastra
80523,Jismerai Dillema
80525,Gera Cairo
80526,Yénio Hepburn
80527,Mallika Henriksson
80528,Oumar Wik
80534,Linssen Gadegbeku
80535,Abdullayev Al Asbahi
80536,Rafael Venâncio
80537,Mroziński El Jamali
80538,Anjos Rochedo Ouzenadji
80541,Arthylio Mswati
80542,Reimer Murcy
80543,Hugo Alberto Raache
80544,Cham Dong Hang
80545,Lassen Dziki
80548,Desábato Cheuquepal
80549,Felipe Martín Zajmi
80551,L. Ramazani Valerio
80552,Gui Freitas
80554,Wynona Ztouti
80556,Rouault de Laat
80557,Freek Entius
80560,Eldin Elekwa
80561,Andrew Dotor
80562,Sosa Dusinszki
80564,Diakhaba Valkanis
80565,Princewill E. López
80567,Kang Hyun Je Gjokë
80568,Draw Character 3 Milivoje
80569,Miramar Rocha Santra
80570,Tylel Tati
80573,Nuhiu Fergusson
80574,Huseyn Nikic
80576,Korta
80577,Or Israelov
80578,Cléo Mélières
80579,Pepijn Reulen
80580,Jemuel Erat
80581,Chinta Chiza
80582,Givaro Rahajaän
80584,Giannino Vianello
80585,Abdelraffie Benzzine
80586,Yamano Olfers
80588,Rojendro Oudsten
80589,Draw Character 3 Maëlle
80590,Mahamé Roa
80591,Guilherme Smith
80592,N'Mai Savonnier
80593,García Gómez Liavas
80596,Woo Bin Tsunashima
80597,Chinta Clinton
80598,Jonson Maniatis
80599,Nasenov Istocki
80600,Allan Godoi
80601,Rhaldney
80602,Tarapu Manana
80603,Janderson
80604,Narváez López Klaudia
80606,Noufal PN Gorter
80609,Soraya Wathuta
80610,Snyder Brunell
80612,Pack Shenouda
80614,Liu Guobao Kaprof
80615,Calem Siti
80616,Huang Yinghao Alegría
80618,Dajaku Vost
80620,Siwe Sirusho
80623,Waghmare Bathily
80624,Nderim Zilliox
80625,Toni Tamarit
80626,Schendelaar Kassama
80627,Miti Mahela
80628,Ia Mavraj
80630,El Hilali Pyrka
80634,J. Carabali Harkass
80635,Chinbat Wawa
80637,Landerson
80638,Adrià Haregewoin
80639,Ebrar Ayan
80643,Dunne Català
80645,Uroš Magni
80647,Elikya Landázuri
80648,Lima Correia Mezerette
80650,Riyad Rodin
80651,TaeWook Devernois
80653,Nas Mituljikic
80657,Hian Ramon
80658,Ephraim
80659,Sergio Martínez
80661,Déiber Aghama
80662,Jiarui
80663,Jofre Torrents
80665,Jang Si Young Maxamed
80666,Manu Fernández
80667,Unax Agote
80668,Gorka Gorosabel
80669,Orobengoa
80670,Queiroz Barcelos Koubini
80671,Jackson João Hartog
80673,Salvi Esquivel
80674,Dro Fernández
80675,Joselu Pérez
80678,Martín Wilhelm Kojomberdieva
80679,Nacho Pérez
80681,Edu Altozano
80682,Miguel Sierra
80683,Aimar Blázquez
80684,Jean Yves Valou
80687,García Blanes Giedrė
80688,Maxima Goffi
80689,Gölgeli Koutoune
80690,Mathys De Carvalho
80691,Elma Fabio
80695,Sandro Maceira Koumbassa
80696,Alfaro Azevedo Vossah
80697,Fermín García
80699,Matheus dos Santos Eppink
80703,Sacramentinho Imigene
80704,Abdou Maiga
80705,Juan Sánchez
80706,Diogo Pinto Moubeke
80707,Gambín
80708,Seydou Fall
80709,Santi Franco
80710,Alejandra Bernabé Ulani
80711,Ramos Narváez Cardines
80712,Jon Eceizabarrena
80714,L. Ramazani Millot
80717,Jon Garro
80718,Theo Folgado
80719,Gorka Carrera
80720,Astiazarán
80721,Arana
80723,Ernie Vellios
80724,García Alvear Brignola
80728,İbrahim Kamanga
80729,Tiago Orobó Ogundu
80730,Tarık Buğra Kalpaklı
80731,Yiğit Efe Dean
80734,Nalani Saint
80736,Benítes Asif
80737,Dajaku Jovan
80741,Gonçalo Maia
80742,Sólbjørn Goos
80743,Ahadme Doğukan
80744,Ferrario Boto
80749,Antonio Martínez
80750,Antonio Velilla
80752,Enol Prendes
80754,Dávid Agbaje
80755,Aiman Dardari
80756,Gabriel Carvalho
80763,Shalom Echegini
80766,Jaehun Camará
80767,Laszlo F. Machado
80770,Valesca Ampoorter
80771,Jonson Vignolo
80772,Darris Zema
80773,Naïme Saïd Mchindra
80774,Galloway Bakhouche
80775,Fort García Efuele Ngoyala
80777,Matheus Mendes
80780,Jeong Jae Hee Siebeking
80781,Ina Varfolomeev
80782,Lily Alexei
80797,Martel Hijikata
80799,Kelian Barreras
80800,Desábato Maxsø
80803,Marian Huja Silistrie
80804,Nordan Mojica
80805,Marney
80806,Iván Corralejo
80807,Thiago Pitarch
80808,Pablo Santiago
80809,Mario D. Pittarella
80811,Gioele Zacchi
80812,Hugo San
80813,Wanyika Moslih
80816,Bowler Burrowes
80817,Bowler Nam James
80818,Mallika Banks
80819,Viktória Godwin-Malife
80820,Mohamed Alì Zoma
80821,Emine Bashi
80823,Chinta Marietta
80832,Issei Gangamma
80833,Abdukodir Ndow
80835,Rubén Alves Capolupo
80836,Lirim Di Maggio
80837,Firas Tumiatti
80840,Liga Beniamin
80843,Karazor Neufville
80844,Andreea Bertoncini
80846,Amane Dennis
80847,Brahma C.Tárrega
80850,Fadinger El Mahboub
80851,Viktória Gnaka
80852,Alex Vilches
80853,Sulyman Krubally
80855,Rúnarsson Brasero
80857,Islamdine Halifa
80858,Kareem Waidner
80859,Pasveer Hildesheim
80861,Evette Cem
80862,Sintes Egea Nador
80863,Dajaku Tonoli
80864,McGovern Pezzolato
80871,Priya Mihusan
80872,Dani Bolt
80873,Marian Albarracín
80874,True Godfrey
80875,Raúl Pereira
80876,Marshall Kireev
80877,I. Suarez Kristoffersen
80881,Lazăr Marvan
80882,Lisbeth
80884,Stanislas Kielt
80885,Daniel Júnior
80886,Rafael Lobato
80887,Ahmedhodžić Sebulonsen
80893,Adaramola Bakoune
80898,Clarinha
80899,Joana Valente
80901,Elydjah Maurya
80902,Egbo N'Tamon
80903,David Suárez
80904,Nascimento Borges Lysandrou
80907,Kim Jun Bum Poursaitidis
80909,Iuri St-Georges
80910,Ekelik Guga Rodrigues
80911,Patati
80912,Pedro Ataíde
80913,Opah Ciğerci
80915,Virgili Tenas
80916,Luca Meirelles
80917,Isaque
80918,Kassi Al Asbahi
81231,Matej Šín
81232,Amra Al Harfi
81233,Johnny Cardoso Rengifo
81234,Lalbiakdika Vanlalvunga
81235,Abdülkerim Al Hurayji
81236,David Kaiki
81238,Effiong Mokwana
81239,Abril Sanz BaeJong
81240,J. Zapata Bärtl
81241,Francis Violeta Quiles
81244,Hugo López
81248,Mohamedhoesein Juan Pablo
81251,Ibrahimzai Vermeșan
81252,Chatzigiovanis Balentien
81255,Alessandro L. Boi
81257,El Hilali Lorenzelli
81260,Ulrik Yttergård Jeong Seung Bae
81262,Andrew Coubiș
81263,Justine Jakóbczyk
81266,Djibril Sinkiewicz
81268,Abdullayev Al Fawaz
81272,Sobha Al Abdellah
81273,Eron Gojani
81274,Nana Kwame Blas
81276,Pich Meliga
81277,Nerea Benito
81283,Miguel Nogueira
81285,Agirregomezkorta
81286,Jeno Vanhoutte
81287,Txell Font
81288,Gent St-Georges
81289,Aïcha Cámara
81290,Sofía Hernández
81291,Ismahila Okkels
81292,Ahmedhodžić Nuryagdy
81293,Ainhoa Doménech
81295,Mitku Sémbène
81296,Luz Horta Abubakar-Ankrah
81297,Nui Mambwa
81299,Manel Overmars
81300,Javi Rguez Stiel
81304,Karolina Sarasua
81306,Melina Pantovic
81307,Lorran
81309,Danjuro Madlasomo
81310,Amoroso Daali
81311,Benavídez De Jaegere
81312,Sefa Van Keymolen
81315,Wuren Seha
81317,Ulrik Yttergård Ocansey
81318,Sand Sarli
81319,Tshabalala Milosavljević
81320,Nderim Farminhão Dias
81322,Viktória Brice
81323,Dajaku Hülsenbusch
81324,Gustavo Mancha
81326,Adaramola Markhiev
81327,Fedir
81328,Ulrikke Sarno
81329,Riyad Ogam
81330,Austin Uzondu Haithem
81333,Mebae Stoica
81334,Almin Aagaard
81335,Ignatius Foster
81336,Rainey Burgio
81337,Lakyle Rubina
81340,Eggestein Odede
81341,Lalrinzuala Lalbiaknia
81342,Tshabalala HyunBeom
81343,Boatwright Mirčetić
81344,Coufal Beszant
81345,Lalnuntluanga Bawitlung
81346,Deveron Fonville
81348,Kuryu Bèye
81358,Nuryagdy Congyao
81377,Tarapu Casalino
81378,Gibi
81379,Yevhen Yevhen
81380,Papa Dame B. Schelotto
81381,Emanuel Prekop
81383,Matheus Gonçalves
81388,Jeno Emery
81392,El Sawy Muñoz León
81393,Adrián Molina
81402,Amane Najdovski
81403,Marcos Peña Djordjević
81404,Macias Deyss
81405,Jesus Andradaldo Naafo
81406,Thalys
81407,Halimah Sani
81408,Trott Alibasic
81409,Jill Tian
81410,Adeyemo Arous
81411,Valerin Loboa
81412,Alfaro Azevedo Caro Serrano
81413,Fourgi Thanos
81414,Alka Mahela
81415,Voloshyn Bertoncello
81416,Ousseynou Fall Samatta
81418,Marrugo Cole
81419,Malangi Gossé
81421,Neeku Purcell
81422,Odelia Congyao
81423,Majasaari Xaeli
81424,Rubina Gidi
81425,UEL Draw Radojević
81426,Woo Young Djemba-Mbappé
81427,Juan Luis Potulski
81430,Ibai Aguirre
81440,Berta Doltra
81441,Vera Molina
81444,MacDarragh Sadiku
81446,Chambon Trus
81450,Marcos Vinícius Raúl De Tomás
81451,Samad Ferrand
81452,Johanne De Menses
81456,Bautista Orgilles Nuno Santos
81458,Abdukodir Stierli
81459,Mario Gila Muresan
81460,Baba Salifu Apiiga
81461,Chiquete Park Sang Hyeon
81462,Awate Kiss
81463,Courage Otokwefor
81467,Ernestas Lysionok
81468,Gayà Peña Astaldi
81469,Duham Ballumbrosio
81473,Dzhumalieva Delmás
81474,Musibau Azat
81475,Tamsin Queally
81476,Gleyfer Matheus
81480,Feyzo Kasumovic
81481,Malual Nichola
81482,Nickolas Alfredo
81484,Thomassen Vilches
81485,Viktória Heater
81486,Rajiya Fransen
81487,Belec Mewett
81491,Ale Gomes
81495,Kurai Musanhi
81496,Renan Lodi Hakizimana
81499,Tobajas
81503,Miguel Conde
81508,Tankadhar Baden Frederiksen
81510,Farnias Almeida Maughan
81511,Tynnilä
81512,Richards
81513,Mariasun Quiñones Gluscevic
81514,Mangal Bley
81515,André Miranda
81516,Jin Young Rosa Cadete
81517,Roxana Karakoç
81518,Nderim Saviolo
81519,Rica Rocha
81520,Daf Dário Essugo
81526,Marić Ferrante
81530,Carabalí Abeldaño
81532,Gijselhart Rafia
81533,Nuhiu Paryzek
81534,Kodai Bendra
81535,Fousseny Doina
81538,Sindermann Mfuni
81539,Diego Murillo Moira
81541,Midtskogen Al Sahihi
81544,Odelia Kabwit
81546,Len Bajic
81547,Daniella Voute
81548,Iris Ashley
81549,Adriana Folgado
81551,Mario D. Petrignani
81552,Eldin Kitahara
81554,Driver Pintér
81557,Geeta Maurya
81558,Rosan Dourado Bouajila
81560,Bachir Gouras
81562,Isyak Mickel
81564,Daniella Dikgacoi
81565,Nora Harnes Håheim
81566,Monni Agouzoul
81567,Chinbat Roland
81568,Flašker Atoen
81569,Luca Ekrem Stancic
81573,Williot Martínez
81578,Tahsin Byskov
81579,Baden Dansoko
81580,Lirim Fatlum
81581,Mario García Dench
81584,Battal Al Hajeri
81587,Midtskogen Al Sultan
81588,Devrim Zheng K.M.
81589,Ben Mucolli
81590,McQueenie O'Leary
81592,Toni Lato Farcomeni
81593,Mailis Timorán
81595,Elma Kiana
81597,Alla
81603,Carabajal Sabatini
81604,Taufik Seidu
81606,Wesley Delgado
81608,Janneh Andrade Lima
81612,Claudia García
81614,UEL Draw Alestig
81615,Sánchez Farres Adami
81616,Erlend Dahl Brignola
81619,Eugen Gil Pareja
81620,Ahadme Obregón
81621,UEL Draw Daðason
81623,Vitus Formento
81624,Andonov Hoeg
81625,Ika
81626,Rosenberg Laghzaoui
81627,Ylvi Eisenbeiß
81629,Morita Delgado de Oliveira
81630,Abdoul Fatha Tinde Teribe
81633,Terho Spranger
81634,Yanik Spalt
81635,Szymon Kretschmer
81636,Lass Kourouma
81637,Iker Monreal
81642,Lekhanya Sælen
81646,Bozhinov Bettazzi
81647,Rudo Cirkin
81648,J. Hernández Leilani
81654,Javier Olaizola
81655,Danyal Zor
81656,Rouault Kuffour Jr.
81659,Marian Jangeal
81660,Amra Al Hurayji
81663,Ornella Vignola C. Franco
81670,Iker Calderon
81671,Joan Oleaga
81674,Gonçalo Moreira
81676,Xavi Sintes Martínez Gutiérrez
81677,Celia Gómez
81678,John-Oliver Lacayo
81679,Comfort Wassim
81680,Karen Daniela Castellanos Fonseca
81684,Tambudzai Weigel
81688,Altambakti Ulrik Yttergård
81689,Lirim Weinhandl
81690,Ufuk Akyol Rutkjær
81693,Tymoshenko Gustafsen
81695,Ryuki Grella
81705,Pansa Hemviboon
81706,Ratthanakorn Maikami
81707,Supachai Chaided
81708,Estupiñán J Jones
81709,Carabalí Faya
81710,Nassim Koleva
81711,Famara Vater
81712,Belloumi Ehe
81713,Malico Paulino Balamotis
81714,Hyun Yong Fandi
81716,Phitiwat Sookjitthammakul
81717,Sánchez Farres Farrell
81718,Korraphat Nareechan
81719,Thanakrit Chotmuangpak
81722,Nathakorn Rattanasuwan
81723,Shinnaphat Leeaoh
81724,Camilo Durán
81725,Milenko Theiß
81726,J. Godinez Urbich
81730,Daniella Abrangao
81732,Pedro Felipe
81734,Ivan Lima
81738,Diego Morcillo
81739,Carlos Ballestero
81741,Natalia Peñalvo
81743,Marcos Vinícius Pérez Curci
81744,Ryuki Bari
81745,Amond Laoukili
81747,Meshkov Agyekum
81748,Diogo PP Nišandžić
81754,Schubert Ogundana
81756,Salvio Callan
81759,Atle Wahlund
81762,Tómas Óli Koder
81764,Iker Benito Reset-Kalland
81765,Baye Corbett
81766,Riyad Kalms
81769,Nartey Mighten
81771,Ji Eun Khatuna
81776,Ulbrich Koski
81784,Oiva Jukkola
81785,J. Alfaro Martinec
81786,Matyas Silhavy
81787,Rossipal Pettinari
81789,Jiegei Layousse Samb
81790,Carolina Tristão
81792,Requena Sánchez Frendrup
81795,Anjana Dubickas
81797,Suzette Buonarroti
81798,Sonne Vöhringer
81800,Juanjo Flores
81804,J. Carabali Viles
81808,Oliveira de Araujo Agustin S.
81809,Nampalys Barkok
81813,Coruche Mendes Iwona
81817,Mwisho Mhango
81825,Park Jun Beom Kenneth S.
81826,Antino Licsandru
81827,Samad Gideon
81831,Rayamajhi Acuña Vera
81832,Tadiwanashe Kuzamba
81834,Ayina Al Oui
81835,Shehab Ellethy
81839,Uxío Veleten
81840,Soraya Saint
81842,Awan Lual
81843,Yandri Valerică
81844,Montrell Culbreath
81845,Pharell Muroya
81846,Eymen Laghrissi
81847,Lloris Nicolás Hodak
81848,Marrugo Jamie-Lee
81849,Harouna Djibirin
81852,Feldkamp Bermejo Lillo
81853,Capita Noronha
81854,Liu Sh.B. Minne
81855,Cheikne Kramer
81858,Desábato Bernede
81860,Nathael Silbeira Venturini
81862,Jens Martin Rimando
81863,Xavi Espart
81865,Rubina Knight
81867,Adrià Damasiewicz
81868,Pasveer Iker Álvarez
81870,Jairo Ralph Puala P. R.
81872,Odai Abdulghani
81875,Vitor Vargas
81879,Male 2 Prekodravac
81885,Riyad Lund
81886,Nderim Maieroni
81887,Schönherr Mutokoyi
81888,Viktória Mashaal
81889,Bazzoli Baina
81890,Voloshyn Simula
81892,Riyad Vegam
81895,Møller Wolfe Oriola
81896,Lisa Gardenier
81899,Jun'ai Byfield
81908,Lirim Noveli
81917,JinYong Confais
81918,Mané Attia
81920,Nas Sirlord
81921,Utkir Yusupov
81922,Odildzhon Khamrobekov
81923,Royscer Y. Chara
81924,Khozhiakbar Alizhonov
81925,Sherzod Nasrullaev
81926,Farrukh Sayfiev
81927,Tim Eshmurodov
81928,Abdulrazak Abdulsamet
81929,Khozhimat Erkinov
81930,Akins Mozgovoy
81932,Ruslanbek Jiyanov
81933,Azizbek Amanov
81934,Ibrokhimkhalil Yuldoshev
81938,Azat Ganiev
81948,Tiago Souza
81952,Botirali Ergashev
81953,Abduvokhid Nematov
81954,Necidová Muteba N'Tumba
81956,Tahsin Midtskogen
81958,Hugo Alberto Adeola
81960,Hossam Abdelmaguid
81966,Dhruv Alva
81968,Trochowski Burtnyk
81970,Andy Le Borgne
81972,Alessandro L. Cardinali
81974,Kwiek Siviero
81975,Fodé Pascoal
81980,Bernauer Kutleshi
81981,Anaru Carrizo
81982,Umeh-Chibueze Stanisic
81983,Xaysana Helweh
81987,Nakamura Oyekunle
81988,Jelani Sambi
81989,Abdullayev Al Suwailem
81991,Mechele Wallentowitz
81994,Abdurahman Al Jamaan
81995,Zaher Makkawi
82002,Mattsson Roede
82003,Selam Blokhuis
82004,Janelt Wijnreder
82005,Ndenge Ederson M.
82006,Rafael Ribeiro
82080,Woo Young Zaddy
82083,Tadjidine Mmadi
82084,Lisa Reuteler
82087,Mario D. Lavelli
82088,Mario Soriano Mosconi
82095,Jeon Yong Jun Garuccio
82096,Imada Mbula-Monga
82097,Shotaro Phillis
82099,Manzorro Dills
82100,Samad Krslovic
82101,Lachie Chalida
82102,Elene Lete Saglam
82103,Raja Nazir
82104,Jaspreet Serdar
82105,Sirozhiddin Kuziev
82106,Elene Lete Zhang
82107,Corean DongHyun
82108,Jaehun Holtman
82109,Brad-Hamilton Mantsounga
82113,J. Alfaro Kokosiński
82117,Manu Rodríguez
82118,Nico Riestra
82119,Digbeu Gouras
82122,Shirokov Harwood
82124,Selton
82127,Mangraviti Trollsas Fenger
82128,Etete Moreno Fell
82130,Eugen Carlos Vinícius
82133,Warshawsky Lung
82134,Chipego Altare
82136,Volchenkov Dhakir
82137,Amahl Teleri
82138,Izhak Hammoudi
82139,Nanasi Bolcato
82145,André Luiz Emrehan
82146,Töpken Peteris
82147,Alibeyova Al-Najar
82150,Sixten Grischa
82151,Theodor Lundbergh
82154,Lirim Vozar
82157,Nderim Djaka
82162,Twigt Cárcamo
82172,Bil Nsongo
82176,Matties Volckaert
82177,Yeon Je Woon Sahi-Dion
82178,Lima Ferreira Müggenburg
82179,Rúben Neves Rominigue
82180,Asier Hierro
82181,El Ouarti Leveälahti
82182,Antton Nylund
82183,Ainoa Gómez
82184,Laia Martret
82185,Nalani Twisk
82187,J. Chaverra Rowswell
82188,Won Akhamrich
82190,Mechele Khadr
82191,Ayensa Gulasi
82192,Deeb Kol
82194,Pharell Hensel
82197,Barnaby Vilches
82199,Foreman Moss
82201,Armandas Raudonis
82203,Keeto Thermoncy
82204,Awate Dodote
82207,Haithem Godwin-Malife
82208,Sólbjørn Libby
82209,Wanitzek Al Saadi
82210,Mbassey Al Dawood
82212,Laufey Trstenjak
82220,Hamzaoui Mastouri
82236,Edimilson Al Harrar
82240,Williams Ntambue Belammari
82244,Sim Kapor
82245,Rawlings Aloko
82246,Daniar Enggård
82252,Mario Domínguez
82253,Williams Ntambue Ayensa
82254,Kassim Roesch
82260,Coda Haughey
82262,Alain Laprida
82264,Jelínek Foket
82267,Paogoumang Singson
82269,Jhon Tilman Omsberg
82278,Alim Shova
82294,Oswin Appollis
82308,Mbekezeli Mbokazi
82313,Gogou Hangshing
82314,L. Ramazani Gruev
82318,Lü Roger Martínez
82321,Chiriches González Pirez
82329,Miedema Lasheen
82330,Lushendry Martes
82331,Jankovska Zwart
82332,Ayina Ouarghi
82333,Shaqueel Yuta
82334,Minati
82335,Adirizak Hamdani
82342,Hnamte Janyszka
82346,Lloris Nicolás Vicelich
82349,Rami Foxe
82350,García Alvear Harkin
82352,Jens Martin Matuanana
82353,Aarøen Tchamda
82354,Dackers Odera
82355,Mabika Ishuayed
82358,Haithem Bettoni
82360,Harald Byambadorj
82365,Birmančević Titulaer
82367,Alibeyova Al Mufarrij
82368,J. Godinez Park Ju Seung
82369,Abdurahman Al Muhaisen
82370,Hugo Alberto Ashi
82378,Cielo Tschantret
82383,Dujuan Rajak
82392,Jankovska Schlich
82393,Fareani Penders
82394,Naba Maxamed
82398,Ansah Pablo Maffeo
82400,Ahmedhodžić Fatouh
82404,Cupido Gonçalves Rubin
82405,Cupido Gonçalves Blackman
82406,Dursun F. Conceição
82407,Doruk Kučerová
82408,Garven Metusala
82409,Jiménez López Duverger
82410,Coufal Huff
82424,García Gómez Kouraklis
82425,Brodrick Kalkidan
82426,Mylo van der Lans
82427,El Fakiri Legendre Quiñonez
82428,Pery
82432,Rodrigo Rêgo
82434,Chinta Frangella
82435,Tarapu Macchioni
82439,Tommy Marqués
82440,Jorge Montes
82451,Jykese Faïz
82452,Eyyüb Yasar
82454,McLaren Mardochée
82483,Boben Redushko
82485,Dahlia Tijman
82487,Thabang Matuludi
82493,Khulumani Ndamane
82497,Thalente Mbatha
82500,Groenen Champagnac
82507,Tshepang Moremi
82508,Seok Ho Rusen
82509,Rabino Mofokeng
82511,Sascha Nandja
82517,Eder García
82521,Algassime Cicale
82522,Lakra Devitt
82523,Fiston Mayele
82524,Ambrósini Dzevlan
82657,Akshat Mehra
82659,Mangal Vinjor
82663,Chytil
82665,Carlos Macià
82666,Younes Jaber El Meftahi
82667,Johanne Arana Mugueta
82670,Maddi Torre Chrisene
82671,Ndidi Obougou
82674,Marcos Leiva
82675,Unax Ayo
82676,Houssam Kounia
82677,Carla Abdón
82678,Sonsoles Martín
82680,Adaramola Kleis-Kristoffersen
82681,Javi Boñar
82687,Rúnarsson Dittrich
82689,Rovina Kim Hyeon Deok
82694,Mattheo Guendez
82696,Owusu-Abeyie Eymard
82697,Iliès Abdelkrim
82698,Okoye Gibs
82700,Emanuel Moss
82701,Park Sang Hyuk Owusu-Abeyie
82702,Erblin Sadikaj
82703,Jan-Peter Xiaoke
82704,Adaramola Ilic
82710,Sharahili Cata
82715,Servian Habib
82726,Lauryn Sønstevold
82728,Steres Sheraldo
82729,Jiegei Cleaves
82730,Misa Sissokho
82733,Josué Limberth Eversen
82735,Tendayi Belloni
82736,Jinairo Jepsen
82738,Dajaku Britos
82739,Karademir Quetant
82740,Yiadom Dennisson
82741,Formoso Serpa Fernando
82744,José Neto
82746,Salvador Blopa
82751,Noé Carrillo
82755,Dani Martinez
82756,Jorge Cestero
82761,Marijan Österreicher
82763,Nu Lobatón
82765,Worrall Scutt
82766,Nunes Jesus Sulejmani
82767,Cenny Nacho Ferri
82771,Milly Round
82772,Hocking Bano
82777,Lado Akhalaia
82781,Sabri Ben Hessen
82783,Priyansh Dubey
82784,McEleney Schjønning-Larsen
82787,Källström Legolas
82789,Abdihakin Ouazane
82808,W. Viera Trepy
82811,Deena Ofli
82813,Ulrik Yttergård Manuba
82814,Fallenius Choi
82816,Francis Schenten
82820,Tiago Duarte
82822,Alexandria Staff
82828,Famara Vogler
82830,Marcos Vinícius Mrden
82832,Fellaini Foster
82834,Kareem Tunde
82835,Muteb.M Diks
82838,Albarracín Millgramm
82839,Nampalys Verkooijen
82840,Guðjohnsen Agboluaje
82844,Velasco Elasri
82845,Taimi Schnitzer
82847,Benassi Kaltefleiter
82853,Bendito Mantato
82854,Mathis Avlayici
82856,Kamil Efe Üregen
82862,Kader Steinmann
82864,Odelia Steinke Brånby
82865,Marrugo Andradóttir
82866,Geon Hee De Abreu
82867,Frendrup Ersoy
82869,Pérez Muñoz Bento
82876,Hrannar Snær López Andúgar
82879,Cole Flax
82883,Iqraam Rayners
82884,Mauro Smarra
82887,Yiriyon Gbemi
82889,Jyldyz Acito
82892,Kuryu Rolf
82893,Mangal García Domenech
82895,Iván Sánchez Renée
82899,Thomassen Fernando de Jesus
82902,Ajak Riak
82904,Andrej Svitlana
82905,Riyad Lakra
82906,Droguett Krčík
82907,Mestanza
82908,Adaramola Juckel
82909,Shour Kontouris
82911,Devlan Miramar Rocha
82914,Aodhan Dinescu
82919,Llyton Chahed
82923,Victor Lebas
82924,S.Velásquez Haroun
82925,Sabri D'Urso
82926,Ramez Al Attar
82927,Midtskogen Al Najdi
82931,Jeyland Rith
82934,Aida Esteve Borland
82936,Julio Díaz
82937,Iker Luque
82938,Jill Yazed
82947,Robson Leandro
82948,Flávio Gonçalves
82952,Marian Huja Houdayer
82954,Diego Fuentes
82957,L. Gordon Sulejmani
82958,Alexandria Zaverdinos
82959,Sellassie Helgesen
82962,Lebedeva Kamber
82967,Gizo Maciel
82968,Alysson
82971,Raif Adaramola
82972,Oliveira de Araujo Grass
82974,Li Huayang Sambrook
82975,Mario Soriano Alborghetti
82976,Marester Doğukan
82977,Rashmi Thiland-Herard
82978,Ilane Tehe
82991,Nderim Neves
82993,Daniel Semedo
82994,Alim Bentley
82995,Mariatou Nasser D.
82997,Cristian Carracedo Dóra
82998,Pavlos Pantelidis
82999,Ademar Choi
83000,Tarek Hamed Andō
83004,Jaritz Grünwald
83006,Targett Gunay
83007,Guilherme Luiz
83008,Saikuba Jarju
83009,Amirova Vicent
83012,Aubrey McKeen
83014,Chenjie Norburn
83016,Doni Arifi
83018,Dieguito Raúl De Tomás
83019,Rubina Isife
83022,Gianna Owusu-Abeyie
83023,Hanan Geipl
83024,Kim Bo Sub Suliafu
83025,Laney Rouse
83026,Lebedeva Ghazala
83027,Meila Bravo
83028,Nu Irow
83029,Mimi Toshevski
83031,Sulejmani Vicent
83032,Capello Lageyre
83033,Karsyn Cherry
83034,Kat Rader
83035,Braihan Ontivero
83042,El Wafi L.Camino
83043,Lloris Nicolás Mikulić
83044,Jin Hong Ulemu
83046,Lima Cardoso Copley
83047,Dajaku Philippe Paulin
83049,Hernan Loick
83051,Vilches Grünwald
83052,Tong Hyon Robaldo
83053,Garnier Duan Liuyu
83054,Cortés Gracia Valladolid
83055,Coruche Mendes Lothar
83056,Josh-Duc Nteziryayo
83057,Prosper Obah
83058,Kain Adom
83059,Ko Pil Gwan
83060,Luis Hernández Learned
83061,Son Jeong Beom
83063,Beck-Ray Enoru
83064,Musah Al Ali
83065,Ejike Julius Opara
83066,Ricardo Mathias
83067,Gcinile Siame
83068,Dilan Alí
83074,Ibon Badiola
83075,Aristizábal Nahany
83076,Danyal Al Habeeb
83077,Rafael Lutkowski
83078,Williot Najdovski
83081,Morita Mackail-Smith
83082,Johnny Cardoso C. J. Sánchez
83084,Roni
83085,Adrián Welliton
83086,Kartum Case
83087,Yeicar Paramjit
83088,Ahadme Agyekum
83089,Antonio Gomis Troise
83090,Manex Lozano
83091,Pello Arana
83094,Coruche Mendes Marai
83102,Adriana Ranera
83103,Success Ameyaa
83106,Emmet Saynab
83107,Catalina Alasia Ongaro
83108,El Sheiwi Byrnak
83112,Olaug Tvedten
83116,Lisa Halter
83117,Evan Eghosa Aisowieren
83118,Chalida Márton
83120,Gent Guliashvili
83121,L. Lima Jennissen
83122,Sutherland Loftchek
83123,Ime Udo Ndon
83124,Hugo Alberto Barabaa
83125,Rayamajhi Zane
83129,Arvin Patzi
83130,Jackie Bucknor
83132,Amane Růžena
83133,Li Huayang Erb
83136,Abdurahman Al Ajian
83137,Suleman Sani
83138,Moa Edrud
83139,J. Pereyra E. Clemente
83141,Wasiima Midtskogen
83143,Hugo Alberto Azzam
83144,Facundo Al Ghamdi
83146,Mickel Al Sarnoukh
83150,Andreea Kitahata
83152,Sulejmani Sloane-Rodrigues
83153,Luo X. Padelski
83154,Laczkó Klenke
83155,Rúben Neves Wojdelko
83157,Mirann Gacioch
83158,J. Chaverra Crole
83159,Lehner Ullmark
83161,Pradhan Al Shanqiti
83162,Abdurahman Al Zaynaldeen
83163,Magnino Caldeira
83164,Eyad Housa
83165,Essam Bahri
83166,Abdullayev Al Khanani
83167,Geovanny Bakari
83168,Marta Carrasco Hugo González
83171,Borislav Rupanov
83174,Tymoshenko Gidado
83175,Tait Schreuder
83176,Estupiñán Merién
83177,Ji Jiabao Bateman
83178,Karamba Gadzhev
83180,Raheem Borimir
83181,Mihov Pia
83182,Kajetan Faasse
83183,Odhran Carracedo
83184,Maedine Makhloufi
83185,Aarøen Loupalo-Bi
83187,Jankovska Grundt
83188,Ohashi Agougil
83189,Aldaír J. Angulo
83193,Seok Ho Caillet
83194,Arshakuni Lallias
83195,Terho Panduro
83196,Eva Navarro Naia
83197,Andrieu Králová
83198,Esma Meili
83199,Tambudzai Norburn
83200,Markanich Vojta
83201,Diogo PP Ťapaj
83202,Charles-André Qi-chen
83203,Emerson Negueba
83205,Italiano Heskey
83206,Paul Bismarck Tabinas
83207,Brewster Burkitt
83208,Kenay Myrie
83209,R. Barbosa Melati
83210,Hyunwoung Masic
83212,Hugo Burcio
83213,Ulices De Menses
83214,Roberto López Himbert
83216,Vasco Moreira
83218,Elson José Gabri Veiga
83220,Diogo Bezerra
83222,Welinton Torrão
83223,Lombard Balbo
83224,Zé Franco
83226,Ali Badra Denholm
83227,Abdul Kader Moussa Kone
83228,Ahmedhodžić Telalovic
83231,Iraia Jiménez
83234,Álvaro Leiva
83235,César Palacios
83236,Jocelin Ta Bi
83240,Jézéquel Sulejmani
83244,Bede Oesterhelweg
83245,Targett Tófoli Laranjeiras
83246,Rayamajhi Mantilla Pérez
83247,Boatwright Buse
83250,Shion Shinkawa
83253,Nderim Khamees
83254,Likmabam Rakesh Husic
83256,Wuytens Biazid
83257,S. Romero Hingerl
83259,Puso Dithejane
83262,Odelia Aïssat
83263,Summerwill Wy
83264,Worrall Zengue
83265,Liuyu Lyes
83267,Gytis Paulauskaas
83270,Eythor Bjørgolfsson
83271,Iason Nempis
83272,Oum Gouet Conchita
83273,Geon Hee Guga Rodrigues
83275,Alibeyova Youssif
83277,Álex Sánchez
83278,Targett L. Souza
83279,Riyad Metu
83280,Macy Bisiligitwa
83281,M. Monzeglio Lardner
83282,Ehibhatiomhan Ermin
83287,Redondo Ferrer Mato
83293,Jeh
83295,Raschl Sarli
83296,Nas Malý
83297,Odoffin Addo
83298,Abubakar Noraini
83299,Malepa Din-Licaciu
83300,Fairchild Laurelli
83301,B.Whaeshi F.Alsubiani
83302,Nuhiu Alcaide
83303,Sobha Hakim
83309,Bataillard Gard
83312,Johnston Min Seong Jun
83313,Mwiche Roselli
83314,Morita Raúl De Tomás
83315,Alejo Dramisino
83316,Jin Hong Ingratti
83317,Ings Lothar
83318,Oum Gouet Madero
83319,Ransford Amoo
83321,Caeiro SoonMin
83322,Slade Starnes
83324,Nakamura Seo Yeon
83326,Rajiya Lima Correia
83327,Jaidyn Cohade
83328,Rayamajhi Dudok
83329,Thaiel Panák
83333,Kwaku Agyabeng
83334,Scognamillo Rong
83335,Rami Dalgado
83339,Chalá Spoden
83340,Naoufal Bohamdi-Kamoni
83342,C. Franco Carluccio
83343,Mario García Ermin
83345,Adrián Diéguez Jagušić
83346,Kenyel McGeouch
83347,Marlon Lourival Gil Pareja
83349,Desábato Crego
83350,Ryuki Cena
83352,Rohan Rajagopal
83353,L. Ramazani Maarja
83355,Daniella Morosini
83356,Brodrick Larregui
83357,Antonio Gomis Ramy
83358,Vanita Niflore
83359,Willyan Tsukanome
83360,Deeb Crișan
83361,McQuillan Gherasimencov
83362,Fellaini Sundstrom
83363,Kaiden Millenic
83365,Hakizimana Sarajian
83366,Flagellat Lorenzon
83372,Lee Isaac
83374,Pohjanpalo Einar
83377,UEL Draw Bellerín Moruno
83379,Zafeiris Madarász
83380,Birmančević Menzo
83381,Si Woo
83382,Martel Antonaldo Laforte
83384,Kim Ho Jin
83385,Osmar Generic 1
83386,B.Toure
83387,Yun Dae Geun
83388,Marney Larysa
83390,Zaldúa Bengoetxea
83391,Huang Zhengyu Tarbă
83392,Ramos Narváez Robbemond
83396,Kaïl Boudache
83398,Beno Selan
83401,Daniel Banjaqui
83402,Anísio
83404,Durdiyeva Gueladan Doué
83406,Andrieux Adjabeng
83410,Lucía Loras
83413,Kartum Kers
83414,Erlend Dahl O'Steen
83415,Seven Castain
83417,Eva Llamas Al Bakr
83420,Candelaria Mangal
83422,Eugen Jainikoski
83424,Sverrisdóttir Dellarose
83426,Elbouzedi Egizii
83428,Carlos Fernández DeLisle
83429,Pseftis Tulián
83431,Samad Vanegas
83432,Carolyn Calzada
83433,Daniella Farrell
83434,Ina Klavan
83439,Jussef Nasrawe
83451,Kevon Godwin-Malife
83453,Lirim Rafaelli
83455,Calero Villa Linberg
83456,Gijselhart Shoola
83460,Ousou Sykut
83463,Nigar Meshack
83464,Richárd Beliandjou
83465,Hugo Alberto Ati Allah
83467,Lovis Bierschenk
83468,McGeouch Scharlau
83469,Ahmedhodžić Al Siyahi
83470,Chira Mato
83471,Cho Young Jun
83472,Fairchild Bais
83473,Jagoda Cyraniak
83474,Adaramola Berkay
83477,Zoárd Mudiwa
83478,Jordynn Dudley
83479,Chukwueze Mantilla Pérez
83480,Kevin dos Santos
83481,Rodrigo Freitas
83482,Jørgen Voilås
83483,Talaslahti Carlos Albarrán
83485,Hunziker Romaine
83492,Kyan Sagna
83493,Mamat Roos Trujillo
83494,Quanbo
83495,Kartum Yoke
83496,Salim Fago L. Áfrico
83497,Samanta Yonis
83498,Jano Monserrate Maraude
83499,Dajaku Piña
83500,Manon Javier Nicolas
83501,García Gómez Katris
83502,Malepa Ruiz Gámez
83503,Talisson
83504,Derlan
83505,Márcio Rosa
83517,Izan González
83520,Ben Arziani
83521,Audrey Lalrochana
83522,Wetklo Victor Britto
83523,Carlos Navarro
83524,Glory Nzingo
83525,Jun Strachan
83526,Jiegei Lalmuanawma
83527,Sanyor Chuang
83528,Lalngaihsaka Lalnuntluanga
83529,Salvio Mwawi
83530,Matheus Frizzo
83531,Antonio Gomis Verinac
83532,Arielson
83533,Eva Llamas Al sobhi
83534,Alibeyova Azaizeh
83536,Carreras Pagès Bogere
83537,Calem Bridget
83539,Klusner Paolucci
83541,Moxon Homssa
83543,Isnairo Reis Sønstevold
83544,Matías Hernández
83546,Ryuki Cuestas
83548,Sobuza Sawaan
83550,Ramos de la Flor Ichihara
83552,J. Alfaro Ligocki
83555,Töpken Plantinga
83556,Ingmar Mokhosi
83557,Markiewicz Lingman
83558,Natnael Abraha
83559,Adaramola Branislav
83560,Taha Abdi Park Kyung Bae
83561,Ji Sung Souprayen
83562,Jug Stanojev
83563,Pérez Iglesias Al Menhali
83564,Muteb.M Mbala
83565,Thorhallsson Noubissie
83568,McNamee
83573,Jiong Milosavljevic
83575,Rubina Kleinheisler
83576,Mariño Bokhno
83577,Majasaari Lothar
83578,Bouke Boersma
83579,Gijselhart Gelini
83580,Tanush Arana
83586,Irati Alfaro
83587,Eugen Kalinger
83588,Ane Bordagaray
83589,Ahadme Massaccesi
83593,Eugen Alaggia
83595,Isolde Nasso
83597,Alkain Mitxelena Sepulveda
83602,Rúnarsson Emilija
83603,Tette Marija
83604,Florentino Vivó Ondoa Onambele
83606,Sim Bukinac
83608,Abdülkerim Nabza
83610,Aviel Zargari
83612,Gaxha Koloto
83613,Nandha Puddu
83616,Aleksandar Radic
83617,Antonijo Janjic
83618,Matthaios Tsigkas
83620,Haydeer Abdulkareem
83621,Ebindas Yesudasan
83622,Victor Bertomeu
83623,Ylinn Tennebø
83624,Oliveira de Araujo Fathimath
83625,Andrej Troelsen
83626,Zhechao Belko
83627,Abdelli Khalaihal
83628,Karamoh Nishiya
83629,Ayodele Sólbjørn
83631,J. Chaverra Sadiku
83632,Kean Sauck
83634,J. Godinez Ángulo
83635,Kapacak Flórez
83636,McEleney Mantilla Pérez
83637,Halam Loboa
83638,Mario Soriano Tirelli
83639,Davide Pio Stabile
83644,Antonio Gomis Imputato
83645,El Khannouss Adiele
83646,Michée Ndembi
83648,Ato Ampah
83650,Nikée Yuni
83651,Donga
83653,Belec Gökhan
83654,Kassi Al Lazam
83655,Rúnarsson Gutmann
83656,Maksimov Agerholm Olsen
83657,Bori Thiele
83658,Yogendra Grzywińska
83659,Ben Örn
83660,Male 2 Park Seung Ho
83661,Alvin Obinna Noronha
83662,Aldahir Tongagara
83663,Isolde Deligiannis
83664,José Sá Gnali
83665,Keshim Al qahtani
83666,Eldin Ahamada
83667,Djaoui Pasveer
83670,Marek Tabisz
83671,Leia Varley
83674,Oshilaja
83675,Lee Ye Jun
83679,San Bartolomé
83680,Wynona Kassary
83681,Marharyta Gbomadu
83694,J. Chaverra Bogere
83696,Kyriakopoulos Van Parys
83697,Álex Rubio
83698,Ryan Guilherme
83699,McEleney Agbekpornu
83700,Andrievskyi
83701,Marcos Victor
83704,Hikmat Cabrayilzada
83705,Reitz Soner
83707,Iñigo Piña Sachse
83708,Unax del Cura
83709,Vojin Serafimović
83710,Styopa Mkrtchyan
83711,J. Alfaro Grelich
83712,Nunes Maziarz
83717,Claudia Florentino Jabrane
83718,Ji Eun Seong Jin
83719,McPherson Mlinarić
83720,Geovanni Tuypens
83721,Osvald Søe
83722,Marrugo Nanor
83724,Estiven Ugrinic
83725,Jago Ghareeb
83726,Williamson Oka
83727,Leandro Antunes
83728,UEL Draw Ekblom
83729,Rassa Priest
83733,Carly Wickenheiser
83734,Aaro F. Gaibor
83735,Antiste Šuto
83740,Manjit Toutou
83741,Geiner Maniatis
83744,Necidová Melati
83745,Can Armando Güner
83747,Saël Callister
83748,Rubén Alves Inacio
83749,Javi Villar Heghine
83750,Marcos Paulo Cechal
83751,Lirim Reggiani
83752,Fellaini María Miralles
83754,Odion Hencke
83755,Markiewicz Zegarra
83756,Pah Franck Gouhon
83757,Cosgrove
83758,Choi Ju Ho
83759,Jo Min Seo
83760,Sinan Kanvar
83761,Kwon Gi Min
83762,Heo Jae Won
83763,Carabalí Flagellat
83765,Park Min Jae
83766,Yoo Seung Jae
83770,Huang J.H. Teodoro
83778,Pedro Rosas
83779,Kevyn
83780,Guilherme Romão
83781,Zeega
83782,Ismael Fadel
83784,Männel Viereck
83786,Woud Würzberger
83789,Ismaïla Czapliński
83791,Adaramola Żabicki
83794,Diogo PP Czeremski
83795,Cayetano Bolzán
83797,Cuenca Aranda Edudzi
83798,Jonny Emefile
83799,Vilaça Teixeira Kerimov
83800,Maria Llorella
83801,JinHyuk Candia
83804,El Bachir Nagatsuka
83805,Williams Arthuer Al Honaifesh
83807,Illok Maeline
83810,Rouault Renat
83812,Yerliane Moco
83813,Hugo Luis Afriyie
83814,Williams Ntambue Ezzejjari
83815,Daniella Dike
83816,Napias Groenewald
83817,Adirizak Bourabaa
83818,Crispin Masoud
83819,Ndenge Vilches
83823,Jani Ceglarz
83825,Jani Matras
83826,Lirim Tevere
83827,Owusu-Abeyie Maurya
83830,Hrovje Babec
83831,Trinkaus Malý
83832,Daniella Rakhman
83835,Nderim Streit
83837,Inigo Martin
83838,Dzhumalieva Kallaku
83840,Mariasun Quiñones Babovic
83841,Pritam Kumar Sanyasi
83844,Minduk Göttlicher
83845,Oliveira de Araujo Kudo
83847,Bland De Kerf
83848,Samuel Leach Kangwena
83866,Kang Ji Wan
83868,Marcos Vinícius Inva
83869,Hashmi
83870,Kim Jae Hyeon
83871,Kim kang
83872,Oh Hyung Jun
83874,Lee Hyo Bin
83875,Jo Won Woo
83876,Yeo Jun Yeop
83877,Lee Jeong Hyun
83878,Kim Eo Jin
83880,Choi Ji nam
83883,Elma Somon
83887,Rubina Wiafe
83896,Dzhumalieva Ahijado Quintana
83897,Lloris Nicolás Andreas Eines
83898,Mugoša Cywińska
83899,Lisa Duré
83900,Dias Belloli Grünwald
83901,Mugoša Leivas
83903,Etoga Semmle
83904,Jin Hong Tarán
83906,Samanta Cuiza
83907,Gijselhart Guga Rodrigues
83908,Ings Raúl De Tomás
83910,Canning
83912,Savvas Michos
83913,Audenirton De Wannemacker
83914,Lisa Milan
83915,Yaell Ruben F.
83916,Douwe Vernooij
83917,Jesaja Montilla Martínez
83920,Fellaini Mokhosi
83923,Tonev Würth
83924,Marlon Lourival
83925,Jager Batoum
83928,Pijus Ogbene
83929,Johanne Gihyeok
83934,Riyad Karoline
83936,Hunziker Mujica
83937,Daniella Franjo
83943,Abdulrazzaq Awaji
83944,Rohlupuia Denarie
83946,Pirosch Feng Zhuoyi
83947,Nadezhda Sahal
83948,Wolfe Peverelli
83950,Flagellat Risso
83951,Arnould Kabba
83952,Deepprobhat Gautrat
83953,Leewan Castanha
83954,Umer Muhthar
83955,Luis Otávio
83956,Ross Al Jadaani
83957,Amond Boshoff
83958,Jur Saida
83960,Kim Yong Hyeok
83961,Kong Bae Hyeon
83962,Jeong Kyu Min
83963,Oh Ha Jong
83964,Lee Yoon Sung
83987,Malaitai Puala P. R.
83990,Mateus Pivô
83992,Procházková Jamaan
83993,Lü Al Bureh
83994,Rudi Almeida
83995,Farnias Almeida
84001,Lalthankima Khiangte
84003,Juwel Ahmed Mazumder
84004,Moulaye Han Ch.Zh.
84006,Bungson Serdar
84007,Rishi Serdar
84010,Leblanc Hocine
84012,Marcos Paulo Malysh
84016,Okay Denham
84017,Abduhamit Sopio
84019,McEleney Hulan
84022,Tiago Coimbra
84024,Jonjić Diogo Leite
84025,Adrià Gelardo
84026,Dajaku Pedrozo
84027,Jagiełło Roncal
84028,Johanne Urso
84035,Wang Sh.Y. Bujard
84036,Keiber Roa
84037,Siraçhan Radeljić
84038,Odoffin Hadžikić
84039,Mangal Zlomislić
84041,Ina B.Thompson
84042,Ryuki Pedro Luís
84047,Marten-Chris Paalberg
84058,Marlon Lourival Raúl De Tomás
84059,Nanasi Ruotola
84060,Desábato Simoes
84061,Aritz Gil Pareja
84062,Antonaldo V. Søjberg
84065,Browne Zamblé
84066,Kartum Paudie
84069,Bagheria Faria
84070,J. Chaverra Mesías
84071,Atiya Waraga
84072,Salvatore Maseabata
84080,Mamedi Dobrogeanu
84084,Hamse Shagaxle
84085,Benaglio Hoch
84087,Nampalys Fábio Jaló
84092,Lirim Feler
84093,Nonso Adimabua
84095,Minki Aherne
84098,Isnairo Reis Jasinski
84099,Sulejmani Calheira
84100,Vivek S
84101,Andrieu Jepsen
84102,Viktória Chust
84104,Rouven Tarnutzer
84105,Nartey Varelmann
84108,Jiménez López C.Tárrega
84109,Williams Nives
84116,Budu Gültekin
84119,Mario García Yucheng
84120,Sergi Solans
84122,Rizky Ridho
84124,Agüero García Raf
84125,Ramadhan Sananta
84126,Puliang Binyamin
84131,Yance Sachdev
84132,Bazzoli Putra
84134,Amra Al Yuhaybi
84135,Fairchild Varese
84136,Johannes Pipo
84138,Wolfe Oyarzo
84142,Kang Dong Hwi
84163,Airton Moisés
84164,Nikan Bamdadnejad
84165,Amond Ezkieta
84167,Shahryar Nikdel
84168,Pourang Shakaramy
84169,Nwankwo Rastafan
84170,Bozorgmehr Haijan
84171,Arano Rostamfar
84172,Jahangir Peerfalak
84173,Peyman Sorrengar
84174,Arsalan Anushfar
84175,Puya Ganjineh
84176,Iliyan Babar
84178,Mousa Rayanejad
84179,Ash Nasserpoor
84180,F Cedres Schayan
84181,Samsam Mantra
84182,Arturo Adolfo Toranj
84183,Alkain Sinapour
84184,Dariush Mathéo
84185,Samsam Bahador
84186,Tiam Farzanian
84187,Sepehr Delavar
84189,Gurgen Shahab
84190,Kianoush Shadi
84197,Mpmekelelo Affkari
84203,Deeb Yanakov
84212,Diego Benjamín Trevitt
84216,Kim Jeong Wan
84217,Ahn Jun Gyu
84218,Baek Seung Hwan
84219,N'Mai Cywińska
84220,Kelley
84221,Jang Yeon Woo
84222,Choi Ryun Seong
84223,Park Jae Hun
84224,Targett Leyton
84238,Andrés Antañón
84243,Sim Nissen
84244,Jean-Baptiste Bosey
84249,Zinebi
84255,Odion Maltseva
84256,Reis Gonçalves Mörth
84266,Eugen Tomás A.
84268,Álvaro De Pablo
84271,Alexandria Saynab
84272,Rajiya Kambuaya
84277,Pranciskus Menacho
84278,Hugo Cardoso
84279,Nascimento Borges Vakouftsis
84290,Manuel Ángel
84291,Jiegei Josué Limberth
84292,Bjørshol Asumang
84293,Rubina Salter
84294,Thorne Pratima
84295,Ranger Eustacia
84296,Reangelo Heimers
84297,Riyad Rosamaria
84298,Jameson Albertus
84299,Rijairo Alexandria
84300,Lalito Macks
84301,Rui Patrício Apolonia
84302,Reis Lima van Rooi
84303,Cheto Merencia
84304,Elivelton McCarron
84305,D. Luna Nigellus
84306,Ji Sung Anastatia
84307,Kelmer Mannone
84308,Raţ Fabricia
84309,Caridad de Ridder
84310,Gerandruw Mahamé
84311,Joenathan Amirova
84312,Lolley Bernardina
84313,Roystin Sakho
84314,Claudemuner Andrey Santos
84315,Dieguinho Saji
84316,Jeromar Costantino
84317,Pohjanpalo Josephia
84318,Elimarkus Haruț
84319,Jhomier Gottfrid
84320,Joniarty J.Bianchi
84321,Di Pizio Ulani
84323,Esma Pipo
84325,Pseftis Lecchini
84326,Markiewicz Liu Zhenli
84327,Sirasasyha Trevitt
84328,Deyvid Sejas
84329,Coruche Mendes Urdininea
84330,Rayamajhi Xanthe
84331,Jairo Ralph Wila
84332,Jeong Chi In G. Ochoa
84334,Makan Winkle Cadamarteri
84335,Targett Cayuqueo
84338,Quinnso Raabe
84339,Wilfrido Bustillo
84340,Eugen Echeguren
84341,Jin Hong Enggård
84342,N'Mai Fathimath
84343,Nanasi Marotta
84344,Pack Robertsen
84345,Chun So G. Debeljuh
84346,Cate Hardin
84347,Mahamé Schupp
84348,Hancock Lothar
84349,Egger Baribo
84350,Ina Losenko
84351,Kaka Scabin
84352,El Fakiri Duan Liuyu
84353,Anto Didulica
84354,Eldin Chigozie Owen
84356,Anggoon Kudo
84357,Silvère Kango
84361,Yeyo
84365,Marc Aznar
84367,Evette Myung Joo
84368,Iván Sánchez Pol
84372,Lirim Schelfhout
84374,Hugo Bueno Chrisantus
84377,Arnijas Jeong Tae Wook
84379,Amadou Bamba Deyss
84383,Temilola Awoyale
84385,Mukhran Bagrationi
84386,Maycon Cardozo
84388,Ikem Ugoh
84390,Esat Yusuf Narin
84391,Arboleda Özyar
84393,Alexandria Ordal
84395,Júlíus Mar Júlíusson
84397,Liu Haofan Gihyeok
84399,Marrugo Natacha
84401,Stutter Hamamioglu
84404,Calvert-Lewin Melati
84405,Abril Reche
84407,Milhazes Agra Saldivar
84412,Kapacak Formido Paiva
84416,Musso Mesías
84417,Boyamba Fathimath
84418,Luis Mario Mauro Riboas
84419,Sánchez Farres Tyron
84420,Johnen Evelin
84421,Chun So Fedorchenko
84422,Farnias Almeida Fulgini
84423,Johanne Niflore
84424,Fisk Pacher
84425,Blas Marcelo Matheus
84427,Ingrún Younce
84428,Dalmiro Chuipa
84429,Ridgewell Hladek
84430,Fallenius Faúndez
84431,Fallenius Ogaz
84432,Nicolás Andrés Gabriel Jesus
84433,Jelínek Strnadová
84434,Neifer Ruhana
84435,Yimar Ospina
84436,Tymoshenko Raffaella
84437,Yoimar Min Seong Jun
84438,Rodrigo Gabriel Raúl De Tomás
84439,Fairchild Pablo Maffeo
84440,Flagellat Posse
84441,Stefano Mateo Tófoli Laranjeiras
84442,Mamat Bakari
84443,Manon Supatra
84444,Johannes Engelman
84445,Luca Agustín Fatou
84447,Samanta Tomás Händel
84448,Rubina Manon
84449,Samanta Urso
84450,Samanta Mirari
84451,Garv Madjed
84452,Andújar Drost
84453,Daniella Raúl De Tomás
84454,Alain Valdelamar
84455,Edimer Xiuwei
84456,Néider Ospina
84457,Bozinovski Zajmi
84458,Liuyu Mendes Mendes
84459,Browne Confais
84460,Jiang Wenhao Tayyip
84461,Mailis Hornos
84464,Jahyann Pandore
84469,Arick Betancourt
84472,Kujundžić Portella
84473,Iraia Soroa
84476,Nderim Vidal-Cartoux
84477,Jesús Bueno L.Hernandez
84480,Mamadou Billo Diedhiou
84488,Andrew Cherni
84493,Bárbara Flores
84500,Eugen Mantilla Pérez
84501,Eugen Pipo
84502,Naira Sílvia
84509,Lassen Brignola
84510,Fallenius Anso
84514,Jepsen Nsumoh
84521,Tarık Bagarić
84526,Fillafer Apetorgbor
84544,Liuyu Piedrahíta
84554,Rovina Diatara
84569,Luiggi Alburquerque
84570,Erblin Osmani
84571,Kartum Raúl Alberto
84573,Francisco Dias
84580,Diego Borges
84584,Laia Abdón
84590,Alain Coria
84595,Abdelmouhib Cemal
84596,Fallenius Tempone
84597,Pradhan Chen Po Liang
84599,Mohamed Amine Ben Hamida
84600,Bellerín Kleis
84601,Yoshan Valois
84604,Kastenmeier Axtmann
84609,Anton Ari E.Zhegrova
84610,Woodensky Paudie
84614,Samuli McKeown
84615,Riyad Mahuta
84616,Kaio César Paananen
84618,Metayer Haapanen
84620,Silbeiro Martins Straw
84621,Imamović Laye
84624,Farnias Almeida Muñoz García
84627,Adelan
84628,Eduardo Porto
84631,Nadeo Argawinata
84632,Wagstaff Sachdev
84633,Sherzod Temirov
84634,Momoh Jurgen
84636,Steinar Serdar
84637,Kadıoğlu Benarif
84648,Erynn Ferreira Vieira
84650,Kartum Sotto
84651,Hunziker Farminhão Dias
84652,Eugen Rosalie
84653,Ahadme Granja
84654,Fallenius Marc Cardona
84655,Rasmijn G. Ochoa
84656,Anesu Lothar
84657,Lafleur Duan Liuyu
84664,Grivosti Howieson
84669,Odelia Sjöstrand
84670,Cheikh Mbacke Diedhiou
84671,Sebsatián Gil Pareja
84672,Johannesen Tjiriange
84673,Jonjić Ranftl
84674,Kojam Beyong
84680,Mailis Chaparro
84681,Cupido Gonçalves Blažević
84683,Kakuta Masaoka
84684,Jaehun Adebola
84685,Szczepaniak Maseko
84686,Majasaari Paolucci
84689,Tamm Ranaweera
84690,García Alvear Sebine
84691,Andújar Schmalbach
84692,Manon Omsberg
84693,Geraldes Guggiari
85082,Javi Morcillo
85083,Jivayno Zinhagel
85085,Rayamajhi Gheorghiță
85086,Frendrup Payero
85087,Manon Maritz
85088,Enoh Cadhla
85089,Coruche Mendes Milos
85090,Jin Hong Klinger
85091,Carlos Daniel C.Tárrega
85092,Oliveira de Araujo Raúl Alberto
85093,Diego Rico Paolucci
85097,Jonjić Cansu
85098,Andres Patricio Puala P. R.
85105,Kökçü Oihane
85106,Issei Grossi
85108,Mame Alassane Najdovski
85110,Abdu Dafé
85111,Gil Martins
85112,Kartik Hantal
85113,Adaramola Hańćko
85118,Alexandria Berisson
85119,Nunes Cardoso Leonardsson
85120,Maiti Decherf
85123,Áki Rubén David
85124,Erko Tougjas
85129,Jinhong Drachal
85130,Rosan Dourado Abdurahman
85131,Abduklim Doina
85133,Samanta Cabrero
85135,Franco Agustín Duan Liuyu
85136,Juan Riquelme Animasahun
85140,Park Byeong Chan
85141,L. Ramazani Donkor
85142,Dejaegere Orué
85143,Gu Hun Min
85147,L. Ramazani Pappoe
85149,Kim Do Yeon
85153,Kim Ji Ho
85154,Abdulhakim Maghfori
85157,M. Ochoa Sharrahi
85160,Ahmedhodžić Al Abdellah
85161,Abubakar Olonga
85163,Raschl Matthew
85164,Raschl Villavicencio
85169,Jin Hong Movillo
85170,Chicco
85172,Nanasi L'Huillier
85173,Jann-Fiete Mantell
85176,Mallika Verkuijl
85177,P. Mukairu Niflore
85179,Juan Felipe Bettiol
85180,Pantschenko Kloosterboer
85214,Amgalan Visscher
85215,Leguizamón Touzani
85220,Iker Vadillo
85221,Torre Larrañaga Fitzharris
85224,Aymean El Hani
85225,Bara Sapoko Ndiaye
85229,Bané Derviskadic
85232,Seon Ho Lottici Tessadri
85236,Alejandro Morante
85239,Dyakov Colpo
85243,Luisinho
85248,Arnau Farnós
85255,Clarke Lakra
85256,Páez Canut
85258,Lima Correia Rakesh
85265,Jair Veiga Godelaine
85268,Hugo Alberto Adilson
85269,Pauleta Arnaboldi
85270,Shaparenko Reidy
85271,Mike Jusu Bah
85272,Falke Salaou
85274,Moens So Yun
85275,Carabalí Tsuyoshi
85276,Bidemi Amole
85282,Milja Kiviranta
85283,Kerry Howat
85284,Joao Barros
85285,Maksimov McAneny
85288,Tibe Lamare El Kadmiri
85289,Hilan Hamzaoui Slimani
85290,Nouhoum Kamissoko
85291,Humaira Roffo
85300,Augello Farrell
85302,Ben Hamed Pipo
85307,Odion Fara
85308,Dony Tri Pamungkas
85312,Folan Thisgaard
85320,Ata Yanık
85321,Sitroy Carmine
85322,Heikrujam Sanathoi Singh
85323,Aryaman Bengani
85330,Thelma Karen Pálmadóttir
85331,Valle Gómez Souprayen
85333,Jann-Fiete Deji
85338,Miguel Cubo
85344,Massiren Aït Zefrane
85345,Amnay Aït Zekran
85346,Yacel Amrizi
85347,Younel Amzighar
85348,Longstaff Amzouri
85349,Shapira Belkourim
85350,Rubén Peña Belouhane
85351,Wynona Benhouariq
85352,Qureshi Bensahriq
85353,Stefan Bensouhane
85355,Nadil Boudrissane
85361,Hocem Boulazem
85362,Royscer Bouzeyane
85364,Aferdis Imzuran
85365,Quanbo Khelzani
85366,Wilfried Kherzani
85367,Walem Mefrane
85368,Imrane Mezouqri
85369,Melyaz Mourkane
85370,Fayezel Oumazrane
85371,Yelisey Oumrani
85372,Mroziński Ouzrani
85373,Naïl Zerhouni
85374,F. Cardoso Zerouaniq
85375,Imranech Belhamzine
85376,Bhutia Boumezdar
85378,Lluc Castell
85383,Rodrigo Silva
85393,Hugo Bueno Dennis
85395,Belec Eskandarian
85396,Muteb.M Fondja
85397,Lisa Selma Sól
85405,Soberka Bomholt
85407,Eldin Balikwisha
85410,Javi Rodríguez Kilman
85412,Sólbjørn Vitalie
85414,Eren Cemali Yağmur
85421,Einar Hak
85424,Kaio César Vilches
85449,F. Cardoso Al Ramadi
85450,López Álvarez Al Jazrawi
85451,Montes Bayrani
85452,Qusay Muhuri
85453,Gutkovskis Al Qarawli
85454,Bassel Al Furatani
85455,Hossam Al Babilawi
85456,Kassim Al Maysani
85457,Miedema Habbani
85458,Pradhan Al Burjawi
85459,Feng Boxuan Al Anbaruni
85460,Kadıoğlu Al Anbaruni
85461,Kadıoğlu Moslawi
85462,Rodríguez Sánchez Ubaidi
85463,Wanyama Al Nahraniq
85464,Amra Dijlawi
85465,Hakam Diyalawi
85466,Insua Wasiti
85467,Adri Miranda Rafidaini
85468,Sukuta Shattari
85469,Mpmekelelo Al Habbani
85470,Sukuta Daraji
85471,Diyan Pitta Fonseca
85472,Nabih Furatani
85473,Queiroz Barcelos Nimri
85474,Vandui Al Biblawi
85479,Gatley Al Muqaddam
85480,Stuver Ibn Fayhan
85481,Prejmerean Al Sarhan
85482,Montes Al Rawabiah
85483,Naseem Rousani
85484,Stephens Al Awazim
85485,Przybylko Tayibeen
85486,Mwanajuma Maarouf
85487,Qais Bannoura
85488,Munther Abu Diab
85489,Kaboul Baramki
85490,Ron-Thorben Darwaza
85491,Mrowka Maari
85492,Ezri Al Tamriziq
85493,Gatley Nuseibeh
85494,Laith Wakid
85495,Jacob Bruun Zaghlool
85496,Stephens Mohasseb
85497,Odeh Sakka
85498,Kastenmeier Dewidar
85499,Ammer Al Sharkawi
85500,Marei Al Shorafa
85501,Moea Al Shuraymiz
85502,Waniss Badarini
85503,Lü Awazimi
85504,Wuytens Mohtasebi
85505,Carmen
85506,Johanne Berdymuhamedova
85508,Vollath Kiefersauer
85510,Estefanía Zoé González Cintrón
85511,Malangi Gmeineder
85515,António Gil
85529,Paudie Mounguengue
85530,Warneryd Diémé
85534,Belec Jungfleisch
85537,Daniella Sakubara
85542,Ahmeti Dagdevir
85545,Zeidane Çobanoğlu
85546,Shuangjie Mandey
85547,Tanti Wisbereit
85551,Nderim Vilches
85552,Markiewicz Nahuel Salvo
85560,Lemonnier Donkor
85566,Ravych Kroeze
85567,Riyad van de Pavert
85573,Nanasi Pipo
85580,José Sá Kanon
85641,Stucki Al-Razi
85642,El Mahdi Soliman
85643,Mickel Al-Razi
85651,Miguel Calatayud
85652,Diakhaba Lucea
85659,O'Rourke
85660,Tadej
85667,Oğuzhan Ertem
85668,Yiğithan Çubukcu
85671,Belec M Al Sahafi
85682,Medel Demirhan
85688,Emi Mahmić
85697,Kuvondik Ruziev
85701,Queiroz Barcelos Aké
85874,Moreno Lopera Petrovskyi
85884,Adamu Yüzgeç
85894,Bernardo Lima
85895,Isaac Valença
85897,Julián Bazán
85898,Adri Rueda
85901,Javi Antras
85902,Ana Coya
85904,Valle Gómez Chumachenko
85909,Galde
85918,Enes İlyas Seven
85946,Tanti Hobrecht
85948,Soufian Gouram
85955,Midtskogen Al Nashri
85960,Diogo Pinto Seok Ho
85971,Yannick Semedo
85973,Kelvin Pires
85985,Chinta Duan Liuyu
86009,Ettien Liddell
86010,Jelena Coyne
86011,Oumar Obolskii
86012,Dutría Pereira Gideon
86013,Aoba Guga Rodrigues
86021,Jaritz Raducanu
86022,Dajaku Socarrás
86042,Rodhier Lezama
86064,Yimvert Berroteran
86065,John-Joe G. Ochoa
86066,Toño Espinoza
86081,Fabio García
86083,Halimah Al Ghazal
86084,Ahmedhodžić Gabal
86087,Alibeyova Al Youssef
86089,Manu Serrano
86090,Narzary Rogowski
86091,Midtskogen Bumuaykel
86092,Narzary Gozdecki
86093,Noufal PN Gohlike
86094,Vinicius Cardenha Zacharewicz
86104,Aqtay Abdelli
86105,Mostafa Zico
86106,Gölgeli Abdihakim Ali
86128,Kamogelo Sebelebele
86202,Pablo Arana
86210,Hocking Sochůrek
86214,Pablo Osán
86218,Quim Junyent
86239,Sherzod Esanov
86240,Bekhruz Karimov
86241,Avazbek Ulmasaliev
86243,Mhamdi Jurkas
120274,Antonio Di Natale
132740,Jankovska Habib
135455,Maicon
138431,Raja Broun
138449,Kaká
138956,Giorgio Chiellini
140601,Nemanja Vidić
143076,Alejandra Bernabé Guga Rodrigues
143121,Jin Hong Shoola
146296,Anel
146947,Turner
152908,Ashby Wilhelmina
153048,Lê E. Valderrey
156519,Hou J.R. Havard
157481,Raúl Albiol
157970,Raikkonen
158023,Lema Mbick
159906,Cristofer Candero
159913,Alma Fuentoza
159920,Chun So Cordeso
159923,Relvas de Oliveira Ignacio Agustín
159924,Alex Lizañas
159925,Isaias Modonza
159930,Liu Haofan Carteldo
159932,Hagemoser Vienda
159936,Oriol Busquets Ketlun
159943,Augello Escavari
159944,Ozoliņš Rescondi
159947,Mariano Alcoraz
159948,Tijjani Emanuelson
159950,Braulio Deroz
159951,Anguissa Baredia
159954,Leblanc Nuno Santos
159957,Esma Lorcado
159959,Coruche Mendes Nieldo
159962,Gaston Hormaza
159964,Garro Suleziano
159967,Awate Simprende
159970,Edher Albavera
159981,Sansing Cardenia
159983,Giakumis Gruda
159988,Gijselhart Fuengos
159989,Chinta Lobella
159993,N.Aguerd Scatopano
159996,Nderim Lei
160000,Haruka Briceldo
160002,Ofelia Jonia
160014,Yerko Sanpian
160015,Marić Acerval
160019,Marta Carro Rocora
160020,Nderim Grinkov
160023,Frendrup Bentley
160030,Graafland Naballoz
160040,Marlon Lourival Gamonales
160047,Ariadna Mercelán
160053,Renan Lodi Andrero
160055,Raimundo Latorres
160059,Geon Hee Daralla
160060,Pranciskus Fardenal
160061,N.Aguerd Aguileda
160065,Emőke Evaldes
160069,Gamadiel Contreso
160075,Elma Acorada
160076,Luis Alejandro Munesos
160077,Antonio Gomis Danteón
160080,Theodor Park Bae Jong
160085,Diarrassouba Rueña
160090,Jarkko Arandero
160093,Adriana Nanclares Salvamanos
160096,McLaren Claudia Castro
160098,Jairo Ralph Labril
160102,Ben Yesib
160103,Coruche Mendes Abridego
160107,Enoh Goldeiro
160109,Chalida Lederos
160110,Erminia Merraño
160115,Szymon Andradóttir
160116,Seok Ho Altamiras
160121,Valter Leila
160126,Dursun Codesto
160128,Ceccarelli Despredal
160130,Rawlings Gaetaños
160137,Jose Antonio Ureyano
160138,Johannessen Gustaldo
160140,Mahamé Meñarez
160142,Marić Rentador
160145,Veiko Mansila
160162,Iñigo Piña Pacheco Flores
160165,Erlien Elgueta
160169,Vanita Vendil
160176,Raiee Milo
160177,Hancock Gairamos
160179,Hocking Sendiero
160180,Eryin Marcinal
160183,Malwin Inostros
160186,Tymoshenko Ermazabales
160190,El Hankouri Rescaro
160202,Jonjić Baiva
160203,Alhaji Busteño
160205,Audenirton Sonnleitner
160207,Juan Eduardo Adelalla
160210,Ogulbibi Kadowaki
160212,Farnias Almeida Grondoña
162328,Racioppi Otávio Gut
162347,Joardar
163264,Tanti Hanani
163587,Kaio César Saimon
163600,Jeong Tae Wook Riether
164484,Jeong Chi In D. Ceballos
165153,Kadıoğlu Benga
166124,Gheorghe Hagi
166539,Dejana Eran
166676,Rudi Völler
166691,Zico
166906,Franco Baresi
167134,Jean-Pierre Papin
167135,Carlos Alberto
167198,Eric Cantona
167425,Abedi Pelé
167495,Mahamé Nachela
167512,Sayid Višća
167663,Eugen Mantilla Pérez
167680,Ronald Koeman
167948,Hocking Levent
167959,Marcelo Grohe
169493,Flavia Fazzini
169498,Jeno Gabri Prestão
169798,Belec Heilferty
170114,Brayann Gmür
171877,Marek Hamšík
171923,Rouault Feulner
172522,Dajaku Vela
172553,Jesus Andradaldo Loureiro Carvalho
172723,Asish Beavers
173426,Seok Ho McKirdy
173734,J. Chaverra Villacorta
173895,Seok Ho Dumitrescu
175314,Kartum María Luisa
175851,Tomané
176137,Jakobsson Vaihere
176550,Daniella Odsonne
176571,André Luiz Aydın
176619,Adu-Adjei Puala P. R.
177279,Ricki Jamila
177373,Kåre Nanor
177413,Awate Vincent
177475,Tambudzai Sergio Gabriel
177683,Wang Q. Sheraldo
177922,Justine González Rodrigáñez
178287,Salomoni Arena
178363,Jeremejeff Pehlivan
178509,Nui Georgiadis
178562,Zaytseva Balogh
178566,Jae Moon G. Ochoa
180283,Kavaliauskas
180561,Halimah Al Halou
180818,Daniella Masao
181291,García González Vidosic
181458,Ina Parada
181468,David Samuel Boudouani
182091,Kipp Baniya
182156,Goikoetxea Unzalu Boga
182206,Raja Nijs
182365,J. Cuellar Jesús López
182409,Yajub
182411,Wilmar
182494,Farnias Almeida Monteiro Mendes
182495,Manon Cuiza
182520,Mangal Moro
182896,Raschl Reno
183339,Jefferies Benoist
183394,Miti Serra Álvarez
183491,Xhaka
183512,Wolford
183540,Barman Bamba
183544,Gmür Bukhari
183569,Elías Rafn Chiluba
183711,Ji Eun Harnik
183807,Pinto Gonçalves Amsif
183898,Zamble Demoncy
184040,Mangal Habib
184148,Jeeliár Collado
184167,Anto Mincheva
184200,Malwin Arnautović
184242,Fran Manzanara Noraini
184432,Azpilicueta
184457,Rajiya Yuya
184484,Gudzulic Sekgoma
184901,Schmeichel
185068,Jeongwoo Rith
185122,Pirinen Greger
185144,Marcinkowski Civeja
185349,Deeb Nkuba
185422,Jill Kenna
186122,Bushra Velthuizen
186139,Marissa J. Chaverra
186143,Nu Nemariam
186146,Damany Verhaegen
186148,Rekha Yassin T.
186153,Vinicius Cardenha Sotheary
186156,Lo'eau Ayelet
186190,Oumar Yuma
186197,Galloppa Kakuta
186200,Etete Borini
186267,Truffert Handanovič
186395,Marins Silva Ranaweera
186494,Mallika Ola-Adebomi
186508,Arianit Zenón
186555,Weverton
186569,Sonia Majarín Tijani
186680,Quignon
186905,Ashby Barcelos Damacena
186942,Zhao Xiaolong Guille Rosas
186998,Vilaça Teixeira Wang Yaopeng
187154,Naira Calzadilla
187157,Marins Silva Ghareeb
187796,Kochergin Defendi
188091,Floyd Grazia
188154,Lazăr Hernandes
188166,Marins Silva Paterson
188202,Wang Sh.Y. Sérgio Dutra
188278,Mallika Bilbault
188335,Antiste Bruns
188350,Maiti Rafael Martins
188377,Kovačić Vanegas
188400,Sólbjørn Jusung
188484,Abhishek Haugan
188524,Vadakkepeedika B.Traore
188538,Ulrik Yttergård S.AlAkouz
188545,Rares Laxmikant
188554,Dailon Rocha
188567,Paul Attila
188621,Aarøen Matilde
188782,McEleney Minki
188803,Steinar
188825,Ahmedhodžić Kailani
188836,Jackie Silviu
188943,Kartum Telford
188988,Mahamé Kwayera
189021,Joel Silva Macarena Portales
189060,Aleksandar Dompé
189117,Reimer Bálint
189155,Rubina Shuneeta
189160,G. Carneiro Marwane
189177,Jeong Tae Wook Fernando
189186,Andrieu Schmitz
189271,Fishel Collander
189280,Ashby Viana
189296,Erber Benzar
189303,Niemczycki
189324,Alex Marvel
189430,Seon Ho Clement
189456,Leblanc Cole
189462,Jorman Heo Kang Joon
189558,Barraza Rosa
189596,Sólbjørn Moss
189615,Aarøen Correia
189682,Belec Mee
189805,Lolley Young
189808,Oluchi Luo
189860,Ke Zh.
189881,Chimusasa Shadia
189908,Zheng Dalun Seungmin
190042,Diego Armando Maradona
190044,Bobby Moore
190045,Johan Cruyff
190046,Sócrates
190113,Mazzitelli Guillermo
190179,Daniella Conan
190180,Riyad Masaso
190195,Macias Rovella
190199,Zedadka
190239,Ji Eun Boulanger
190243,Maocha Helland
190276,Siv Solini
190324,Chinta Juan Felipe
190362,Sun Xuelong Pikkujämsä
190456,Mutiu Cinta
190460,Chinta Emanuelson
190569,Sim Fodor
190583,McEleney Shahruddin
190589,Sim Heather
190592,McEleney Shei
190607,Dani Sánchez Pogarch
190620,Damany Andrieu
190625,Jihyun Falkingham
190644,Helder Hugo Rubiães
190674,Ben André Luiz
190698,Jacintha Buitink
190700,Hugo Alberto Kim Keun Bae
190738,Hou Nanor
190745,Maiti Senaya
190765,Otayf Gonçalo Guedes
190778,Janis Yeon Won
190780,Salvatore Jepsen
190813,Sinamoi Edjouma
190815,D. de Wit Blackburn
190852,Caio Nunson Massengo
190868,Kranevitter T.Teuma
190871,Neymar Jr
190885,Adaramola Shahruddin
190939,Soler Fernández Chauvet
190941,Lobinger Hiruni
190962,Tanti Aldin
190972,Dzhumalieva Rotovnik
191043,Alexandras
191076,Jourdain Guaita
191202,N. Campisi Mariani
191208,Cha Bum Kun
191269,Ross Al Deayea
191528,Hilary
191569,Fölmli
191627,Marina Martí Randall
191628,Lafleur Cheikh
191655,Kim Seung Gyu
191730,Senty Prelec
191740,Andolšek
191783,Torijano Benzar
191972,David Ginola
191979,Jeong Jun Yeon
192119,Thibaut Courtois
192123,Chimusasa Vishal
192129,Koeman Nekesa Wafula
192181,Marco van Basten
192231,Jeno Dário Essugo
192250,Mario García Josias
192318,Malepa Guilherme Schettine
192319,Lo'eau G. Inácio
192342,Dávid Canti
192366,Nanasi Oganesyan
192387,Chris Ramos Højlund
192397,Pranciskus
192448,Maiiti Yulia
192450,Anesu Cokaj
192505,Reis Lluis
192546,Eli Junior Sinyan
192559,Garrido López Muzepper
192563,Bergman Lassina
192629,Huang Jiahui
192638,Majchrzak
192641,Kartum V. Quiles
192658,Samad Jordão
192678,Kazu
192679,Enaldo Charles
192765,Oliveira de Araujo Calcaterra
192816,Lafleur C. J. Sánchez
192840,Mehmeti Zhao Shi
192883,Hartig Meïté
192955,Marek Khalid. E
192960,Thomaz
192984,Kialonda Carstensen
192985,Kartum Darick Kobie
192991,Cavad Teah
193011,Sinkala Cokaj
193013,J. Chaverra Saël
193080,Darlan
193091,Boylan Nichelle
193105,Althaf Areddy
193107,P. Fernández
193143,Ravi
193144,Muldoon
193177,Addison Teleri
193186,Münst Etheridge
193241,Raschl Farrell
193247,Hao Yucheng Leilani
193272,Rubina Zheng Kaimu
193283,Sólbjørn De Jesus
193301,Alexei Krystyna
193302,Fei Ernanduo Koronkiewicz
193314,Aitor Fernández
193331,Kader Dani Jiménez
193333,Nandha Breeden
193336,Tyrhys Beever-Jones
193348,Voser Savin
193359,Pranciskus Reiter
193440,Nalani Tómasson
193468,Likmabam Rakesh Belén de Gracia
193474,Humaira Gouras
193476,Robertone C. De La Hoz
193532,Gabriel Tigrão Mathenia
193569,Tanti Lancaster
193601,Garnier Parvizova
193608,Nunes Jesus Chuangyi
193698,Nu Bastian
193701,J. Chaverra Nemariam
193713,Pjanić
193716,Damany Villacorta
193747,Kijong
193768,Adaramola Mario Gaspar
193786,Firas Bardi
193794,Uhlmann
193844,Perraud
193884,Rouault Cindy
193945,Mélusine Tojeiras Sampaio
193957,Coruche Mendes Mikos
194017,Andrej Verbruggen
194018,J. Chaverra Cleaves
194059,McEachran Chimane
194122,Viktória Goncharov
194138,Andreasson Godwin-Malife
194146,Kartum Liangming
194201,Perera Plasencia J.Figueiredo
194333,Pramveer Ged
194359,Woo Bin Mucha
194372,Emina Sreytouch
194431,Meffert Kerk
194617,Chaplin
194759,Nuryagdy Baždar
194765,Antonaldo Laforte Gomis
194769,Adrià B. Oyola
194794,André Franco Wang Zh.A.
194846,Fernández Velasco H.Akbunar
194879,Sanni
194934,Daiana
194964,Mutiu Mortaza
195033,Marharyta Laine
195038,Ferrario Julio Alonso
195065,Garcia dos Santos Gutiérrez Ortega
195086,De Bruyne Lindqvist
195126,Jeong Tae Wook Manaj
195202,Tanti Cabezas
195262,Adrián Diéguez Gonzalo
195272,Marco Davide Faraoni
195427,Jaehun Siri
195479,J. Chaverra Suk
195668,Jensen-Abbew
195859,Damany Ings
195864,Owusu-Abeyie Pena
196316,Brdar Marković
196688,Aldaír Ferreira Constant
196848,Zayya Zane
196881,JinKyu Tsiki
196885,Carabalí Kusum
196889,Seon Ho Verdi
196902,Stopira
196916,Mamat Olszewski
196935,Hurmacı
196952,Izzy Bhandari
196978,Caio Nunson Villacorta
197031,Manzorro Doran
197062,Nuno Reis
197170,Juanid Haitham
197225,Nanasi Leôncio Roger
197240,Mufaro Bernardoni
197402,Antal
197445,Daniella Al-Sahhah
197641,Ben Laurenço
197655,Samanta Cisneros
197781,Ikwuemesi
197813,Jesus Andradaldo Mangal
197831,Jackie Dano Nascimento
197860,Ingle
197891,Jolene
197926,Liga Cortnee
197928,Jesús Bueno Boiko
197948,Ferrario Lapoussin
197965,Pedro Pereira
197971,Deeb Alik
198006,James-Taylor Tatsuki
198009,Mario Soriano Paradowski
198023,Vukancic
198032,Daf Buljubašić
198039,Mallika Geller
198046,Dabó Custom Player 40034
198141,Barreca
198176,Sim Yu Je Ho
198177,Barnes Schenkeveld
198198,Jordi Amat
198219,Liga Ibon Ispizua
198285,Lakra Nakav
198331,Marco Esteban Valenzuela
198350,Dajaku Benedict
198352,Sim Begmedova
198437,Tanti Bowman
198451,Dairon
198489,J. Chaverra Marwan
198511,Mechele
198513,Ciobotaru
198543,Aarøen Goicochea
198599,Mangal Leko
198624,Jeno Sayers
198625,Salomoni Bagnolini
198628,McEleney Hines-Ike
198633,Antonsson Huang Zhouxin
198635,Vermaelen
198640,Wynona Kryskiv
198642,Dafna Tilea
198657,Jesus Andradaldo Sonnleitner
198704,Jihyun María Pérez
198705,Anesu Nájar
198710,J. Chaverra Raúl De Tomás
198717,Vignola Wu Xinghan
198719,Muteb.M Quiñónes
198731,Edu Expósito Rashani
198776,Jeyland Vilches
198784,Alex Ola
198811,Flum Jamie-Lee
198836,Ulrik Yttergård Omondi
198857,Seon Ho Reiko
198861,Nampalys Maurya
198892,N. Campisi Mebude
198904,Godfrey H.Majrashi
198951,Cummins Baiba
198955,Juan Muñiz
198990,Riyad Branislav
199000,Temo Ronaldo Diego
199005,Marharyta Riyad
199027,Isnairo Reis Rasmijn
199042,Chalida Aruna
199088,Varazdat
199101,Quiles Piosa
199103,Alexandria Diogo Travassos
199110,Liuyu Monico Salvador
199146,Anesu Gyohoon
199151,Johanne Imray
199158,Santi C.V.
199159,Lo'eau Bradley
199174,Antonio Gomis Candreva
199183,Kebede
199189,Reven Barbosa Vieites
199191,Defendi Apostolopoulos
199206,Dinkçi Tyrick
199215,Alexandria Gisler
199218,Brandán Gómez Martín
199231,Kemen
199236,Hernández Umpiérrez
199266,Jarno
199282,Amos Aburjania
199304,Dall'Aglio
199313,Abduklim Balikwisha
199323,Jabez Xénia
199339,Mahamé Riemann
199386,Browne Leles
199393,Nampalys Onthatile
199422,Ji Jiabao Chuigoué
199439,McEleney Goldaniga
199482,Anto Libby
199493,Devlin
199503,Godden Vorasai
199550,Brodrick Mankaba
199562,Hyunje
199564,Sanousi
199568,Kim Jun Bum Kuti
199576,O. Rey
199577,Sergi Gómez
199641,Markarian San Román Ferrándiz
199652,Defendi Petrina
199667,Pseftis Frampton
199669,Lafleur Gilks
199705,Marshall-Rutty Hamada
199721,Maria-Luisa Gorgelin
199745,Emanuel Soo Hyun
199761,Maistrello Justin
199763,Barraza Benkarth
199812,Riyad Almeida da Cunha
199813,Garrett Teliz
199833,Kyriakopoulos Tiphaine
199890,Neža L. Ross
199904,Jann-Fiete Jianfei
199909,P. Mboup Park Chu Young
199915,Lazăr Doug
199960,J. Cuellar Ouaissa
199986,Aravind
199987,Jackson João Chopra
200054,Paige
200059,Claudinho Vair Coleman
200094,López Carballo Olasagasti Imizcoz
200104,Son Heung Min
200110,Maiti Biraghi
200122,Manzorro Pajnowski
200145,Carpenter
200155,Habeeb Touandiro
200159,Sim Obileye
200209,Namita Kysha
200210,Antonina Zhibek
200253,Jesus Andradaldo Lei
200260,Sintes Egea Benrahma
200292,Jackie Lineo
200302,Glòria Schmitz
200309,Sushil Danger
200316,Tait Hey
200389,Jan Oblak
200408,Belec Gbele
200429,Belén de Gracia Prudence
200433,Lluís Heisen
200440,Bianneider Bloomfield
200458,Lisa Di Cesare
200471,Dajaku Chen Y.
200473,Sintes Egea Sevenius
200519,Pilios
200521,Tanti I.Chouaref
200525,Rouault Vanegas
200606,Mailis Castillejo
200610,Kartum Vaea
200630,J. Chaverra Fikayo
200667,Marrugo Petitjean
200672,Yalçın Kayan
200696,Hendrix Tulloch
200697,Riyad Staude
200715,Adaramola Danovis
200724,Moylan
200726,Ben Lait
200727,Carlos Delgado
200741,Jauregizar Alboniga
200742,Belec Harriel
200744,Riyad Velickovic
200746,Jeong Tae Wook Loeck
200759,Jaiswal Sailo
200778,Cuero Chipambere
200781,Coda Sólbjørn
200793,Chuang Rashid
200806,Raja Shady
200820,Ji Eun Nishant
200840,Cristian Carracedo N'Mai
200841,Capezzi Jalmari
200844,Javi Villar Karbstein
200888,Dallmann
200900,Sarkisian Monnier
200904,Danjuro Barbieri
201024,JungUn Kitu
201026,Weißhaupt
201041,Lema Carlos Delgado
201042,Digbeu Sebulonsen
201081,Barraza Kim Min Su
201093,Nalani Petiteau
201095,Ahadme Mainka
201114,Barnett Pašic
201122,Tareq Jung Jae Sang
201132,Pramveer J. Otero
201136,Marshall-Rutty Claudinho Vair
201138,Wotton Bosch
201143,Azor Mads Juel
201153,Milán
201240,Tanti Barbosa Prazeres
201262,Uvais Moyikkal Darida
201269,Florián Rocha Rodrigues
201290,Rares Žulj
201299,Nameni Ladislav
201301,Dajaku Howarth
201303,Pérez Muñoz Evensen
201368,Karademir Masoud
201389,Cosgrove Biglia
201399,Marney Hugo Álvarez
201413,Sergi Maestre
201417,Marins Silva Dinescu
201438,Haas Torres García
201455,Garcia Andrade Kim Hyeon Ug
201482,Julián Cuesta
201505,Danilo Manuel
201508,Gagik Puja
201514,Effiong Juan Jesús
201528,Kenan
201841,Neuer Draganova
201847,Lima Correia Borja Galán
201862,Majasaari Regő
201876,Nomin-Erdene Nyarko
201877,Marina Rivas Drumm
201884,Raphaël Boxall
201888,Turunen Benzar
201895,Desábato Eun Young
201901,Capezzi Villalibre
201903,Zerrouki Zeroli
201911,Viktória Kanabah
201943,Andrej Comuzzo
201955,Marciano Han Ch.Zh.
201965,Seok Ho Sánchez Cortes
201967,Grodowski Vieira
201976,Ali Giedrė
202014,Roberto Lopes
202017,Onel Haugan
202024,Racovitan Fontaine
202033,Sindermann Masopust
202048,Coda Cisco
202050,Sólbjørn Bror
202079,Dany Mota Björkström
202087,Jeong Jae Hee Gandhi
202088,Famara Key
202089,Liuyu Matras
202125,Isnairo Reis Boland
202126,Hajda Jézéquel
202151,Kim Jun Bum Sihwa
202157,Azat Bebou
202170,McEleney Boulet
202199,García Alvear Liangming
202201,Jaiswal Glatzel
202208,Diakhaba Parkash
202215,Jeno Vilhelms
202282,Skov Olsen Armando de Abreu
202316,Taison Cerrillo
202325,Desábato Debeljuh
202335,Elżbieta Deák
202371,Sólbjørn McCartney
202429,Damany Yong Hui
202445,Rodrigo Ely
202457,Lolley Kim Min Jun
202464,Ji Eun Chuang
202489,Diakhaba Binaku
202518,Chiricheș Vesga Arruti
202526,Sioned Marteiro Santoso
202556,Mauersberger Dei
202559,Yohandry Obed
202562,José de Jesús Roussillon
202570,Javi Villar Marlion Rômulo
202617,Valeri Helo
202648,Sanna
202651,Sommariva
202652,Previtali Singh Thounaojam
202676,Adaramola Steacy
202693,Marins Silva Costil
202695,J. Chaverra Stéphane
202697,Isnairo Reis Sing
202698,Lo'eau Wilhelmina
202716,Abelleira Dueñas
202731,Coda Maryne
202750,Vilis Boglárka
202770,Coco Bassey Oubiña Ramsey
202771,Jeno Nadif
202789,Alexandria Schwolow
202808,Lea
202811,El Shamy Mantilla Pérez
202814,Muteb.M Bushiri
202819,Chimusasa Fikile
202848,Gayà Peña Canberk
202849,J. Vásquez Turrientes
202873,Kartum Moss
202884,Lato Siegenthaler
202886,Ben Segberg
202905,Chiquete Nicolas-Bernd
202910,Daniella Mets
202925,Chinta Kisnorbo
202978,Melvine
203002,Kelland
203004,Yang Han Been
203030,Rashmi Khayon
203034,Jeno Darab
203042,Isnairo Reis Burgoyne
203067,Desábato Chan S.
203095,Salvatore Féerine
203106,Lato Bingourou
203119,Frendrup
203137,Rashmi J.Figueiredo
203138,Jihyun Salomón
203161,Maikel Mesa Flavien-Enzo
203172,Alexandria Lodeiro Ferreira
203173,Neal
203175,Lakra Bugatto
203177,Diakhaba Findley
203215,Alex Cabot
203224,Cristian Carracedo Good
203239,Cabella
203263,Hajda López Manzanara
203264,Salomoni Vitiello
203287,Einarsdóttir Haithem
203292,Nu Turton
203304,Brenne Assombalonga
203308,Jill Brillante
203328,Rouault Higginbotham
203362,Mickel El Chadaille
203363,Grivosti Torp
203376,Unai Marrero Yuni
203393,Durdiyeva Geum Min
203398,Dejana Vilches
203415,Izzy R. Bernal
203423,L.Camino Sólbjørn
203428,Einar Galilea Hazem
203483,Daníel Leó KeunBae
203486,Sýkora Hamulić
203487,J. Calderon Kyung Joon
203500,Damany Renée
203502,Bledar Dario Ndubuisi
203505,Jeno Browne
203535,Tonny Vilhena
203568,Pablo Barrios Vitória
203574,Jeong Tae Wook Siti
203581,Ings Baldeh
203590,Ferrario Hoy
203615,Tambudzai Julio Alonso
203725,Unai Marrero Messi
203733,Jinhong
203747,Hou Jiahao
203749,Shikha Bowler
203751,Coda Teixeira Mendes
203775,Likmabam Rakesh Kade
203824,Racheal Mario Gaspar
203841,Nalani Peri
203864,Brodrick Yira
203980,Kim Jun Bum Filipe Miguel
204007,Tanti Nakayama
204017,Chinta Sparv
204033,Naljit Delphine
204034,Alfaro Azevedo Saara
204042,Maiti Parisi
204060,Talvitie Charyyeva
204077,M'Baye Najdovski
204078,Pramveer Violet
204092,J. Pulido Bjelland
204105,Karademir Kumara
204121,J. Alfaro Brabec
204125,J. Godinez Blaney
204152,James-Taylor Jovon
204193,Tanti Tetahiti
204211,Owusu-Abeyie Orozco Chiquete
204215,Adaramola Reach
204219,Adaramola Isola
204234,Durosinmi
204246,Makan Winkle Berthelsen
204259,Ryuki Ari
204269,Xavi Sintes Chuang
204275,Leblanc Perea
204280,Corvi
204297,Anto Niina
204308,Harper-Bailey Torrejón Moya
204324,Marissa Karabo
204348,Jens Martin Almalki
204353,Coronado Filimon
204354,Izumi Alqahtani
204370,Rui Patrício Yvon
204412,García Alvear Sabastine
204424,Owusu-Abeyie Ion
204451,Kim Seung Woo Guillon
204458,De Carvalho Odile
204464,Jeno Ralls
204472,Bouna S. Opsahl
204485,Ranju M'Bahia
204496,Oumar Bassong
204497,Kartum Sleigh
204502,Marins Silva Ianis
204513,Marshall-Rutty Doungel
204525,Ionuţ
204529,McGuckin Bashar
204539,Liuyu Aehling
204542,Wilbraham Wildo
204549,Daníel Leó Rebrov
204612,Novoa Ramos San Nicolás Rolando
204638,Vilas O'Leary
204639,Sim Sabah
204684,Marina Martí Saravia
204687,Pablo Barrios Nunes Anjos
204699,Liga Matthews
204760,Cham Sulejmani
204776,Tashbaeva Lansing
204785,Medina Martin Maduka
204787,Capezzi Maseela
204816,Mawlan Khudoyorova
204825,Belec Villacorta
204838,Qui-li Javier Nicolas
204842,Wang Jie Brama
204850,Tang Ch. Nahir
204860,Jézéquel Harkin
204870,Münz Bushiri
204882,Riyad Vilches
204883,Brdar Rovina
204884,Ben Maurya
204922,Andrej Lapadula
204923,Maikel Mesa Rogério
204931,Jill Shahsat
204935,Ji Eun Patrício Botelho
204936,Jeong Tae Wook Dóra
204963,Carmen
204966,Adão Douglas
204970,Ferrario Szerencsi
204977,Ings Piris
204979,Hugo Tefta
205015,Isnairo Reis González Cabanes
205019,Izzy Cance
205054,Junchen Muheet Shabir
205069,Juan Bernat
205070,Perreau
205089,Mario Soriano Torlak
205139,Oluchi Barillà
205157,Ring
205159,Cham Presnel
205175,Arijanet Meital
205186,Ozoliņš Gallo
205192,Deeba
205201,Nordstrand Whelan
205211,Mehmeti Bopolo
205214,Yemisi Tereshchenko
205255,J. Cuellar R. Mora
205278,Ramirez-Espain
205288,Farnias Almeida
205291,Hassan Simão Bertelli
205331,Yalman
205343,Jean-Daniel Akpa Akpro
205352,Ji Eun Arbaz
205369,Raoul Sakara
205377,Djaoui Loránd
205383,Simao B. Lilipaly
205401,Tomianovic
205409,Samanta Shoola
205431,Nallo Franjić
205433,Alexandria Gustavo Lobateiro
205452,Antonio Gomis Rodas
205481,Marchán Benaglio
205530,Merwan Paulino
205548,Nameni Bejarano
205551,Zaleski
205554,Lobinger Yazğılı
205569,J. Chaverra Vedad
205584,McEleney Hutchinson
205596,J. Chaverra Hološko
205618,Rumana Vania
205655,Aning Luis Milla
205659,Alette Cragno
205678,Dustova Tué Na Bangna
205681,Kartum Bretschneider
205691,Prazeres Ferreira Pietrangeli
205693,Soyalp Gygax
205703,McLaughlin
205726,Gagik Britta
205747,Mangal Shunkai
205759,De Bruyne Sirlord
205760,Morinigo Els
205818,Riyad Vitale
205849,Enoh Andreas
205850,Lato Paavo
205855,Malwin Leroux
205869,Izco
205878,Simba Kılıç
205887,Cass Vital
205895,Alexandria Ramos
205897,Mutiu Cella
205939,Nélson Bucchi
205942,Sengerama Lof
205943,Uthai Cherif
205970,Jailson Pietro Vanessa Marques
205988,Lo'eau Saynab
205989,Caire Cenk Tosun
205990,Haithem Răilean
205995,Janyl Vilamala Costa
206003,Wood Mvogo
206006,Esmee Alja
206031,Jaiyesimi
206075,Rouault Jeredy
206083,Jihyun Monni
206085,Isolde Monni
206086,Hajda Toffolo
206089,Calem Marín de la Fuente
206098,Ould Hocine
206104,Sangwani Drągowski
206113,Sanjeev Geugi
206115,Iikka Hammarlund
206134,Delilah Claudia Florentino
206145,Ben Tissoudali
206147,Makan Winkle Antonsdóttir
206159,Simao B. Roger MS.
206170,Ji Eun Thiery
206198,Diogo Pinto Hao Y.C.
206202,Nunes Jesus Neilson
206218,Owusu-Abeyie Muoio
206219,Johansen
206222,Bhattacharya
206254,Meseguer Sinik
206306,Ji Eun Fatmir
206307,José Vitor Fontoura F. Morais
206408,Sveindís Jane Bound
206431,Reimer Bruyn
206436,Waota Benzia
206463,Jani Dudziak
206467,Alara Pelletier
206485,Rigler Calcaterra
206511,Marta Carrasco Arnarson
206516,Viktória Hocine
206517,Isnairo Reis Gogoi
206518,Caio Nunson Rasmijn
206524,Ji Eun Vilhelms
206534,Oumar Ball
206535,Owusu-Abeyie Di Benedetto
206536,Tanti Mwawi
206545,Mahamadou Susoho
206551,Tarapu Arrigoni
206554,J. Chaverra Bogicevic
206555,Chiriches Pino Santos
206558,Ji Eun Rashica
206561,Chinta Vanlalruatfela
206562,Lima Correia Sønstevold
206565,J. Cuellar Vanegas
206566,Marrugo Costache
206585,Karchaoui
206590,Mignanelli
206591,Mesías Verdonck
206594,Sheik Mailson
206601,Malepa Ruan Y.
206606,Paswan Hens
206626,Meddah Ilaix
206653,Bowei Peter
206654,Oliván Herrero
207410,Marcos Vinícius Klaus
207421,Lafleur Terán
207431,Iborra
207439,Lafleur Ortiz Bernat
207440,Flagellat Finnbogadóttir
207441,Liu Haofan Tõnis
207454,Oum Gouet Raúl De Tomás
207471,Flagellat Valerio
207528,Reven Ferhat
207554,UEL Draw Christina
207555,Fei Ernanduo Helander
207557,Rashmi Nuno Moldeiro
207589,Macagno Natalia Montilla
207599,McEleney Kanabah
207606,Jae Yong LookBook
207616,Adaramola Velthuizen
207620,Coco Bassey Oubiña Jameel
207622,Mangal Bisesi Barbosa
207633,Iñigo Piña Halsey
207641,Browne Carlos Mané
207646,Pau C. Soosaar
207650,El Ouarti Klußmann
207715,Nampalys Lothar
207716,Abdurahman Al Hafith
207725,Medley Z. Iqbal
207740,Imamović Junjian
207762,Jinming
207790,Ju Kong Aydan
207791,Womplou Peteris
207804,Amelia Begmedova
207807,Riyad Florence
207828,Claudia Florentino Sirigu
207862,Mario Gila Geng
207865,Marquinhos
207876,Alexandria Gil Pareja
207886,Andrej Nogueira Gomes
207897,Anto Jordão
207899,Neto Volpi
207926,Andrej Lei Wenjie
207935,Markiewicz Diego Menéndez
207948,Bernardini Teleri
207952,Sancho Ajago
207956,Palomino Mlakar
207993,Salvai Kikelomo
207998,Damany Vecko
208004,Joel Silva Tsiamita
208014,Marissa Pablo Valencia
208024,Monnier Vanessa Marques
208047,Keigo
208053,Diakhaté Palma Veiga
208054,Lafleur Farrell
208063,Johan Persson
208073,Ahonen
208088,Sanoussy
208093,García Quintela
208128,Guéhi Zara
208135,Abduklim Dobrogeanu
208137,Little
208146,Danjuro Adriano Leandro
208159,McEleney Fontana
208165,Beniangba Dihidar
208188,Jesper Bergset Groß
208214,T.Sanabria Dawkins
208224,Parray Magnus Rugland
208247,Lluís Sidwell
208250,Anders K. Bailey
208260,Diakhaté Kjersti
208268,Browne Cortés
208302,Alex Geiger
208306,Malkowski Stępiński
208330,Adri Miranda J.Kelly
208333,Elene Lete Calvin
208335,Lluís Krejčí
208364,Cigaņiks
208375,Malkolm Nilsson Moss
208418,Wang Sh.Y. Carlos Mané
208424,Mario D. Raisa
208432,Tanti Partipilo
208448,El Ouarti Fikirte
208461,Mandukhai Youssoufa
208462,Rashmi Pierre
208470,Estupiñán Herbers
208480,Chima
208481,Kabak Serdar
208504,Johanne Castelló Oliver
208509,Sólbjørn Festim
208520,Helal Ronny
208543,Calem Hincapié
208564,Park Jun Beom Anna Marika
208573,Marić Dražić
208574,Fei Ernanduo Kirby
208592,Mallika De Menses
208596,Andreea Bekkema
208615,Chiricheș Jonty
208618,Lucas Vázquez
208620,Nusrat
208626,Romário Baldé Romário
208679,Rashmi Heide
208697,Damany Redondo Ferrer
208722,Rolf Mahela
208755,Coruche Mendes Méndez-Laing
208769,Viktória Trojak
208776,Ferrario Sk. Sahil
208787,Adryan Juliano Søndergaard
208806,MinJun Finlay
208812,M.Sipahioğlu Benarbia
208817,Anesu
208830,J. Cuellar Vardy
208861,Jeong Chi In Gaggi
208892,Rouault Bushati
208894,Fei Ernanduo Beadle
208919,Riyad Gaius
208920,Muteb.M Akshay
208942,Oriol Busquets Ricca
208965,Ahmedhodžić Ashley Alban
208974,Halliday Bahbri
208987,Hugo Alberto Wuren
208989,Florian Kuban
208999,Dong Hyeop Vittoria
209005,Liuyu Cao Y.J.
209027,Ahmedhodžić Al Houti
209061,Seok Ho Handle
209062,Pantschenko Fontoura F. Morais
209063,Samad Hermida
209064,Jankovska Westermark
209072,Carabalí Rangsei
209166,Montes M.Trigueros
209196,Paswan Yates
209210,Alex Godfrey
209232,Zhechao Zhihao
209256,Tanti Andrade Lima
209264,Butrus Feltes
209281,Wafa Al Salem
209288,Fernández Velasco Mollet
209289,Krantz
209297,Florentino Vivó
209315,Daf Burgstaller
209316,Sílvia Haye
209323,Marlon Suliman
209331,Mickel Roques
209332,Merwan Rothwell
209335,Koeman Halsti
209361,Taimi Pablo Hernandez
209368,Isnairo Reis Petiteau
209402,Ekra Acolatse
209417,Power Mondele
209423,Maria-Luisa McGeouch
209430,Radka Ripart
209438,Makan Winkle Gustavo H.
209483,Mouez Hassen
209491,Sólbjørn Matope
209493,Dipeba Dalglish
209499,Etchebarne
209504,Božović Hinz
209523,Dejaegere Gil Pareja
209532,Dajaku Babacan
209597,Anunga
209602,Tarapu Camacho Carrillo
209613,Pauleta Hume
209618,Ferrario Stuani
209620,Priesborg Madsen B.Toure
209658,Latifa Giselle
209675,Janoi Donacien
209729,Barja Afonso Mashaal
209750,Huang Yinghao L.Benito
209780,Sefa Salai
209782,Rouault Kyu hyun
209816,Bruno Almeida
209818,Jill Brenet
209830,Plea Bertola
209846,Chinta Guillon
209852,Brandán Furlong
209885,Mesías Doruk
209886,Anto C. Mane
209888,Coronado Giovanni
209889,Pálinkás Goto
209892,Browne Rabello
209957,Iñigo Piña Burcă
209960,Olonga
209981,Waota Botti
209987,Maikel Mesa Salazar
210004,Belloumi Rosic
210006,Sólbjørn Druijf
210008,Adryan Juliano Porteous
210010,Jiamin Yusupova
210021,Hacène Mojca
210029,Jeno Preciado
210035,Gonzalo Verdú
210044,Chinta Bugiel
210047,Estupiñán Salisu
210108,Einar Lakra
210112,Coruche Mendes Benavente
210134,Midtskogen Al Doaa
210136,Tao Q.L. João Gamboa
210205,Didier Macek
210212,Garry Rodrigues
210243,Raimundo Nóbrega
210257,Durham
210259,Ahmedhodžić Halimah
210263,McEleney Dorobantu
210287,Jaritz Curro Sánchez
210324,Jesus Andradaldo Hens
210327,Andrej Gazzi
210358,Albers Breinburg
210366,Nartey Li Zh.Zh.
210368,Isnairo Reis Doucet
210372,Posch Gaudin
210377,Joe
210380,Diakhaté Denso
210381,Chaiwa Lontieff
210384,Rajão Machado Hadnadjev
210385,Riku
210386,Koeman Park Sang Hyuk
210394,Ji Eun HyeonUg
210401,Chiricheş Diéguez Grande
210406,Pearce Yassine
210411,Ogungbo
210413,Alette Reiko
210422,Kolbrún Justin
210423,Albarracín Ristovski
210450,Abduklim Tehe
210455,Jeyland
210463,Dani Sánchez Machís
210482,Seok Ho Paula G.
210484,Andrej Kone
210489,Lima Correia Safi
210509,Sólbjørn Carter
210513,John Pogarch
210514,Joachim
210537,Radev Simeon
210544,Viljami
210556,Liseth
210602,Rosan Dourado Al Azmi
210603,Wanyama Al Ruhaili
210619,Ji J.B.
210625,Kartum Martyna
210642,J. Vivar Sivataben
210644,El Shamy Maiz
210646,André Luiz Rocha Lima
210671,Anto Oswald
210676,Vines Evatt
210679,P. Carvalho
210688,Andonov Terzi
210695,Gutiérrez Vizcaíno Alec
210697,Chinta Nieuwenhuijs
210715,Andrej Habib
210719,Maik Kapo
210724,Caio Nunson Ouaissa
210736,El Melali
210739,Carrera Nanor
210747,Rostyslav
210772,Oumar Dong Heon
210822,Douglas Santos
210826,Fallenius Funsho
210828,Birmančević Eliott
210831,Bikash Turan
210832,Marios Bozhidar
210843,Halimah Jubal Rocha
210864,Ekitike Horeboiu
210881,Jeong Tae Wook Masaki
210896,MinJun Rybak
210897,Chancel Martín Odriozola
210923,Midtskogen Al Owais
210930,Caprice
210935,Diogo Calila Beniamin
210940,Seon Ho Paradela
210941,Lakshman
210951,Dutría Pereira Ferrand
210964,Fairchild Castro Otto
210970,Nana Boateng
210985,Belec Odei
211004,Gündoğan
211009,Dani Olmo Lasley
211021,Panwar Bruna
211022,Rieder
211042,García Campos Mehssatou
211053,Lisa Hoskonen
211061,Alexis Marshall
211068,Ki Jong
211093,Caio Nunson Masca
211096,Makan Winkle Florence
211098,Bowler Cédric
211101,Riechedly
211105,Namita Ferri Julia
211110,Ozoliņš Drameh
211143,Jeno Igor Paixão
211147,Tonev La Gumina
211152,Lundrim Al Muwallad
211166,Isnairo Reis Vibeke
211173,Rosamund Al Salem
211177,Arnaut Tell
211203,Rouault Liangming
211204,Davor Jeong Tae Wook
211217,Daf Soosaar
211221,Mangal Bouquet
211228,Marins Silva Onumonu
211241,Riehl
211245,Maistrello Cebula
211250,Tlamelo Postigo Martín
211256,Nanasi Stearman
211262,Mahamé Tyagi
211263,Lemonnier Lyons
211264,Gabulov Servio
211269,Pengfei
211274,Manon Pirekeýewa
211299,Kanté Renato
211302,Gayà Peña Kweon
211320,Daler Riis
211339,Rigler Cao Y.J.
211345,Pack Aziaya
211348,Sita Diakhaby
211358,Jongbeom Etienne JR
211361,Dall'Aglio Casap
211362,Adaramola Drinčić
211363,Tanti Lockyer
211365,Eaint Hayden
211368,Brkić
211378,Isola Ihlas
211381,Shapira Boswell
211382,Hugo Alberto Amane
211384,J. Carabali Lineo
211387,Belec Loes
211395,Abdurahman Al Rashidi
211398,Maija C.Şen
211408,Kael Linetty
211437,Lato Bernardeschi
211438,Maiti Bálint
211489,Jesús Belza Guga Rodrigues
211504,Lazăr Baina
211506,Jeong Tae Wook Sophia
211513,Tanti L.Camino
211515,Pau Mascaró Giangiacomo
211522,Alexandria Caio Chissano
211536,Mallika Nikiau
211537,Isnairo Reis Gómez Oliver
211556,Carcelén
211565,Hechler
211575,André Sousa
211591,Miti De Witte
211594,Goikoetxea Unzalu Langås
211595,García Alvear Ermin
211604,Leblanc Rashica
211635,Chung Woon
211672,Thomassen Bound
211688,Gallardo Núñez
211707,Owusu-Abeyie Masaki
211732,Taison Sánchez Vivas
211736,Rares Lannert
211738,Mallika Fernando F.
211739,Elvedi Wassa
211746,Rajmund Bella
211748,Kareem Dearbhail
211784,Männel Marlene
211785,Belec Garuccio
211793,J. Chaverra Donachie
211827,Paswan Khalid
211856,Kartum Akor
211857,Zaidu
211874,Seok Ho Sagrado
211879,J. Pablos Gunardi
211891,Andrej V. Pizarro
211899,Ferrario Nangoloh
211903,Ben Kim Chang Hun
211908,Guille Bueno Guivarch
211927,Koue
211928,Diogo Miguel G. Anangono
211953,Radwański Vaeni
211978,Sarkisian Hendriks
211982,Naly Müller
211990,Noah Joel Uth
211999,Puscas Katompa Mvumpa
212002,Hai Ssewankambo
212045,Carrera Howington
212048,Alexis CheolWon
212075,Andrieu Moxmet
212090,Rainbird
212091,Ravn
212096,Ulrikke Goncalves
212099,Shervashidze Terzian
212100,Marrugo Lineo
212118,Marins Silva González
212121,Ji Hu Tran-Than
212138,Pierias Fledderus
212150,Marrugo McClean
212151,Sólbjørn Sixtus
212153,Raschl Gagliardini
212165,Samad Nomura
212167,Chalida Tunar
212170,Meffert Delattre
212188,Tait Veselý
212190,Nartey Spector
212192,Jong Mu Gohlke
212194,Jong Mu Bożena
212197,Dajaku Hayton
212198,Bruno Fernandes
212204,Bozinovski Mateus Henrique
212205,Nas Siverio Toro
212212,Diogo PP Kielberg
212213,Raimberdiev
212214,Augello Shcherbakovski
212218,Ayessa Kwon
212219,Alexandria Digne
212223,Salvatore López Manzanara
212225,Elma Raux-Yao
212226,Daf Naumov
212228,Ina Taryn
212231,Tobias Figueiredo
212232,J. Cuellar Lundemo
212240,Kapoor Kabacalman
212242,Rares Andrzej
212244,Chiricheș Lasure
212245,Wang Sh.Y. Gareis
212248,Famara Li Sh.
212249,Samad Karich
212260,Honghui
212267,Ivan Cavaleiro
212269,Rakan Batz
212321,Jesus Andradaldo Mathew
212347,Ken
212366,Jihyun Saúl
212381,Raschl Ibon Ispizua
212382,Owusu-Abeyie Nándor
212398,Kael Angielski
212401,Sintes Egea Min Jae
212404,Fairchild Berezutskiy
212417,Otayf Goitseone
212419,Thorne Menezes Duarte
212424,Vieira da Silva Telford
212432,Jefersson
212442,Jinhao
212453,Garnås
212454,Caio Nunson Nik
212476,Matheus Jussa
212484,Vester Bulut
212485,Damany Bajic
212487,McEleney Renée
212491,Arshakuni Masuaku
212493,Sobczak Juliane
212501,Ladumdžija Debjit
212513,Hakeeb Adelakun
212516,Jeong Tae Wook Si Hoo
212523,Andrade dos Santos
212546,Moreira Abily
212591,Vanegas Yazed
212592,Andrieu F. Machado
212601,Cavanagh Mabil
212602,Devin
212613,Vestergaard Sacramentinho
212616,Rayamajhi Daschner
212622,Joshua Kimmich
212625,Daniella Kenta
212626,Danois Samyr
212678,Liu Yiming Auer
212682,Brugger Minissale
212692,Renard
212710,Jensen
212722,David Mota Wataru
212729,Tejas
212735,Elma Bart
212747,Targett Mantilla Pérez
212755,Jiang N. Harratt
212776,Lal
212778,Koulierakis
212790,J. Carabali Sánchez Navarro
212792,Kim Joo Won
212803,Worrall Clough
212811,Malepa Larroquette
212814,Joško
212830,Avraham Luis Guilherme
212831,Alisson
212839,Osagie
212886,Vlad Cucurella Saseta
212912,Osayi-Samuel
212915,Wiesinger
212934,Abdihakin Yiğiter
212939,Daniella Dohling
212977,Nartey Silva Vieira
212990,Caio Nunson Calogero
212994,Rahaman HanGyeol
213017,Belec Danovis
213018,Riyad Costa da Silva
213064,Fisk Calabresi
213092,Rubina Paulina
213094,Siverio Toro Ribeiro
213105,Lakra Ermin
213127,Aarøen Masaso
213134,Lawrie Zengin
213143,Rahaman Nimaga
213147,J. Cuellar Almas
213151,Calem Nelson Diogo
213152,Carina Minissale
213156,Rahaman Brignoli
213189,Jhingan
213206,Bowei Skóraś
213209,Kanye Adami
213242,Adryan Juliano Stina
213272,Lisa Cháves
213296,Moxon Bendtner
213301,S. Romero Hicks
213311,Aly An Chi Woo
213317,Keito
213323,Sağlam Davlatova
213331,Jonathan Tah
213345,Kenneth Cleonise
213367,L. Kunze Abisheva
213374,Adilet
213400,Desábato Laxalt
213404,Pablo Barrios Daphné
213407,Marins Silva Luković
213408,Riyad Bombito
213413,L.Camino Tüting
213418,Chisenga Akor Jerome
213433,Farnias Almeida Tamim
213439,Jesús Bueno Odoom
213449,Pablo Barrios Sishuba
213471,Dangda Bocquet
213497,Isolde Tiny
213498,Sanjida Manninger
213516,Raimon
213530,Namita Peteris
213536,Marshall-Rutty Coumba
213565,Sólbjørn Larrauri
213570,Sindermann Nijs
213573,Malkolm Nilsson Garrity
213577,Pietrson Mendes
213581,Manon N. dos Santos
213591,Johanne Comotto
213597,Desábato Tomás
213613,Seok Ho Grinkov
213615,Ronwen Vilches
213620,Fallenius Millot
213644,Andrej Ganda
213648,Paul Arano Howieson
213649,De Bruyne Hyunseo
213654,Gernot Jurgen
213655,Alex Inpyo
213661,Andrej Chinedu
213665,Ji Eun Hilja
213666,Richárd Li Hong
213667,Didier Codrea
213677,Belec Kearns
213678,Kayikci Nikiau
213686,Dionisio Lindelöf
213689,Belec Pablo Valencia
213693,Jeno Rhoda
213697,Oluchi Masuda
213699,Ashby Fernando de Jesus
213702,Hawryluk Nyström
213705,Calcaterra
213724,Bhagwan
213750,Kapono Sanadri
213761,Abdoullah Géza
213777,Ingason Filla
213795,Kazuya
213798,Alex Mitsuya
213813,Alexandria Fleurival
213814,Fairchild Demirdjian
213815,Meddah Tickle
213829,Albers CeCe
213835,Jameson Fábio Daniel
213839,Bandinelli Grahl
213841,Tymoshenko Lekhal
213864,Bischof Togni
213871,Kaio César Jos
213884,Riyad Chipambere
213901,Abdurahman Luís Figo
213905,Rouault Funes Mori
213917,Francisco
213933,Lelievre Vanags
213938,Danjuro Bijay
213948,Donis Hermansson
213949,Kouan Oulaï Vitthal
213956,Addisyn
213969,Mestres Silveira Pawel
213991,Jairo Ralph Laurent
213994,Nakagawa Bejger
214026,Jeong Chi In Miguel Filipe
214033,Batur G. Milanov
214035,Jefersson Mantilla Pérez
214038,Sansing Mirari
214054,Hailie Rangi
214088,Calem Dara
214092,Aleksi Merino
214096,Taimi Khadra
214098,Frank Rijkaard
214101,Paulo Futre
214158,Wawrzyniak Gordillo
214169,Vilaça Teixeira Sverre Halseth
214192,Jairo Ralph Maughan
214193,D. Luna Mirari
214195,Ji Sung Ari
214226,Qui-li Lewandowski
214280,Liuyu P. Pfeiffer
214294,Enoh P. Pfeiffer
214302,Chun So Badat
214308,Ariadna Mantilla Pérez
214318,Nanasi O'Shea
214323,Grande Sánchez Cauņa
214332,Dajaku Tayyip
214333,Di Pizio Yonatthan
214343,Dessers Min Seong Jun
214351,Desábato Nespola
214358,Johanne Naocha
214366,Pranciskus Carlos Manuel
214408,Huseyn Lichnovsky
214414,Rayamajhi Tião Couteira
214415,Durga Chaux
214421,Flynn Heinz
214436,Ozoliņš Duan Liuyu
214440,Daniar Matusiwa
214520,Ettore Carvalho Souza
214525,Daniella Rajak
214584,Flagellat Arizala
214606,Samanta Pipo
214622,Jani Taniguchi
214641,Salomoni Strandberg
214649,Davor Šuker
214650,Ueda Tuscan
214658,Jankovska Kadreddin
214659,Nanasi Fogaça
214660,Lisa Raúl De Tomás
214676,Tarapu Beveridge
214680,Gal Furkan Soyalp
214682,Jeno Vittoria
214701,Targett Assogba
214703,Desábato Souprayen
214766,Carabalí Ioannidis
214769,Fairchild Pérez Rabaza
214772,Nanasi Ott
214777,Lafleur Duan Liuyu
214784,Ji Sung Pappu
214830,Samanta Gihyeok
214835,Renan Lodi Farrell
214874,Majasaari Boenisch
214876,Isnairo Reis Mancilla
214877,Hartel Birtukan
214882,J. Alfaro Cui
214896,Owusu-Abeyie Moldovan
214906,Andrieu Hocine
214923,Midtskogen Pisseri
214924,Ji Eun Mas
214931,Martin Hoel Andrade
214942,Hou J.R.
214944,Greggi
214947,Jahlane Galuppini
214948,Samad Sakamoto
214968,Fairchild Madlung
214975,Adu-Adjei Farrell
214977,Markiewicz Knarik
214979,Johanne Montero
214986,Farnias Almeida McComas
214989,Manon Bengono
214990,Markiewicz Casas
214997,Zamble Confais
215026,Oliveira de Araujo López
215036,Farnias Almeida Comotto
215048,Jae Moon Buluthan
215051,Lemonnier Lothar
215053,Markiewicz Wölfli
215054,Valle Gómez Cr. Dumitru
215057,Ings Maj
215061,Daniar Bellomo
215065,Melkersen Cunningham
215067,Damiani Resurrección
215069,Rayamajhi Rafea
215070,Grande Sánchez Ochieng
215074,Hetemi Oct.Popescu
215086,Brahma Conraad
215107,Hou J.R. Ugrinic
215112,Rayamajhi Cohade
215123,Alain Agustin
215132,Samanta Miyazawa
215139,Eldin Nuala
215147,L. Ramazani Gazinskaya
215155,Farnias Almeida Yochai
215178,Emanuel Gheorghiță
215193,Lisa Max
215195,Rui Patrício Sonko
215202,Lisa J.Cuenca
215211,Bagnall Capan
215213,Awate Veselý
215223,Vanita Bengono
215245,Adryan Juliano Hollerbach
215247,Makan Winkle Iara
215251,Graafland Havard
215256,Radunović S. Barcia
215259,El Shamy Raluca
215270,Lisa Xuhuang
215292,Manon Cassani
215301,Leveque Jesús López
215316,Garv Rinor
215323,Alibeyova Sibande
215333,Dragoni Xhepa
215334,Graafland Carlos Romero
215356,Eugen Callejo
215363,Liga Miles
215368,R. Ureña Purece
215374,Salomoni Henson
215376,Eglītis Canazlar
215399,Rocky
215410,Brandán Chakrabarti
215412,Caio Nunson Eduarda Leal Costa
215417,Chinta Marengo
215419,Caligiuri Karina
215420,Raphaël Mohit
215421,Deyverson
215433,Firas Twardzik
215441,Santiago André Graovac
215443,Pasveer Ye Daochi
215449,Rares Seungun
215455,Brodrick Park Seung Wook
215502,Barnett Domingos D.
215522,Alexandria Saidou
215531,Deena Thøgersen
215546,McEleney Brigitte
215556,Dustin Farkas
215562,Raoul Holliday
215565,Marins Silva McDermott
215572,Albert-Nicolas
215590,Ayling
215616,Jackie
215638,Leblanc Leipertz
215643,Pseftis
215651,Samir Caetano
215686,Janelt Goodson
215689,Andreea Park Jin Seong
215698,Mike Maignan
215700,Lo'eau Nikola
215703,Mamat
215735,Willie
215785,Kangwena Bakrar
215798,Marta Unzué Conca
215817,Diarrassouba Ilir
215820,Leblanc Djamel
215855,Belec Pinedo Castresana
215871,Alkain Jahanbakhsh
215892,Tlamelo Siddiq
215911,Abdullayev Hallfreðsson
215914,Motshidisi K. Minda
215930,Takarada Jaime Vázquez
215970,Bogado Bogaerts
215993,Dan Manh Melia
215998,Hunziker Farrell
216003,Barraza Kačavenda
216020,Lato Gedő
216033,Ji Sung Brigid
216055,Fairchild Carlos Vinícius
216065,Maiti Sierra Larrauri
216072,Frédéric Lavado
216110,Daphne Konadu
216114,Ina Niehoff
216145,Aritz Ion
216150,Danjuro Xhixha
216155,Hajda Conceição
216158,Semira Victorino Magela
216183,Seok Ho H. Lozano
216193,Barnes Valbona
216194,Dai W.J.
216199,Oumar M. Fracchia
216201,Ionita
216218,L.Camino Sava-Arangel
216225,Mahop Klok
216227,Kamara Isola
216230,Marrony Ammar
216247,Maikel Mesa Tisserand
216255,Manzorro Simakala
216258,Huth Bayliss
216260,Etete Kallista
216266,Karademir Svilar
216267,Andrieu Rashid
216270,García Alvear Hernández Rodríguez
216273,Joni Kauko
216275,Paterok Moratiwa
216283,Dall'Aglio
216286,Janelt Andrade
216320,Samuel James Fertoli
216325,Aning Grehan
216334,Paula Monteagudo Garg
216346,Alys Petiteau
216349,Alemão Gyamar
216352,Mailis Brindal
216354,Andria Kmet
216376,Maiwen
216380,D. de Wit Sergi Armero
216385,Raja Obolskii
216387,Rosenmeyer Rønnow
216388,Alma Ronaldo Luís
216393,Williams Taejun
216409,Mario D. Pepelu
216416,J. Godinez Guddal
216435,Silva Leylijan
216447,Zaldúa Bengoetxea
216451,Jean Michaël Santiago Iván
216452,Gonçalo Paciência
216453,Leblanc Shephard
216460,JinSeong Generic 2
216464,Alain Brignoli
216467,Isnairo Reis Pablo Hernandez
216481,Izzy Cole
216485,Aarøen Tshibola
216497,Marta Carrasco Paswan
216524,Jeffmeirson E. Ramirez
216526,Alex Ghizlane
216532,BergThórsdóttir Cazzola
216547,Prados Díaz
216549,Alexandria Speake
216580,Ciocci
216582,Dajaku Lusamba
216627,Kaye Millenic
216700,Marta Carro McComas
216730,Sipľak Goitea
216736,Vasav
216741,Wandy
216744,Calem Bugiel
216749,Cardona Rovira
216750,Oung Caputa Ferreira
216755,Falletti
216774,Vestergaard Henrik Kjelsrud
216776,Cristian Ponde
216778,Rúben Semedo
216779,Firas Ricky John
216790,Coda Godfrey
216791,Mario García Pania
216795,Chimusasa Liangming
216800,Josh Maja Chris-Kévin
216814,Roselord Toktobekova
216816,Geon Hee Senß
216820,Miramar Rocha Seok Ho
216823,Ulrik Yttergård Tumelo
216860,Valeri Zhang Yuye
216939,Andreasson BitGaram
217036,Zaidan
217045,Zaya Dante
217047,Aoba Gheorghiță
217050,Roderick Melati
217085,Valle Gómez G. Ochoa
217095,Al.Ghannam Baroja
217096,Jeno Loc Thuc
217141,Vózinha
217153,Viviana
217160,Pandit
217196,JinHyuk Oné
217332,Magdolna Milena
217338,Jaakkola Tousart
217439,Brayann Junqueira de Jesus
217585,Barrientos Koni
217605,Lluís Laurence
217606,Eldin Blaswich
217620,Abduklim Samatta
217714,Owusu-Abeyie Arola A.
217731,Ruiz Suárez
217805,Alfaro Azevedo Manor
217809,Oliveira de Araujo Vegetti
217826,Jihyun L. Kunze
217841,McEleney Salcido
217845,Andrieu Helmersen
217870,Geon Hee Demirovic
217877,T.Sanabria Bongonda
217940,D. Poloni Dieumerci
217998,Coruche Mendes Arana Mugueta
218066,Almena Horcajo Samatta
218191,Groenen Guga Rodrigues
218212,András Neguț
218299,Chatchai Bootprom
218339,Lü D. Costa
218343,Riyad Handanovic
218534,S. El Mala Adedire
218576,Viktória Aimé
218593,Skov Olsen Millenic
218623,C. Álvarez
218651,Pau Sans Shouaa
218656,S. Romero Michaela
218658,Diogo Miguel Iddi
218659,Marins Silva Stuhr-Ellegaard
218667,Bergier
218731,Alex Rambal
218738,Ely Fernandes
218743,Alfaro Azevedo Xhepa
218744,Isnairo Reis Bushiri
218745,Nui Neves Ferreira
218746,Jing
218868,Alejandra Bernabé Selma Sól
218873,Taimi Ouahim
218887,Nui Cristiana
218936,Pramod
218975,Dani Sánchez Coíntra Calegari
218981,Helibelton Omsberg
218985,Pramveer Augustin
219127,Oliveira de Araujo Fukuda
219145,Grande Sánchez Malik
219174,Pseftis Carlos Nieto
219175,Johansen Puna
219177,Ji Sung Godfrey
219180,Dahlkemper
219216,Jihyun Villamil
219244,Daniella Zaccagni
219259,Răducan Brignola
219293,McEachran Harbottle
219339,Marcos Felipe
219392,Alex Rihito
219414,Imada Alastair
219449,Mirnes Pepić
219451,Mühl Pablo Maffeo
219452,Jonson Farrell
219461,Emanuel Onuoha
219466,Bikash Matthéo
219467,Bowler Gyohoon
219482,Riyad Fracchia
219486,Oumar Brighton
219522,Close Lakatos
219525,Esma Ceballos
219527,Chinta Mafla
219536,Hunziker Pingot
219550,Nunes Jesus Onumonu
219551,Coda Sayers
219553,Chun So Aquilina
219576,Rayamajhi Bashir
219581,Rubina Gebauer
219584,Lirim Laís Araújo
219585,Mangal Toon
219586,Seon Ho Ritsu
219595,Du Pol Lirola
219605,Coruche Mendes Craciun
219621,Gabriel Tigrão Nu
219637,Camino Fernández
219655,Firas Xantoya
219657,Lluís Velurtas
219678,Lisa Mancinelli
219683,Combes Tanielu
219684,Rouault Nakhimov
219686,Cardenha Caeiro
219693,Devaney
219694,Capezzi Jeong Seung Bae
219705,Dabó Valvi
219715,Prazeres Ferreira Demirel
219717,Yony Gil Pareja
219725,Simao B. Minelli
219733,Liu Y.J. Ajibade
219736,Ephraim Hicks
219754,Brooklyn
219759,Rothe Mihai
219768,J. Alfaro V.Meseguer
219774,Salón Marcuello
219780,Chukwuani
219787,Andújar Mirari
219789,Gérson Adriano Teleri
219792,Bandinelli Ryerson
219795,Jens Martin Claudia Pina
219796,E.Ponce
219797,Redmayne Mantilla Pérez
219812,Oumar Christian Joel
219814,Salvatore Kevin
219836,Rienstra
219841,Nanasi Febe
219848,Daniels
219852,Alex Fatbardh
219854,Godfrey Shahruddin
219865,Jankovska Groven
219908,Brook
219914,Grande Sánchez Tremolada
219932,Antonio Gomis Rudoni
219937,Nassim Kravchuk
219941,Frendrup Carvalheira Peixoto
219948,Jackie Crespo
219951,Antonaldo V. Rotund
219952,Leblanc Harnik
219953,El Idrissy
219956,Pauleta Castro Oliveira
219967,Diogo PP Gullit
219985,Markiewicz Troost-Ekong
219990,Vebjørn Hoff
220018,Antiste Quinty
220019,Makan Winkle Haile-Selassie
220028,Rouault Ademović
220029,Sacko Katerina
220030,Galloway Orsolini
220031,Oli McBurnie
220039,Didier Chalida
220045,Coco Bassey Oubiña M Al Saiari
220048,Seon Ho Salquist
220058,DiGrande Paterson
220061,Neidhart Guendouzi
220065,Erceg Gerso
220073,Marta Carro Amukusana
220075,Midtskogen K. Amaro
220084,Cupido Gonçalves Everson Junior
220085,Lirim Vanderson
220093,Habeeb Halldórsdóttir
220128,Jesús Belza Cristaldo
220139,Rozita Soufiane
220140,Flaviu Karakaş
220147,Fairchild Zajmi
220148,Nanasi Obiang
220165,Jens Martin Penda
220172,Ron-Robert J. Sanguina
220175,Nui Kapić
220177,Gauchan Gonçalo Borges
220178,Jani Bodzek
220196,Daniella Bridget
220198,Berkely Catriona
220230,Pablo Barrios Bloggs
220332,Zamble Reis Lima
220334,Zebiniso Reis Lima
220346,Pagano
220348,Insúa
220375,Jamshid Iskanderov
220376,Huseyn Sergeev
220380,Puig Martí Portales
220383,Aarón Escandell
220385,Inma Gabarro
220407,Mangal Dubey
220409,Castro Sousa Velde
220414,Dewan
220421,Halimi Jurgen
220422,Magnino Görkem Sağlam
220429,Gagik Callens
220440,Cipot Laskar
220446,Mohammed Ali Bemammer
220475,Albers Godin
220482,Boatwright S. Majarín
220491,Eldin Gudiño
220493,Antonio Gomis Bardsley
220502,Mario Soriano Worknesh
220504,Daler Borra
220509,Liga Tsungirirai
220517,Firas Demme
220523,Weifeng Mendes Mendes
220528,Garay Thioune
220529,Lirim Ony
220532,Naroa Coffey
220534,Samal Lohkemper
220540,Damany Beckers
220570,J. Godinez Beadle
220584,Uduokhai Moreira de Sousa
220600,Adaramola Lodge
220609,Tong Hyon Vada
220616,McCrorie Terrence
220620,Fernández Velasco Guoliang
220621,Sacramentinho Bendebka
220624,Lisa Adami
220633,De Vitis Godwin-Malife
220635,Tanti Cobb
220649,Simao B. Troost
220651,Angousana
220659,Jihyun Brownhill
220665,Goldie Vobian
220697,J. Chaverra Luo Xin
220708,Bozinovski Bordeianu
220710,Hajda Villacorta
220714,Pasveer Biangbo
220715,Esma Pereira Silva
220720,Andreea Fox-Akande
220739,Jorman Shoaib
220746,André Anderson Zienia
220763,Riyad Sólbjørn
220782,Maiti Hyryläinen
220785,Antonio Gomis Zhang Zhihao
220786,Miti Nazarenko
220793,Dantas da Silva Souprayen
220805,Alex Carvalho Souza
220807,Marrugo Niklas Kemp
220814,Lisa Haugan
220819,Riyad Kesimal
220820,Miovski Dervite
220821,Capezzi Silva Sobrinho
220829,Emilie Tayfur
220831,McGuinness Malsa
220834,Maitland
220837,De Blasis Lukovs
220847,Maria-Luisa Lydia
220851,Flagellat Lazo
220872,Goikoetxea Unzalu Kebairejang
220876,Flašker Hershfelt
220881,Tori Soares
220886,Bianchetti Theodor
220893,Cordaz Bainbridge
220901,David Raya
220906,Delphina Eloni
220912,Fei Ernanduo Ivor
220915,Frieser Mikael Doka
220922,Hólmbert Aron Friðjónsson
220925,Alessandro L. Sally
220933,Alessandro L. Behounek
220940,Calem Brašanac
220944,Jeno Viggo
220948,Santiago Sorbon
220956,Riyad Jepsen
220969,Nallo Egan
220971,Moyano Kasey
221001,Tijjani Rosted
221014,Carbonell Vallés
221024,Asanova Sparv
221053,El Fakiri Guga Rodrigues
221087,Owan
221125,Samanta Dong Yanfeng
221167,Calem Dotor Gonzalez
221168,Daphne Klemenz
221197,Florentino Vivó Néstor
221219,Garnier Coetzee
221220,Johanne Pogarch
221235,Andújar Mirari
221269,Jaïro Riedewald
221279,Leblanc Kanya
221281,Diogo Miguel Hongla
221282,Isnairo Reis Sigér
221284,Jesús Bueno Glynis
221293,Grande Sánchez Mantilla Pérez
221318,Groenen Cristaldo
221322,Elnur Niilo
221323,José de Jesús Onguéné
221331,Lirim Martins Faria
221336,Longstaff Hiller
221342,Lyndon
221363,Djamila Yuzuki
221370,Midtskogen Al Aqel
221422,Sonu Iago
221425,Kaminska Mubark
221428,Diogo PP Kopo
221445,Vivar
221456,Răducan Bukhari
221467,Lakshmi
221479,Diogo Miguel Calvert-Lewin
221486,Dajaku Nikolaos
221488,Riyad Herd
221491,Naly El Adoua
221531,Malwin Mammal
221534,Gabriel Tigrão Nikodem
221551,El Hankouri Madara
221564,Matías Nahuel
221567,Senn
221584,Isolde Ramos Marchi
221587,Jeno Li Yang
221600,Marins Silva Chuangyi
221605,Alexandria Jang Seong Won
221610,Du J. Deschamps
221633,Bendle Spears
221637,Valle Gómez Min Seong Jun
221639,Malaitai
221652,Sansing
221656,Elżbieta Melati
221658,Ahmedhodžić Savitri
221660,Tymoshenko Leigh
221661,Graafland Vadalá
221664,Viganoni Carlton
221671,Lallianzuala
221680,Nalani Gustavo
221692,Claudia Bilsel
221697,Nunes Jesus Veličković
221705,Kovačić Debi
221706,Diney
221713,Dajaku Lindner
221714,Ali Bina Min Seo
221750,André Silva
221753,Maikel Mesa Sobottka
221756,Lee Gwang Hyeok
221759,Kegs
221767,Chichizola
221772,Abdullayev Al Ali
221791,Pramveer Koré
221793,Oumar Thomas Lehne
221797,Emanuel Sønderskov
221798,Expósito Jiménez
221801,Lecoeuche
221810,Richard C. Kanayo
221815,Walter Jhonnier
221820,Yamil
221831,Schlupp
221841,Adaramola Armando de Abreu
221846,Vasconcelos
221847,MoonHwan Merete
221850,Leander Næss
221854,Viviane
221855,Leo Román
221856,Lohake
221879,Moris Tajti
221885,Owusu-Abeyie Sammar
221890,Jae Yong Fracchia
221896,Diéguez Grande Autonne
221906,Claudio Dionne
221907,Bhutia Ojeda Saranova
221908,Lazăr MinJun
221909,Jean Fernandes Silcock
221912,Jónasson
221919,Araújo Martins Y. Shahrani
221931,Park Jun Beom Žulj
221952,Lisa Carlos Vinícius
221953,Belec Vicentini
221955,Jesús Belza Tayyip
221956,Seok Ho Pedro Antonio
221964,Vivianne
221972,Soiri
221982,Oumar Rashica
221986,Jair Veiga Hagar
221989,Fazer Allain
221990,Whitfield C. Franco
221992,Helgason Lingman
222000,Michael Laudrup
222022,Laufey Di Plácido
222024,Takeuchi Casali
222028,Jong Mu Veratschnig
222041,Lisa Bourdin
222045,Coronado Gyeong Hyeon
222052,Lambourde
222077,Mahamé Leyva
222095,Caio Nunson Bunk
222096,Hajda Lazăr
222104,Teagan Adegbenro
222109,Chimusasa C. O'Sullivan
222123,Aarøen Liangming
222145,Samad Nomura
222148,Nyoni Dorian
222153,Coruche Mendes Budel
222156,J. Chaverra Branca
222157,Damany Cleary
222164,Arijanet Kaio Fabiano
222165,El Ouarti Haciyeva
222168,Kyselý Rothrock
222175,Wang Haijian
222179,Jayawardene
222190,Loval-Landré
222191,Sofus
222192,Soglo
222195,Yang Fan
222199,Yang Yang
222200,Leonardo Lelo
222215,Partey Siyoung
222221,Alexis Burri
222227,Oumar Bennacer
222235,Radama
222256,Sun M.H. Bilsel
222262,Cuello Delfina
222263,Nel Isni
222273,Javi Galán
222278,Stone
222286,Galani Levent
222306,Diana G.
222319,Jakac Animasahun
222328,Jesus Andradaldo Badile
222329,Marek Veljko
222331,Lluís Khamis
222344,Sokoine
222346,Schiavi
222349,Richie
222352,Alberto Moreno Ajaya
222355,Lirim Torras de Fortuny
222356,Liuyu Valerică
222357,Brancolini El Kaabi
222369,Elżbieta Shahruddin
222373,Liu Haofan C. Franco
222378,Lisa Soner
222382,Liuyu Choi
222388,Ozziel
222389,Naroa Gusto
222390,Tinatin
222396,Diogo Miguel Balcı
222399,Coco Bassey Oubiña Noh
222400,Hajda Villares Yáñez
222411,José de Jesús Phuc
222417,Esma Ham
222418,Mugoša Lili
222420,Godfrey Vecko
222428,Johansen Kim Dong Hyun
222429,Andújar Couturier
222432,Fapetu
222435,Yang Haoyu
222438,Yfeko
222440,Charles Dênis
222449,Campisi
222461,Rauna
222464,Sertdemir
222467,Ingelsten
222471,Jesús Bueno Pérez Guedes
222475,Minsu T. Cardozo
222477,Lima Correia Răilean
222484,Dajaku Mbandi
222492,Laurenço Rønnow
222493,Manzorro Foreman
222501,Takafumi Carromeu Martins
222509,Dahmen
222514,Florian Vita
222528,Loor Giorgi
222537,Zizo
222540,Nascimento Borges Tugay
222542,Maggioni Rosas Alonso
222546,Laura Martínez Yeates
222557,Josué Dorrio Gerkens
222560,Szymański Yohann
222562,Rocío Gálvez Rodallega
222572,Innes
222576,Pelayo
222582,Kempter
222583,Tanti J. Chaverra
222585,Fisk Fydriszewski
222587,Flagellat Emrehan
222592,Keena
222598,Niemann
222612,McEleney Kanya
222621,Dongseon
222625,Muteb.M Shahruddin
222636,Golubev Koutroumbis
222639,Raschl Puja
222654,Izzy Beate
222665,Martin Ødegaard
222693,Hou J.R. Fattori
222714,Coco Bassey Oubiña Ermin
222729,Groenen
222734,Jørn
222737,Małkowski
222781,Kyriakos Savvidis
222798,Janasik
222820,Enoh Rosický
222836,Riyad Lakhan
222838,Barsamian Ajantha
222853,Hilde
222875,Jiamin Kamariah
222876,Ji Eun Shahruddin
222878,Thomassen Vanegas
222895,Léo Pereira
222900,Vegam Gustavo Lobateiro
222908,Samad Lupoli
222932,Jens Martin Nouble
222937,Belec Cillessen
222951,Makenna Rebocho
222959,Simao B. Min-seo
222982,Alfaro Azevedo Black
222994,Manzari Mukarrama
223054,Coruche Mendes Paneira Almeida
223061,Flagellat Cebrail
223069,Nuryagdy Sibbald
223074,Djiku Rotariu
223082,Viktória Nelsson
223085,Lo'eau Berkay
223097,Flagellat Cristaldo
223105,Nanasi Obando
223113,Kolbrún Patri
223115,Owusu-Abeyie Gerli
223134,Xue Qinghao Warland
223137,Fairchild Boialvo Gaspar
223138,Anto Brazionis
223143,Tigges G. Konan
223150,Lema Mlangeni
223154,Olaofe Thelma
223157,André Anderson Nerwinski
223159,Raoul Deslandes
223174,Nélson Oliveira Pedri
223175,Nordi Khusanov
223197,Eliesse Zeynep
223229,Coruche Mendes Maeda
223231,Ferreira Gomes Spence
223248,Johns Liu D.Z.
223253,Eaint Halsgaard
223255,Asier Ortiz Vince
223273,Malepa Oliveira Simão
223302,Rubens Freitosa
223307,Jabes Komal
223334,Jeon
223344,Venhola
223370,Malepa Eliott
223373,L. Gordon López Manzanara
223379,Odelia Jeong Seung Won
223381,McHardy De-wei
223402,Elene Lete Taşdemir
223426,Belloumi Xu Dong
223427,Lluís José Ndong
223489,Aleksandar Pablos Garrido
223498,El Hankouri Castro Pazos
223501,Adão Morrinhos Sigal
223510,Alexei Maurya
223524,Dyakov Giammona
223550,Jesus Andradaldo Nyala
223558,Nanasi Qaila
223566,Veton Dae Won
223571,Granada
223578,Marco Moreno
223593,Jae Moon Confais
223597,Richárd Agustina
223603,Estupiñán Bran
223627,Nuryagdy Al Somah
223629,Rosamund Al Abdan
223633,Lagi Paçarada
223637,Anesu Perchel
223641,Tait Bastida
223663,Biswas Siemens
223671,Sim Perrier
223676,Radomir Radonjic
223678,Defendi Seybold
223680,Maiti Sales
223685,Nizet Rangsei
223686,Taiwo Verhulst
223689,Vitor Hugo Velychko
223690,Sansing Raulo
223697,Rashmi Given
223710,Trotta Monjonell Torras
223717,Dorukhan Toköz
223721,Dajaku Liang Sh.W.
223722,Johanne Xhepa
223724,Sim Kukk
223727,Coronado Luis Perea
223740,Eguaras
223747,Sindermann Kenneth
223751,Gbemi Jordão
223752,Mamat Tayyip
223755,Mamat Randell
223756,Manzorro Saldaña
223760,Amrinder Serdar
223763,Ruidas Jarell
223779,Dabó Soul
223790,Scheidler Baz
223810,García Alvear Malika
223813,Dabó Yun Suk Young
223814,Daems Meriton
223818,Jo Inge
223827,Jeno María Miralles
223842,Lisa Colitto
223848,Sanju Meite
223852,F. Manzanara Quagliarella
223853,Agyiri
223861,Sonnenberg Costel
223866,Ruivah Lindsay
223868,Tambudzai Salmah
223871,Dajaku Armando de Abreu
223874,Tonali Remo
223877,Dani Ojeda Franca
223880,Paudie Lars Olden
223885,Alexandria Nigest
223898,Owusu-Abeyie Bernardoni
223902,Tanti Parsons
223905,Parisis Nafha
223907,Pearce Jeong Seung Bae
223909,Alex Onumonu
223918,Bozinovski Clifford
223925,Alexandria Broschinski
223926,Rubina Bartouche-Selbonne
223931,Haxhiu Mario Martín
223933,Grindheim Natacha
223940,Luke Shyam
223952,Daniëls
223957,Lisa Pešić
223959,Lisa Taylan
223963,Calem Holgado
223969,J. Chaverra Jesús López
223977,Aarøen N. Cabanillas
223978,Magull
223979,Oriol Rey
223981,Marrugo Chuang
223988,Lazăr Vecko
224003,Santana Arnaldo
224012,McEachran Rzuchowski
224013,Sankoh
224017,Ludis Vilches
224019,Padilla Bidas
224030,Marshall-Rutty Licsandru
224031,Adaramola Manuela
224041,Manzorro Salinas
224049,Niemiec Branderhorst
224057,Ahadme F. Romero
224062,Ousou Dreyer
224067,Janelt Thoko
224068,Heffernan Kim Hyeon Deok
224081,Junsub Paterson
224093,Maiti Kim Geon Hui
224094,J. Pablos Babacan
224099,Layla Corneliu
224115,Raiderlín
224130,Jihyun Tyger
224146,Jansen
224150,Jae Moon Rosa Cadete
224158,Sharaheli An-yan
224163,Arnar Tuominen
224179,Booth
224185,Cifuente Lamptey
224186,Ji Jiabao Yu Jinyong
224189,Weronika Bannon
224196,Puig Martí Bendiks
224198,Kadıoğlu Gursimrat
224201,Rayamajhi Agyekum
224211,Rubén Peña Miah
224213,Thorniley Dunsby
224221,Jeffmeirson Andrade
224225,Adaramola Paterson
224232,Nicolò Barella
224238,Vilaça Teixeira Bouquet
224241,Nalani Noël
224242,Dejana Luckassen
224251,Rashmi Y.Zaydou
224252,Oumar Pasi
224258,Koeman Ajay
224263,Jevtović Karademir
224265,Jeno Vilches
224267,Etete Tretjak
224271,Sólbjørn Ghrieb
224293,Rocher
224294,Lazăr Cokaj
224297,Alex Garritano
224301,Kael Zheng Junwei
224302,Marek Vidić
224305,Ingólfsdóttir
224307,Tennai Velickovic
224309,Jehle
224317,Jae Moon C. J. Sánchez
224322,Ketso Halouane
224324,Odion Xie
224334,Majasaari Adamson
224336,Strunz Reina Campos
224348,Lisa Hines-Ike
224358,Dani Ramírez
224361,Anesu Camiel
224371,Jabou Boulahrouz
224378,Mario Soriano Balwinder
224389,Ji Eun Kyu hyun
224394,Fábio Martins
224396,Waweru Gugisch
224411,Gorosabel Espinosa
224415,Ljubičić
224421,Marrugo R.Deaconu
224422,José Sá Boade
224423,Marta Carrasco Vinciane
224424,Raja Naby
224425,Malkolm Nilsson Vinski
224426,Nampalys Báez
224428,John C. Ogbus
224430,Defendi Chase
224438,Adaramola Bułka
224440,Jong Mu Per Kristian
224442,Bidwell Jurgen
224444,Hai Begheldo
224447,Garðarsson Jesús López
224466,B.Abduweli
224470,Han Ji Yul
224475,Dippendu
224483,Marić Gomes Coelho
224488,Fran Vieites Sibel
224490,Xue Qinghao Zardes
224491,Chinta Obiero
224494,Rajmund Haruka
224504,Imada Pelova
224510,Vanita Borriello
224511,Esma Boldizsár
224518,Tangen Choi Geon Ju
224538,Pedro Nuno
224543,M.P. Skogvold
224544,Yaneva
224546,Varga K.
224550,Vasilis
224555,Vásquez
224556,Pytlik
224558,Wilson Miguéis
224562,Fábio Melitinho
224574,O'Malley Pavils
224590,Janni Belotti
224591,Wang Q. Bloomer
224599,Walexinton
224604,Vasco
224615,Yang Y.
224618,Leger
224624,Fossey
224631,Wang Dongsheng
224648,Leaburn
224656,Nossar Aina Duran
224661,Awate Bonny
224662,Marlon Gomes Molefi
224667,Wamuhle
224674,Varga
224675,Yao
224677,Betim
224685,Yamazaki
224690,Le Roux
224692,Lechleiter
224702,Leon A
224718,Sule Antalyalı
224724,Sulbarán Bielica
224739,Park Jun Beom Novaretti
224761,Tao Q.L. Liliana
224763,Kolbe Bharti
224793,Brdar Vernon
224817,Pranciskus Barker
224821,Sinkala Ria
224836,Tramontinaldo Meite
224841,Kartum Di Pardo
224842,Goikoetxea Unzalu Dimitrov
224846,Kim Jun Bum Kirstine
224854,Lisa Ottiger
224855,García Alvear Bush
224874,Amanova Palmieri dos Santos
224882,Anto Rai
224883,Sinkala Missori
224890,McLean
224915,Salomoni Vittoria
224921,Advíncula
224925,Gayà Peña Gaitán
224933,Kartum Kyung Bae
224947,Dajaku González Carmona
224956,Dajaku Cottafava
224959,Abdülkerim Al Ibrahim
224962,Midtskogen Al Joui
224967,Macias Sorgić
224970,Jaheim Diogo Rodrigues
224977,Alessandro L. McDonnell
224980,Mamikonian Buntic
224981,Golan
224982,Antonio Gomis Oostenbrink
224987,Ina Pieńko
224996,Firas Behrami
225001,Kovačić Vitiello
225014,Frédéric Casale
225028,N. Campisi Pouye
225037,Mario D. Pisseri
225051,Belec Veera
225053,Leblanc Renée
225054,Anto Jungin
225071,Belec Vicente Robles
225072,Wynn Valera
225075,Jong Mu Guillou
225077,Shervashidze Fauré
225085,Jesús Bueno Balikwisha
225087,Facundo Al Rajih
225100,Jeno Gideon
225106,Jia F.F.
225116,Alex Mayo
225117,Nampalys Gulzhan
225125,Hajda Andrade Lima
225126,Eira Seung Won
225128,Garay Acampora
225134,Alex Bartels
225147,Coco Bassey Oubiña Rashica
225149,Jager Burgmeier
225161,Topp
225166,Voloshyn Lenogue
225168,Tonali Isolde
225174,Draw Character 3 Lima Magalhães
225189,Seon Ho Bartra Aregall
225193,Medrán
225195,Abdulmalik Al Hafith
225200,Kazlauskas
225201,Benjamín
225203,Leblanc Kanya
225204,Quiles
225206,Kassi Narey
225213,Grilo Azevedo Serena
225236,Ben Hamed Kuscevic
225245,Remi Corazza
225251,Jeffmeirson Shen Z.G.
225263,Dorsin Zhang Sijie
225266,Marić Pérez Rabaza
225273,Luzárraga T. Viudez
225279,Coda Masato
225280,Diagne Meto Silu
225282,Jin Hong Della Latta
225289,Nanasi Farrell
225293,Gunay Dennisson
225309,Mridha Amourricho
225310,Belec Sønstevold
225316,Isnairo Reis Harres
225317,Kartum Natinho Mestres
225342,Isnairo Reis Sinyan
225361,Lo'eau Marín Zamora
225375,Kim Jin Kyu Kuka R.
225381,Issei Parmentier
225395,Esmoris Tasende
225396,Boyuan An Chi Woo
225403,Zhao Zh.Ch. Juli Freitinho
225423,Sirasasyha Trstenjak
225428,Etete Gargorov
225432,Daler Sher
225439,Reginiussen Madu
225441,Kaikai Onumonu
225475,Hatzidiakos
225478,Román
225487,Halbauer Kortney
225498,Lawrence-Gabriel Son Jun Ho
225508,Elżbieta Bagirova
225509,Aarøen Cleaves
225511,Coburn Tessmann
225523,Laredo
225532,Hugo Alberto Christa
225533,Chimusasa Bea Beltrán
225539,Diogo Miguel Shayon
225543,Bowei Cleaves
225557,R. Carlos Peretz
225589,Jackie Karina
225590,Ings Colman
225600,Abdurahman Al Abbas
225625,Jézéquel Ulrika
225632,Nu Bukhari
225636,Lluís Blázquez
225645,Giorgian De Arrascaeta
225650,Tanti Kenna
225652,García Alvear Pușcaș
225653,Gudžulić Karich
225654,Jonny Dubkov
225659,Graafland Raúl De Tomás
225663,Alexandru Gianlucca
225667,Coda Chafik
225668,Kadija Godfrey
225669,Kenneth E. Mendy
225679,Liuyu Cameirão
225685,Emma Ramírez Kiana
225692,Mario Gila Babicka
225696,Monja
225699,Anusha
225714,Fairchild Antal
225719,Kant Husson
225720,Gerrit Bhoi
225733,Cech
225734,C Phair Gómez Oliver
225735,Diogo Miguel Bastian
225738,Konrád
225739,Jazmine
225740,Dittgen
225748,Tamuna Campaña
225757,Marrugo Bugiel
225766,Hocking Karseladze
225769,García Alvear Dimitrios
225772,Kayikci Gohlke
225775,Mahop Boehmer
225779,Belec Saïd
225782,Ainley M. Merentiel
225783,Singh Marques Barni
225785,Chimusasa Vilhena Taira
225793,Belec Ghazala
225809,Dutta Rafał
225811,Mame Mor Min Seong Jun
225812,Browne Ricard Artero
225844,Daler Tuba
225849,Marta Carrasco Diego Manuel
225853,Quanbo Qiao
225855,Antonino Blerim
225858,Majasaari Lakatos
225859,Miti Nair
225863,Nui Borghes Caeiro
225867,Tymoshenko Adelaide
225868,Daniil
225872,J. Cuellar Masatoshi
225873,Renaud Fajardo
225878,Castro Sousa Diogo Travassos
225921,Ramil Sheydaev
225922,Mallika Scarles
225926,Paolinho Leima
225927,Plea Lecoeuche
225931,Meffert Dorn
225948,Pérez Muñoz L. Paquetá
225951,Deeb Boryslav
225953,Sintes Egea Bentoumi
225956,Babajide David Akim
225964,Ji Sung Carlos Manuel
225974,Salomoni Masi
225976,Sobha Mads
225993,Nu Ronald
225995,Park Jin Woo Sirlord
225996,Emanuel J.Martínez
226002,McLaren Araphat
226006,Clelland Heung Min
226012,Riyad Magariño
226018,Juan Hernández Thaer
226021,Gresa
226035,Ji Eun Minissale
226045,Jano Monserrate Funke
226050,Cataldi Swain
226078,Tenglong
226084,Riyad Hagawi
226087,Vallejo Avilés
226093,Choi Cheol Won Adebola
226096,Robson Leandro
226102,Chaudhari Dougan
226103,Akhand
226108,Feldkamp Reijnders
226110,Nampalys Piper
226116,Riyad Soosaar
226129,Jesper Bergset Gisele
226130,Ferrario McLaren
226148,Braulio Uraezaña
226151,Huang Ming
226157,Jae Hee
226161,Majerus
226162,El Shamy Brunt
226166,Nekounam Mojica
226167,J. Vásquez Dayne
226168,Marta Carrasco E. Aydın
226170,El Shamy Amund
226172,Leblanc Mads Emil
226181,Gábor Al Harthi
226182,Snežana
226197,Faqihi
226205,Zhang W. Soares da Silva
226221,Aridon
226226,Geoffroy Levy
226227,Lato Kuznetsov
226228,Flynn Rosa da Cruz
226229,Sætra Kang Sang Woo
226259,Liga Andrian
226260,Andreea Christakos
226268,Federico Dimarco
226271,Ethon
226286,Frendrup Zandén
226295,Bhutia Boutobba
226296,Wasim
226300,Tiago André Zapytowski
226302,Alexe Perisan
226316,Soraya Laurenz
226355,Ozan Kabak Brandt
226370,André Vidigal
226375,Kaká Haroune
226376,Junbeom
226377,Gijselhart Mantilla Pérez
226380,Hong Jeong Ho
226385,Coruche Mendes Engelman
226386,Lirim Shoola
226393,Nanasi Pallois
226395,McEleney Corlu
226401,Kayikci Domański
226411,Coruche Mendes Pablo Maffeo
226419,Ethem Rowlands
226429,Alibeyova Coles
226430,Salvai Guéla
226431,Lattwein
226436,Head Yuko
226447,Ryuki Dupond
226456,Fornals
226468,Andreea Facello
226491,Kayikci Tafazolli
226495,Santi
226506,Kael McCafferty
226507,Jankauskienė Wardak
226508,Goikoetxea Unzalu Sulejmani
226510,Damion Goodison
226514,Dajaku Hakkarainen
226515,Andrey
226517,Hai Guyon
226518,Antonio Gomis Meirelles
226523,Flips Brierley
226537,Ulrik Yttergård J.El Yamiq
226539,Wilfried Namli
226547,Markiewicz G. Ochoa
226556,Javi Villar Maniatis
226561,Isnairo Reis Masson
226568,Huang Zhengyu Gustavo Filipe
226579,Alejandra Bernabé Y. Rak
226583,Shotaro Orli
226604,Desábato Toro
226616,Jesús Bueno Fuster
226627,Stephane Mendes Vicente
226652,Osimhen
226656,Dárdai Gartenmann
226659,Jens Martin Amoroso
226662,Barnes Naorem Mahesh
226671,Fairchild Fabienne
226677,Jorja Babatunde
226686,Marrugo Chiorra
226705,Daniella Ataberk
226710,Gayà Peña Sadiki
226720,Vinay
226737,Jakac Omsberg
226747,Baldomero Paramjit
226753,André Luiz Nyhammer
226754,Ilqar Ben-David
226764,George Best
226766,Daland
226772,Jelínek Käit
226777,Cucho Hernández Kyi
226786,Alex Boloca
226789,Anguissa Fouzair
226790,Vigne Myziane
226791,Sulejmani Millenic
226793,Marins Silva Percy
226797,Vallejo Galván Maambo
226803,Taimi Oskar
226807,Coruche Mendes Reginsson
226838,Vardan
226851,Ben P. Moreira
226853,Jang Si Young Sigurðarson
226866,Driussi
226877,Ingley
226893,Davino
226958,Ren Hang
226979,Amath Hyun Woo
226987,Kion Asir
226997,Roord Koo Ja Cheol
226998,Lytvyn Embaló
227013,Foran Rehnen
227040,Rouault Cosgrove
227050,Taimi Emeka
227055,Ganis
227067,Manglenthang Rezaei
227069,Eduardo Fonseira Lehel
227072,Banis Bohra
227073,Cosentino Georges
227074,Castro Ponce Rota
227082,Dani Olmo Malthe
227095,Maharana Geovane Jesus
227096,Lemoine Blathnaid
227101,El Sheiwi Gum
227102,Caroline Graham Hansen
227109,Alami Karabo
227110,Cabral Fidel
227113,El-Boghdadly Yurchenko
227115,Kalifa Giulio
227116,Kourniakis Seok Ho
227119,Sinaly Casiani
227125,Rouault Karina
227127,Zaitun
227137,Hammill Pérez Ruiz
227148,Fairchild Bohra
227154,Samanta Brenna
227174,Marissa Carracedo García
227182,Anton Logi Brattberg
227186,Augello Barzagli
227190,Iglesias Quintás
227191,Mandouki
227203,Alexia Putellas
227204,Li Y.
227222,Fort García Grabowski
227232,Ferrario Show
227234,Lisa Teijo
227236,Andueza Xadas
227243,Gantumur Bolkan Nordli
227246,Liu Sh.B. Briasco
227254,Alex Goiginger
227255,Finne Kepa
227274,Daniella Bansal
227278,Grivosti Benoit
227288,Ji Eun Ferrand
227290,Malwin Dilan
227310,Ada Hegerberg
227316,Verstraeten Radecki
227323,Grillo Raab
227327,Rúben Neves Drouhin
227330,L. Becerra Ben Ouanes
227337,Sonne Honcharenko
227344,Ruiz Tanguy
227346,Gomes dos Santos Martínes
227348,Urszula Aspropotamitis
227349,Labinot Pataki
227353,Karavaiev D.Corboz
227359,Christodoulopoulos L. Vargas
227361,Kadidiatou Diani
227362,Seiça Reynisson
227368,Castro Romero Fer Pérez
227369,Soro Jamie-Lee
227370,McEleney Yadav
227381,J. Pola Shifidi
227383,Juanlu Bruno Guimarães
227384,Almendra Chahed
227387,Janneh Susso Fernando Fonseca
227392,Ashby L.Camino
227394,Carabalí Gil Pareja
227397,Adrián Bernabé Latifa
227404,Pocognoli
227421,Pratt
227427,Alikhan Alionço de Lima
227452,Sinclair Martim Neto
227453,Gomes Engelman
227455,Kadidiatou Naocha
227457,Chamila Conejo
227466,Karamatić Rasmus
227477,Eugen Alvares
227498,Kaiyne Woolery
227503,Isolde Bruun Larsen
227508,Matteo Salamon
227509,El Fardou Zeballos
227511,Namita Pászka
227513,Coruche Mendes Arokodare
227515,Desábato Min Seong Jun
227520,Tambudzai Rossouw
227527,Francisca
227528,Boyce Reis Lima
227529,Marharyta Ho Yeon
227535,Rayamajhi Benešová
227537,Harrington Trpcevski
227549,Pujin Ari
227550,Desábato Tófoli Laranjeiras
227558,Ji Eun Seema
227560,Ji Sung Shova
227561,Santi Cazorla Buș
227562,Lobinger Hafez
227570,Lakra Silvestri
227584,Dangprakon Matur
227594,José Marsà Nitesh
227602,Fachini Lobato Zajmi
227616,Ana Catarina Victor G.
227622,Siphokazi Siebe
227632,Jamir B.
227647,Marta Carrasco Meunier
227653,Dulunga Dávalos
227659,Kim Jin Gyu
227667,Iikka Martín Rodríguez
227668,Rosucci Hugonet
227678,Espanha Fernandes Kim Jin Ya
227679,Adaramola María Miralles
227682,García Alvear Kwong
227686,Karlström Andrade Lima
227688,Kassim Al Mazroaa
227689,Karen Mońka
227706,J. Alfaro Hird
227738,Lluís Khaled.M
227740,Dall'Aglio Araz
227758,Seok Ho Monnier
227759,Caitlin Melati
227764,Jennifer López Jesús López
227772,Gagik Generic 2
227790,Jan-Pieter
227791,Lamine
227794,Caitlin Tudgay
227796,Chinta Pillai
227806,Dajaku Barbosa dos Santos
227813,Nowacka Ye D.C.
227819,Rubio Martin
227835,Sverre Hakami Sunggwon
227836,Emanuel Leif
227837,Hartel Roccaro
227855,Bernasconi Rohdén
227881,Sayid Mate
227882,Rubina Lacoste
227884,Breen Oddveig
227890,Ngosso
227895,Kris Twardek
227900,Nanasi Terestyenyi
227909,Jeong Tae Wook Marvel
227925,Lund Hansen Arnarson
227927,Kovačić Vanelli Lusuardi
227928,Niemczyk
227929,Riyad Vilma
227932,Lluís Fortin
227945,Skov Olsen Felipe
227947,R. Carlos Harres
227948,Favre Kanu
227950,Wei Zh.
227951,J. Cuellar Marveaux
227961,J. Cuellar Raso
227966,Mirzoyan S. Opsahl
227970,Varnier
227978,Manzorro Mathijsen
227982,J. Nerwinski
227995,Leblanc Vania
228007,Lamont
228009,Lee Gyu Seong
228010,Hong Joon Ho
228017,Yan Junling
228033,Chavez
228047,Camporese
228058,Lluís Gourna-Douath
228076,Wang J.Q.
228077,Vartabedian
228080,Famara Ottilie
228082,Drissa Bultman
228092,Rui Patrício Benning
228093,Makan Winkle T. Mawene
228106,Owura Niina
228108,Kearney Bright Akwo
228111,Remi Cristian Carracedo
228120,Karadas Oliveira Gonçalves
228134,Oumar Marwan
228145,Ethem Hewison
228148,Rissanen Hasal
228151,Jihyun Crețu
228153,Jeno Petiteau
228171,Chiricheș Hyeondeok
228174,Calem Carly
228176,Jhan
228179,Alfaro Azevedo Carvalho Souza
228182,Mickel El Shenawy
228188,Piła Kirkpatrick
228194,Madritsch Delferrière
228210,Krätzig Isola
228211,Elżbieta Puja
228212,Andrej Harenbrock
228225,Vester Hagel
228229,Ethem Balbuena
228231,Ali Bina Agustina
228238,Jiménez Gutiérrez Gregory
228243,Nderim Liška
228245,Manzorro Vaz Laranjeiras
228251,Liga Palmieri
228255,Nampalys Larrazabal
228271,Chipperfield Gil Osés
228279,Joel Silva DongHo
228283,Prykhodko Christian Rivera
228290,Jongbeom Kwon
228292,Choi Min Ki Haider
228295,Raoul Hepburn-Murphy
228302,Pacheco da Silva
228303,JiSol
228312,Rashmi León Breña
228321,Sanogo
228325,Nu Bennacer
228326,Brian Oliván
228332,Gölgeli Chilokoa-Mullen
228336,Ferrario Gontse
228349,Morton V.Santos
228352,Dvali
228355,Junior Firpo Jeon Jin Woo
228363,Jiamin Knaak
228366,Lukasiak Gelhardt
228368,J. Cuellar Singhania
228369,Isnairo Reis Vanlalruatfela
228375,Markiewicz Tsuyoshi
228382,Daf Ahamada
228383,Justine Glesnes
228388,Macias Sánchez Muñoz
228397,Nascimento Teixeira Nishimura
228408,Coco Bassey Oubiña Remi
228410,Dajaku Inge
228413,El Ouarti Auberietta
228415,Lato Gheorghiță
228416,Garnier Fatma
228419,Luís André Andrade
228431,Veglio Caddy
228454,Mickel Nodira
228456,Johny
228457,Adrià Czyżycki
228461,Roben
228487,Kempf
228505,Oumar Pankaj
228509,Jair Veiga R. Salcedo
228517,Anesu Rinomhota
228518,Andrej H. Araújo
228520,Chimy Ávila
228526,Hong Gyu
228534,Wilson Allan
228562,Páez Rosier
228577,Arizala Leny
228579,Ben Hart
228582,Rouault S. Darder
228591,Caprari Arbnor
228593,Ulrik Yttergård Sehitler
228595,González García Pierozzi
228607,Diogo PP R. Peña
228614,Garrido López Hernandez Luis
228618,Farina Maurya
228624,Midtskogen Kau
228627,Abdülkerim Al Mutari
228628,M. Loureiro
228630,Enzo Diogo
228635,Boothby
228638,Belec Siobhan
228642,J. Chaverra Taichi
228645,Lluís Guilherme Montóia
228681,Fisk Sehi
228682,Raimundo Rebolledo
228684,Riyad Nicky
228685,Einar Galilea Lennon
228687,Kaio César Dinis
228702,Frenkie de Jong
228707,Deters
228708,Lisa Manu Trigueros
228715,Ben Torrodà Ricart
228724,Mara Souprayen
228730,Sadami Rosales
228732,Hailie Mischitz
228738,Jaritz Monique
228741,Pseftis Ballivián
228744,Jarik Tomás Händel
228748,Farnias Almeida Farrell
228757,Makan Winkle Marian Fernando
228759,Karababa Bornauw
228770,Ji Sung Sammarco
228774,Ulrik Yttergård Mainoo
228775,Flora Kulovits
228781,Viktória Claudiu
228782,Joan Sastre
228783,Alibeyova Kulkarni
228784,Pisseri Kulkarni
228789,Ras
228790,Aitor Buñuel
228805,Querida
228813,Aleix Febas
228814,André Luiz Gohlke
228815,Thomassen Rashica
228819,Markiewicz Trevitt
228829,Mahop Rashica
228834,Eaint Victor G.
228838,Elżbieta Rachad
228859,Ike Lee Dong Hyeop
228860,Head Josiane
228863,Tambudzai Hao Y.C.
228874,Racovitan Arnarson
228875,Jobert
228881,Danjuro Calabria
228882,Seon Ho Perera
228883,Belloumi Generic
228888,García Alvear Dwight
228894,Jeno Vecko
228912,Bledar Allysha
228918,Wanitzek Slončík
228928,Rouault L. Sosa
228935,Maikel Mesa Eline
228941,André da Silva
228946,Marion Song Jun Seok
228959,Farnias Almeida Alana
228961,Marney Pedro Moreira
228974,Daddy's Boy
228981,Westerveld Bogado
228983,Marta Carro Casper Glenna
228997,Cham Giorgini
228998,Dangprakon Mapou
229011,Kranevitter Mothersille
229015,Frendrup Bustillo
229045,Abu Bekir Ömer K. Minda
229071,Kadıoğlu Nzanza
229072,Zheng Dalun Samuel P.
229073,Jihyun Célia
229082,Nu Abousharara
229087,Hakizimana Ravil
229091,Bagheria Pablo Rodríguez
229114,Leblanc Borja
229123,Riyad Briede
229127,James-Taylor Teunckens
229150,Orelien Hallyyeva
229155,Sólbjørn Okita
229158,Boyuan Yüksek
229163,Caio Nunson Seydou
229167,Melisa Pérez Gutiérrez
229168,T.Sanabria Graterol
229171,Karadeniz Quoalabee
229173,Guignard Guilherme Zimovski
229175,Narváez López Kaysone
229176,Görkem Sağlam
229182,Raphaël Crespo da Silva
229184,Tanti B.Brahimi
229188,Trałka P.Piatti
229194,Alebiosu García Bauzà
229200,Ferrario Lacey
229201,Alejandra Bernabé Calder
229207,Zack
229209,Jesús Bueno Bengono
229227,Pramveer Laurits Raun
229232,Tamm Mokwa
229236,Mario González Tian Y.D.
229237,Mahamé Ak
229249,Izzy Molefe
229251,Trincão Michut
229255,Chalida
229261,Deeb Wynona
229266,Jeno Rawlins
229267,Paswan Hashioka
229270,Marlon Lourival Lars-Jørgen
229274,Lazăr Sólbjørn
229277,Jesus Andradaldo Franculino
229286,Taimi Seung Hwan
229295,Osambela Larraya
229327,Houboulang
229336,Anton Logi Gomes O. Tavares
229343,Vanvisa
229348,Antonia Rasmijn
229354,Arhan Alif Rifai Faratiana
229367,Sindermann Holla
229375,Eggestein Adekunde
229377,Marion Krajewska
229378,Sulemana Džan
229379,Lirim Yu T.X.
229391,Onel
229393,Rouault Heylen
229397,McLaren Trevitt
229398,Hajda Maslarov
229401,Naira Marchán
229433,Adu-Adjei Y. Rak
229436,Sim Gabriel Pirani
229444,Farnias Almeida Daschner
229448,Ferrario Ayoub
229453,Gedikli
229456,Liga Desmet
229459,Nampalys Sahi
229472,Fellaini Perković
229476,Vanderlei Tiago Antonaldo V.
229477,Medon Butland
229487,Lluís Kharchenko
229501,Victor Braga
229504,Florián Līvija
229508,Sonia Majarín Sprangler
229517,Taslima
229528,Moreno Lopera Marja
229536,Hetemi Tagseth
229541,Zakirova Milazar Coimbra
229543,Daniella Kazuya
229558,Dayot Upamecano
229574,Artem Cabri
229575,Dajaku Madlasomo
229582,Gayà Peña Madlasomo
229584,Otayf Simó
229585,Melgarejo Degenek
229593,Malwin Pedro Tofico
229605,Caio Nunson Coco
229620,Utvik Ravindra
229631,Laštůvka
229636,Gagik Papetti
229640,Luz Horta Pacheco Flores
229646,Rubina Whalley
229649,Frendrup Slocombe
229657,Diarrassouba Medić
229659,Browne He Chao
229667,Jiang W.H.
229668,Malheiro
229678,Shala Nassir
229682,Cõembra Laforte Forster
229683,Raymond
229692,J. Vásquez Honcharenko
229694,Millaray
229699,Nanasi Bellolio
229702,Jill Matheus dos Santos
229703,Diakhaté Glass
229705,Jahanbibi Dragon
229713,Jin Hong Bintou
229723,Marić Jamie-Lee
229731,Marharyta Sinyan
229743,Alessandro L. De Amores
229752,Digbeu Sib
229764,Ionuț Andrei
229765,Noufal
229771,Coda Marvel
229773,García Lugea Dressel
229800,Rankin Savitri
229804,Alexis Metsoko
229818,Diogo PP Bastien
229819,Mangal Pérez Rico
229842,Desábato Hasanović
229843,Ever Tomás Händel
229851,Alibeyova Al Aqeel
229860,Floyd Andradóttir
229862,Dyson
229873,Alexandria Munksgaard
229879,Daniel Queipo Reiten
229880,Aarøen Vanspaul
229881,Ariadna Kévin
229885,Estupiñán Ehmann
229891,Jong Mu Ro
229894,Lisa Fjeldstad
229900,Ruiz Suárez L. Baptistao
229901,Hajda Si Hoo
229905,Abelmy Barakah
229906,Latifa Bagheria
229910,Song Long Iago Azevedo
229911,Moreno Pérez Karabaeva
229914,Eldin Octavia
229921,Diego Essler Akin
229923,Samad Sitaram
229925,Emanuel Vergés Prats
229930,Kovačić Kheira
229942,Awate Diego José
229956,L.Codina Yattara
229971,Eszter Cavalleri
229973,J. Alfaro Pearman
229974,Sólbjørn Robinet
229980,Cupido Gonçalves Milazzo
229984,Belec Chen Xing
230005,Tanti Danovis
230014,Einarsdóttir Huang Zh.Y.
230019,Urania Nevado Gómez
230020,Paudie Lance
230021,Jiegei Aidi Fulangxisi
230025,Bobby Charlton
230032,Josué Limberth Amaro
230042,Williams Ntambue Aït Bennasser
230043,Faitout Maouassa
230046,Lloris Nicolás Wulan
230047,Flavia Renan Tojeiras
230055,Narváez López Hossain
230065,Slobodan Sangwani
230081,Rolland Dennisson
230084,Lluís Ndale
230107,Källman Corbett
230126,J. Chaverra Brienza
230132,De Bruyne Donervon
230134,Sante
230136,Ji Eun Sønstevold
230142,Olabarrieta Capelo
230144,Aspas Juncal Diego Caballo
230149,Isnairo Reis Sandler
230164,Liu Haoran
230165,SeongUk
230166,Farajov
230167,BergThórsdóttir Tangil
230168,Emelvinson
230169,Valls
230171,Cardoza
230172,Tekene
230175,Floriani M.
230176,Rojo
230180,Adrizinho Bastos
230181,Haoxiang
230182,Liso Lahoz
230183,Garrote Camuñez
230184,Devecchi
230185,Thórdís
230186,Elgezabal Udondo
230188,Alaadin
230189,Seleznev
230190,Radivoj
230191,Elmazi
230192,Botelhinonsa
230193,Carnot
230194,Iza
230195,Walexinton
230197,Laetitia
230198,Jong Beom
230199,Umarboev
230200,Duren
230201,M. Bouldini
230202,Iwasaki
230203,Churlinov
230204,Houssem
230205,Nemil
230206,Verma
230207,Kanno
230208,Louvaris
230209,Hodson
230211,Vanderlei Cõembra
230212,Yabré
230213,Kamol
230214,Ljiljana
230215,Osvaldo Lodeiro
230216,Adrian Nilsen
230217,Marlon
230218,Estévez Bascuñán
230219,Enyeama
230221,Kalulu
230222,Aimar
230224,Jones
230225,Hanchik
230226,Charles de Breito
230227,Cabanillas
230229,Ogunneye
230230,Ekong
230232,Italo
230233,Oriol
230234,Ji Un
230236,Latsko
230239,Chuluun
230240,Puleng
230241,Elmander
230242,Lousvartian
230243,Brannan
230244,Le Guilly
230245,Dodo
230246,Cabaco
230247,Itten
230248,Antonella
230249,Mamani
230250,El Zhar
230251,Melvin Parrela
230252,Jiahao
230253,Alson Botelho
230254,P. Garrote
230255,Džeko
230256,Adryan Zonta
230258,Revan
230259,JongGyu
230260,Gréboval
230261,Renan Tojeiras
230263,Ademi
230266,Heltinho Melo
230267,Tião Couteira
230268,Enzo
230269,Chung
230270,Estévez Ogalla
230271,L. Coulibaly
230272,Kalombo
230273,Antonaldo Vaz
230274,Dani Rochelinhas
230275,El Mizouni
230276,Nanda
230277,Grincenco
230278,Capusa
230280,Nyein
230281,Mauro Riboas
230282,Gräwe
230283,Erling
230284,Garnier Carreonal
230285,Pająk
230286,McGinn
230287,Afalna
230288,Gros
230289,Ryu Kwang Hyun
230290,Duah
230291,Thiago Alminxa
230292,Ekomié
230293,Matla
230294,Adriano Bisesi
230295,Cris Laranjeiros
230296,Corvia
230297,Adrián Vázquez
230299,Arsim
230302,Jin Ho
230306,Morven
230312,Fremaux
230314,Kaíque Mutto
230315,Ailtio Coelho
230316,Elanga
230317,Florenzi
230318,N'Jo
230319,Andrés Borge
230320,Tyreke
230321,Pratik
230322,Teixe Gaúcho
230323,Kamonwan
230324,Adrián
230325,Leandro Pestanha
230326,Lekue
230327,Guerrier
230328,Paula Coba
230329,Alozie
230330,Nawaf
230331,Van Zanten
230332,Vihanga
230333,Jonas Damasto
230335,Van de Velde
230336,Dalmr
230337,Andre Luis
230339,Haoyang
230340,Lkhagvasuren
230341,Jimi
230343,Jesus
230344,Jeffmeirson
230345,Qazim
230346,Itsaso
230347,Verhoeve
230348,Kuciak
230349,Raynes
230350,Olatz
230351,Selemani
230352,Rawlings Moguerna
230353,Garik
230354,Jesus Andradaldo
230355,Rubens Freitosa
230357,Julio Cabrera
230358,Tramontinaldo
230359,Garnacho
230360,Hediselton
230362,Dicker
230364,Nadeau
230365,Teobaldo Espinho
230366,Senghor
230367,Tatiana
230368,Bergh
230369,Durval Dutría
230370,McEneff
230371,Tyrer
230372,Harciński
230373,Nand
230374,Jaliens
230375,Josué Chiamulera
230376,Bruno Fagundeiro
230377,Ruegg
230378,Emidio Hoffman
230379,Tímea
230380,Liubov
230381,Julieta
230382,Mella Boullón
230383,Pereira Azarias
230384,Muhammed Jaseen
230385,Alber
230386,Curda
230387,Haoqian
230388,Daniele
230389,Édundo Oliveira
230392,Ailsa
230394,Ngosa
230396,Weilson Montanhesi
230397,Elhadj
230398,Ekström
230399,McGree
230401,Duirval Diniz
230402,Monika
230403,Palazón Camacho
230404,Ben Hamed Macatt
230405,Bao Sh.M.
230406,Granero
230407,Toussaint
230408,Etonde
230409,Thórhallsdóttir
230410,Mutsi
230411,Brenão Duarte
230413,Marlon Nideiro
230414,Huslen
230415,Linari
230417,Durgesh
230418,Dzhumalieva Jariane
230420,Paulette
230422,Monjonell
230423,Otermín Abella
230424,Rui Modesto
230425,Richter
230426,Arter
230427,Eggimann
230428,Munteanu Baumer
230429,Taite
230430,Offord
230431,Sedlar
230432,Dango
230434,M. Alkuwaykibi
230435,Luis Couprins
230436,Ngoma
230437,Efia
230439,Reguilón
230440,Florian Thomas
230442,Jackson
230443,Anssi
230444,Edardynho Neto
230445,Rodolfo Pittaça
230446,Maita
230447,Myeong Je
230448,Perlita
230449,Destiny
230451,Diambou
230452,Kanteh
230453,Daniël
230454,Le Garrec
230455,Jackson Crusso
230456,Chun
230457,Jairzinho Aníbal
230458,Berentzen
230459,Tachtsidis
230460,Jesús José
230461,Laura Pérez
230462,Thio Rolim
230463,Seong Won
230464,Alaaeldin
230465,Almada
230466,Francisco Jesús
230467,Melvin Regalito
230468,Jina
230470,Pacius
230471,Wilsson Rosito
230474,Luka
230475,Adjei-Boateng
230477,Dekker
230479,Jessé Ledeiro
230480,Pál
230481,Remberg
230482,Mambimbi
230483,Isuf
230485,Deborah
230486,Ouma
230487,Latasa Fernández
230490,Sandro Maceira
230493,Etienne Jr.
230495,Houri
230497,Roni Gameira
230498,Liudmyla
230501,Guessand
230502,DuJae
230503,Itu
230505,Euclides
230506,Adão Salvadaldo
230507,Nakano
230510,Vicemte Tófoli
230511,Elexpuru Añorga
230513,Grimmer
230515,Tomaž
230516,P. Henrique
230517,Genaro Orzazabal
230518,Firuza
230519,Leandro Vivenço
230520,Sardá
230521,Prazeres Conradi
230522,Murildo Kauê
230523,In Kyun
230524,Figo
230526,Julio Leonardo
230528,Rafael Cachoira
230529,Benjamin Meseira
230530,Hoefkens
230531,Saberto Botelho
230559,Maphosa Scuffet
230561,JaeHee González de Zárate
230564,Md.Fardin Fredinho Mutto
230578,Mirza Denisov
230590,Dani Pérez Novello
230601,Coulson
230607,Wang Sh.Y. De Alharilla Casado
230613,Amane Dervla
230621,Gianluigi Donnarumma
230623,Septian Baia Paneira
230624,Timoteo Samuel Mwatiwa
230631,Maiti Faumuina
230636,Mario D. Grandi
230653,Jeremiah Vinícius Nogueira
230665,Gross
230666,Freuler
230670,List
230677,Florence Hiariej
230681,Geraldes Parvizova
230683,Estupiñán Helio Paulo
230685,Elene Lete Akande
230686,Jaiden M. Vargas
230690,Marshall-Rutty Diogo Leite
230696,Stenman Saná
230703,Andrej Kaedyn
230708,Jeno Vitor Carvalho
230718,Elias Bormuth
230722,Sarkisian Bound
230727,Galani Kyu Min
230737,Tambudzai L. Paquetá
230741,El Ouarti Zenobio
230749,Amir Brøndbo
230762,Roly Al Hadhood
230765,Gunay Al Shuwaysh
230767,Radin
230774,Izzy Chuba
230786,Pantea
230787,Jong Woo Lockhart
230801,Alibeyova Hamza
230807,Hammarlund Corbo
230812,Alex Ove
230824,Paik Seung Ho
230839,Wynn Jonathan Germán
230846,R. Carlos Charles-Cook
230847,Woud Edu García
230855,Halvorsen Van der Vaart
230857,Ngoumou
230858,Rubén Alves Paralluelo
230864,Comendador Prado Bislimi
230865,Abhishek Liu J.B.
230869,Tinja-Riikka
230872,Mile Svilar
230876,Marins Silva Burgess
230881,Jeno Plogmann
230882,Isnairo Reis Seong Jin
230888,Aidan Nikodem
230893,Okoye Ermin
230897,Bozinovski H.Keïta
230899,Adi Liat
230912,Oriol Busquets Gauld
230918,Tendai Cella
230936,Zafeiris Mudiwa
230938,Flach Karolina
230940,Catalin Giggs
230964,McEleney Räcke
230965,Mugabe Nidal
230971,Nargis Thorsteinsson
230975,Dragoni Tufeković
230977,McLaren Aloïs
230978,Steiner Awa
230984,Fairchild Genet
230988,Fei Ernanduo Koji
230991,Fafà Patrick Andrade
231005,Chen Binbin Noelia Ramos
231007,Jiménez Delgado McDonagh
231039,Pedro Neto Djokic
231044,Jeno Ariadina
231046,Izzy Dumitrescu
231065,Li Huayang Redondo González
231070,Brodrick Pedro Moreira
231073,Bonsu Baah Prabhakar
231089,Hugo Bueno Serra Álvarez
231102,Liu Y.J. Bjarnason
231105,Alexei Nunes Vezo
231107,Algassime Kealoha
231108,Semira Hannan
231110,Oumar Emilio Bernad
231111,Alexandria Gunnlaugsson
231125,Ledjan
231131,J. Chaverra Marín Tejada
231137,Diogo Alexandre Črnigoj
231138,Chinta Bartol
231139,Isnairo Reis Ferhatović
231146,Vandevelde Al Darwish
231150,J. Fontán
231172,Ji Eun Hermansson
231179,Jamaan Al Brake
231184,Grimes
231185,Frendrup Odimayo
231190,Capezzi Jeong Seung Bae
231199,Guðjohnsen Nkosi
231207,Jaritz Liu Ruofan
231212,Enoh Reid-Brown
231227,Nartey Djédjé
231233,Mallika Brekke
231235,Kapacak Amodako
231236,Maria-Luisa C. Tizon
231237,Park Jun Beom Ulviyya
231241,Tambudzai Sonko
231254,Attah Offia
231258,Pseftis Macagno
231263,José Vitor Gélin
231264,Sólbjørn Raúl De Tomás
231266,Nampalys J.M. Giménez
231267,Jackie Lokilo
231280,Ingvarsson
231281,Trent Alexander-Arnold
231284,Riyad De Jesus
231292,J. Carabali Lazăr
231301,Emma Ramírez Roef
231303,Lakra Glody
231307,MinJun Pelmard
231318,Reilly Parejo Muñoz
231322,Ekra Juan Daniel
231340,Gijselhart Milenković
231347,Malick Taylor-Fletcher
231349,Malarczyk Lorenzo Guerrero
231352,Stiven Abubakar
231353,Eldin Insua Blanco
231360,Jalil El Fakiri
231366,Paswan Lee Gyu Baek
231379,Nartey Henry
231390,Dibaba
231391,Joackim
231396,Choi Seung Gu Kanya
231406,Kovačić Dário Essugo
231408,Jesús Bueno Lara
231410,Boyan
231411,Raphaël Masih
231413,McEleney Tuomas
231416,Din Lobo Araújo
231423,Carrera Darío Serra
231428,Feldkamp Balmer
231432,Lindsey Heaps
231436,Glynn Diangana
231442,Makan Winkle Brignoli
231443,Ousmane Dembélé
231445,Jihyun Daniel Clayton
231446,Makan Winkle Mascarell
231447,Djed Mabwati
231448,Ra N'Mai
231460,Rasen
231461,Pichkah Gwang Yeon
231474,Joan
231478,Lautaro Martínez
231479,Laufey Miramon
231481,Szymon Tristán
231485,Awate The
231493,Lorena Navarro Kleinheisler
231507,Alfaro Azevedo Shova
231510,Marrugo Velickovic
231512,Leveque Kanya
231520,Kartum Sebastiaan
231521,Escandell Omsberg
231526,Weis Anette
231527,Ilse Dennisson
231530,Jin Seong
231540,Salomoni Višnakovs
231550,Jin Hong Pogarch
231554,J. Chaverra Josué Limberth
231555,Jeong Jae Hee R. Machado
231580,Antonsson Ermin
231582,Nalani Custom Player 40035
231588,Jeho
231591,Jaden
231596,Jin Hong Cohade
231597,Carabalí Cermeño
231600,Maie
231601,Da Cruz
231612,Reilly De Coninck
231613,Sayuri Marzino
231614,Estupiñán R. Barbosa
231615,Kanteh i Cham Girotti
231624,Estupiñán Saif
231627,Tim Rolfe
231628,Prakash
231633,Imamović Diedhiou
231634,Tarık Tochi
231638,Adalberto Peñaranda
231640,Nájera León
231650,J. Godinez Balkovec
231652,Seok Ho Bană
231664,J. Chaverra Agyekum
231667,Dajaku Case
231677,Makan Winkle Pérez Guerrero
231678,Ruon Tongyik
231681,Viktória Magaña
231685,Remi-André Paul Ebere
231691,Alba Pérez Kucheriavyi
231706,Kartum Liang Sh.W.
231720,Plea Bovalina
231733,Cristhian
231736,Daley-Campbell Clasie
231743,Kanga Dante
231747,Kylian Mbappé
231753,José Vitor Lespinasse
231777,Abello Zeitler
231801,Al-Razi Al Fatil
231821,Yelisey Al Rashid
231826,Wang Q. Karamoh
231828,Florián Takefusa
231835,Sólbjørn Haruka
231836,Jankovska Kadowaki
231838,Marta Carrasco Vlietinck
231840,Tonev Moss
231841,Marsden Piero
231848,Plea Bochi
231861,Marchán Sikaria
231862,Lato Carvalho Souza
231863,Walch Demet
231864,Mesías Yun
231866,Rodri
231867,Ilkin Duan Liuyu
231868,Lato Rimando
231873,Joni Montiel
231874,J. Vargas Hey
231878,Thomassen Melati
231886,Alex Moon Hwan
231887,Won Warrington
231897,Luís Maximiano Colmán
231910,Kefilwe
231912,Kim Geon Woong
231913,Floyd Aun
231916,Flavell Peña Biafore
231919,Alessandro L. Monge
231923,Mangal Raboud
231926,Tendayi Chuangyi
231929,García Alvear Melati
231930,Lafleur Shoola
231932,Kunkel Chauke
231933,Rowllin Bonifacio
231936,Ben Vicent
231942,Göttlicher
231943,Rajakumari
231946,Sands
231948,Brandán Heintz
231951,Punam Vilches
231954,Vázquez
231956,Leclercq
231969,Ristić MacMahon
231985,Kang Do Uk Rere
232000,Lamelas
232007,Marek Lemnaru
232008,Taskin
232062,Dajaku Sokolowski
232065,Keenan
232067,N. Semedo Ballón
232073,Mallory Swanson
232074,El-Boghdadly Shikavka
232075,Rose Lavelle
232080,Isnairo Reis Haithem
232081,Rajan KyuBaek
232083,Jill Wang Zh.H.
232097,Amoroso Haibrany
232099,Malwin Gonçalo Rosa
232102,Coda Marco António
232104,Dajaku J. Chaverra
232106,Ji Eun Frendrup
232114,Kovačić Calem
232118,Antonaldo Laforte Portanova
232119,Zapiola Spain
232120,Savigar Millenic
232131,Harshani Qian Yumiao
232132,Jelínek
232144,Famara Tian Yinong
232148,Driver Rosine
232156,Marić Hersi
232162,Sintes Egea Tiara
232166,Estupiñán Hasbi
232170,Samad Silva de Almeida
232185,Caio Nunson Breno
232189,Nanasi Puja
232194,Rosucci Colvill
232195,Johansson Robertsen
232202,De Sciglio Carolina Mendes
232203,Antonaldo V. Djaka
232212,J. Chaverra Panichelli
232223,Kipré Thalia
232225,J. Velasquez Santos Fernandes
232229,Josué Limberth Bhola
232232,Keliano
232244,Ryuki Arévalo
232255,Ahadme Boudri
232256,Günok
232258,Shi Y.
232264,ChangMoo
232271,Mario D. Coppinger
232278,Ryuki Mirari
232284,Mallika Tellier
232293,Victor Osimhen
232311,Lana Okuma
232329,Koman Järvi
232332,Samant Huet
232360,Galloway Pariano
232363,Mehmeti Zhou Junchen
232381,Vestergaard
232385,Adu-Adjei Ospina
232388,Valmir
232410,Ferrario Emran
232411,Chiricheș Nchimunya
232412,Dunkley Adebola
232413,Angelos Di Guglielmo
232417,Nampalys Khumbeni
232432,Lloris Nicolás Jović
232437,Fairchild Raines
232439,Lirim Törnqvist
232440,Caballero
232446,Ju Kong Julve Pérez
232459,Carlos Ponck
232477,Sobha Al Dubais
232487,Velazquez Eliaquim
232488,Coruche Mendes Reis Lima
232490,Robben Imoh
232498,Iličević
232500,Wanyika Fortuné
232514,Frendrup Candellone
232517,Nanasi Selma Sól
232519,Gerrit McIntyre
232520,Dennison Izquierdoz
232526,Effiong Cissokho
232535,Grande Sánchez Bengono
232545,Muteb.M Bret
232549,Majasaari Pablo Sáenz
232550,Arseni Pinheiro Monteiro
232580,Gabriel
232610,Stephan Arzamendia
232626,Nolwazi
232639,Randazzo Dilyana
232642,Tejada Jiménez Nurasyl
232643,Latifa Grødem
232645,Eugen Calderón
232646,Chun So Bragstad
232648,Leblanc Gbele
232655,Senty Jonasson
232656,Szymon Haugan
232658,Daliyah Dinei Peixo
232665,Marney Arai
232668,Leblanc Girotti
232669,Sarpreet Serdar
232670,Farnias Almeida Xasan
232673,Mané Al Fahad
232675,Montoya Al Masoud
232693,Chen Avotra
232699,L. Ramazani Clerc
232704,Stephan Nwapa
232708,Melkersen Tongagara
232711,James-Taylor Sijarić
232729,Coruche Mendes Su Y.J.
232730,D. Gonzalez Junya
232755,Jae Yong Daniel Clayton
232756,Fedorova Tardy
232759,Jihyun Thompson
232760,Digbeu Dervite
232765,Targett Mihai
232770,Ryuki Clemens
232785,Castelló Tan Long
232805,BergThórsdóttir
232817,Hunziker Cheick Oumar
232829,Kika Nazareth Noelia García
232832,Liu Haofan Guga Rodrigues
232839,Mesake Moharrami
232857,Wilmer
232861,Kirkevold Meyler
232871,Fürstner
232873,Kika Nazareth Lukébakio
232888,Charilaos
232901,Mojca Alibeyova
232904,Abdülkerim Al Azmi
232905,Josema Ortiz Imoh
232938,Takehiro Tomiyasu
232963,Takeshi Kanamori
232997,Lalhlimpuia
232999,Thomassen Adebola
233018,Kee Hee
233023,Estrela Gedő
233029,Rayamajhi Aline
233045,Hyeonmin Tiavina
233047,Jens Martin Kökcü
233048,Tanti De Luca
233049,Itou Ruhanen
233050,Marins Silva Shahruddin
233051,Lo'eau Bogicevic
233053,Amos Guridi
233056,Dajaku Chust
233057,Flagellat Troyansky
233061,Marić Papakanelos
233064,Marchán Missy Bo
233084,Mugoša Mihai
233092,Jelínek Pappoe
233096,Dehler Dosou
233097,Rajesh Yunsang
233098,Schell Fernández Luna
233101,Ricardo Jorge Kingston
233105,Karademir Dougall
233109,Fellaini Sisey
233113,Alfonsi
233115,Răducan Claudia Florentino
233125,Maikel Mesa Hajime
233128,Martine Kittel
233139,Cataldi Imperiale
233150,Lanig
233151,Kiet Meyer
233152,Khiroun Iminathi
233164,Arian Monica
233169,Meerim Wakeling
233178,Marina Martí Kratochvílová
233189,Delphina Valerică
233195,Vollath Saidou
233201,Chimusasa Maximiliane
233214,Uwakwe Grzybek
233215,Comendador Prado Adeilson Daniel
233216,Patel Taffarel Araújo
233222,Justine Jóźwiak
233230,Kartum Luis Javier
233231,Jesse
233244,Enzo Chissano
233245,Saurabh Massamba
233260,Alfaro Azevedo Trstenjak
233265,Roberto López Oighrig
233267,Marins Silva Thijmen
233276,Andreasson Domingo
233280,Lambert
233284,Hong Joon Ho
233286,Hong Jung Un
233292,McLaren Banovsha
233299,Felipe Vizeu
233301,Pérez Muñoz Koch
233306,David Samuel Harnik
233315,Salvatore Christos
233329,Medranda Ujkani
233364,Siplak Bisschops
233372,Bataillard Mazou-Sacko
233373,Slavica Derrick
233377,Caio Nunson Marti
233378,Ji Eun Schock
233379,Nartey Carvalho Souza
233394,Hlin
233396,Humaira Tehe
233400,Iñigo Piña Gerry
233404,Ings Reeves
233409,Rares Gregoire
233414,Joana Martins
233419,Raphinha
233424,Jelena Reeves
233425,Elhan Kastrati
233435,Mahamé Mahmutovic
233442,Ji Hu Odete
233444,Makanda Mathys
233451,Yang Haocheng
233465,Matthis Juan Diego
233470,Boore
233472,Ndeye S. Córdova
233476,Blás Rania
233478,McPhail Wyll
233484,Alma Callan
233486,Rashmi Lachinova
233487,Rami Masayoshi
233492,Jens Martin Famara
233493,Ji Sung Souprayen
233510,Stefanović Chien
233512,Alistair Tamaylah
233520,Bandré Athens
233524,Tiago S. Serdar
233525,Umberta Prigent
233546,Wang Jinxian Karabelyov
233552,Kim Jeong Hwan
233556,Rainey Obiang Avomo
233565,Jihyun Kindberg
233568,Lambros
233569,Farnias Almeida S.Smith
233572,Dajaku Tian
233585,Lehmann
233588,Edwuin
233591,Pereira Andrade
233602,García Alvear Helene
233630,Hocking Csonka
233631,Amet Myung Joo
233662,Sakina Karchaoui
233665,Jesuraj Aynsley
233667,Saule
233691,Malkolm Nilsson Adebisi
233705,Isolde Sparv
233707,Seiça Halsti
233711,Sólbjørn Oier
233725,Sâyoud Narender
233727,Coco Bassey Oubiña Massa
233730,Yakou Méïté
233731,Alexander Isak
233732,Daniella Nordås
233735,Jesús Bueno Okita
233738,Yin
233746,Vivianne Miedema
233747,Scheller Siemaszko
233751,Dalsgaard Yvann
233756,Diogo Pinto J.El Yamiq
233767,Shapira Alaa
233770,Júlia Aguado
233771,Keidel
233775,Nanasi Belocian
233777,Pack Semenyuk
233780,Alfaro Azevedo Maarja
233785,Rashmi Boranbayeva
233790,Sánchez Farres
233793,Aarøen Lazăr
233795,Belec Brassier
233800,Floyd Biruk
233804,Thorben Bairamov
233812,Andrade Lima Lucoqui
233814,Jariatou Reinildo Isnard
233820,Schendelaar Sergi Enrich
233825,Nanasi Lane
233835,Ousou Szysz
233838,Fallata Qanungo
233848,Jamet Halstenberg
233851,Isnairo Reis Sulejmani
233852,Isnik González Metilli
233865,Remi Gwangyeon
233866,Nmecha Zaugg
233868,García Alvear Galilea Azaceta
233874,Alexis Ichiro
233880,Genet Fahd
233884,Chalida Patrícia
233885,Elspeth Custom Player 40030
233911,JinYa
233917,Deiver Kosović
233918,Marta Carro Tsarenko
233924,Marta Carro Lindgren
233926,Loris
233927,Lissens
233931,Koutris Ricardo Esgaio
233934,Aarøen Puertas
233938,Daniella Kaith
233941,Leblanc Crețu
233943,Remeseiro Salgueiro
233945,Vivi
233946,Tasci
233947,Vasilije
233957,Rouault Fazliji
233959,Samanta Uesli
233960,Lluís Mosolesa
233961,Roxane Al Mosailem
233965,Alette Casadei
233968,Lato Santos
233970,Ji Eun Vittoria
233974,Mutale
233976,N'Zogbia
233977,Dzogovic
233978,Uribe
233982,Vágner Corraldo
233984,Makaridze
233986,Jhafets Christ
233988,Valerian
233990,Josafat Trigo
233991,Alvino Mederos
233993,Rajković
233996,Ulenga David Martins
233997,Peter Torreiro
233998,Morgun
233999,Izetbegovic
234002,Cabello
234004,Tarja
234007,Chung Yong
234015,Cabango
234016,Vermeer
234018,Rui Jorge
234019,Pym
234022,Advani
234023,Zarraga
234025,Däbritz
234028,Robson Matheus
234030,Teodoro Castrofeito
234032,Levon
234035,Nkunku
234037,Rares Pedro Alemañ
234039,Pépé Dvořáková
234045,Haruka Nóra
234051,Akosua Afonso Taira
234054,Carabalí Cuisance
234060,Wang J.X. Havard
234063,Andújar Pereira Silva
234066,Jeong Chi In Hilterman
234070,M. Ochoa János
234072,Anto Provat
234078,O'Shaughnessy Maelle
234087,Caio Nunson Skúladóttir
234099,Isnairo Reis Ait Boudlal
234102,Ida Pozzi
234107,Eldin Noordman
234108,Gijselhart Mammedova
234111,Daniella Thiery
234112,Dinara
234122,Arteaga
234129,Dilhara Serge-Philippe
234134,Fernandez
234138,Bowler Martineau
234143,Marciniak Maestro
234147,Damiano
234148,Vinícius Lopes J.Escobar
234153,Cardoso dos Santos
234154,Coruche Mendes Mantilla Pérez
234158,Alisha Givairo
234167,Sefa Tote António
234171,Reginaldo Roshaun
234177,Naira Elizabeth
234178,Liuyu Abubakr
234180,Alejandra Bernabé Hohberg
234186,Wei
234200,Arón Edicson
234205,Helal Imoh
234222,Chiarello
234226,Brooks
234229,Reven María Del Pilar
234236,Oung Sahi-Dion
234239,Gal Hanwen
234241,Bernardo Motinho Lion Njie
234242,Comendador Prado Niklas Jensen
234249,Rouault Solt
234258,Sinkala Samb
234260,Anesu Feno
234261,Mario García Pekelo
234264,Jana
234276,Jan-Christoph
234291,Laszlo Valgerður
234294,Lisa Leitis
234300,Kémo Kwon Hyeok Kyu
234317,Ulrik Yttergård Sætherbø
234319,Lazăr Telma
234333,Morgane Mahieu
234339,Osahon
234341,Zhao Zh.Ch. Dubravka
234350,Urbina
234352,Marcos Vinícius Pietro Maurício
234358,Jiegei Català
234371,Robertone Delage
234378,Declan Rice
234381,J. Vásquez Moss
234383,Mamadi Camará Salaun
234385,Nartey Halász
234396,Alphonso Davies
234399,Jeong Jae Hee E. Aydın
234407,Jill Bingwen
234416,Diogo PP Neneh
234426,Makarenko
234457,Nogueira Martins Epa
234458,Carabalí Podlech
234464,Tyrell Psyché
234466,Farnias Almeida José Joaquín
234472,Luz Sanches Sparv
234487,Ashby Chalida
234488,Meffert Roșca
234496,Nuryagdy Bobadilla
234497,Hajda Ciel
234501,Dajaku Anzinger
234505,Erlić
234508,Cheng Yuelei Serdar
234515,Ji Eun Landaluze Marquínez
234522,Janelt Noriega
234537,Sun Minghim Bouchalakis
234569,Feroz
234570,Jinming
234573,Aurelija
234574,Diawara
234575,Dibon
234577,Diogo Costa
234579,Jong Mu Pol Lirola
234587,Johanne Laporte
234612,Jesús Bueno Hyeong Jin
234631,Samad Goodson
234638,Hartel Tiago Reis
234640,Bair Jacobs
234642,Zaugg Maurya
234658,Odelia Handwerker
234671,James-Taylor Nkiruka
234678,Jefre Morrell
234679,Pataki Ruiz Alonso
234683,Andre Ricardo Yılmaz
234686,Ji Eun Lilla
234687,Alibeyova Juan Antonio
234704,McEachran Maite Zubieta
234711,Jiménez Delgado Brandon Thomas
234717,Samanta Pipo
234724,John Victor
234726,JinHyuk Raúl De Tomás
234727,Tait Hoxha
234728,Lorena Navarro Button
234730,Tonali Reuteler
234731,Izabella
234735,Aleksandar Jisoo
234740,Mišić Edet
234741,Groenen Gómez Camino
234742,Hakizimana Barcelos Damacena
234748,Gu Sung Yun
234760,Arijanet Quiroga
234769,Jolien
234774,Kim Jun Bum Kujtim
234777,Wout Simeon
234779,Carlos Albarrán
234783,André Anderson Valedezate
234790,Jojo
234795,Antonaldo Laforte Bergman-Lundin
234799,Westerveld Debes
234803,Muteb.M Bates
234813,Poyraz Orbelín
234814,Jager Rimando
234817,Sim Khatoon
234819,Grace
234824,Wernitznig Vinagre
234826,Taslidza
234827,Isolde Pérez Rabaza
234832,Kochergin Pacheco Flores
234833,Ferrario Moss
234835,Diogo J.
234836,Sule Duman
234843,Marshall Lapeña
234856,Hildegard Mauragis
234858,Malkolm Nilsson Fran Beltrán
234860,Amdouni Cláudio Silva
234861,Rashmi Yasser
234867,Dajaku Arubi
234875,Lisa Hove
234877,Etaluku Buddle
234883,Gonçalves Araújo Tao
234894,El Ouarti Boboeva
234903,Galloway Coucke
234905,Dambelleh Danso Traustason
234906,Hilmarsson Aourir
234913,Chinta F. Venancio
234924,Addison Denisov
234927,Previtali Dário Essugo
234930,Paillard
234935,Jody
234940,Adicéam Bakr
234941,Calem Phongsachan
234943,Ferrario Nacho Fernández
234945,Marrugo Berrocal
234955,Andújar S. Lloris
234956,Andújar Curro Sánchez
234982,Léonard Chinedu
234983,Pittas Labeau Lascary
234984,Malwin J. Santacruz
234986,Operi Rafael Jorgino
234991,Miramar Rocha O'Brien-Brady
234999,Jager
235002,L.Zogbe Retsos
235004,Gagik Sommariva
235005,Ogawa Jun Yub
235008,Lisa Rashford
235014,Jeyland Shahruddin
235018,Minduk Nampalys
235022,Nartey Saint
235026,Nuryagdy Rajak
235027,Lo'eau Shyamal
235028,Tanti Masegur Torrent
235029,Faith Celozzi
235036,Vitor Hugo Eulânio Ângelo
235055,Fei Ernanduo Sirusho
235059,Lo'eau Sólbjørn
235073,Gregor Kobel
235086,Zafeiris Treu
235088,Luis Pérez
235100,McCrorie Ju
235101,Tao Q.L. M.Khubrani
235133,Mario Soriano Female 3
235134,Oliveira de Araujo Renu
235139,Liao
235141,Patel Maxim
235149,Jang Han Gyeol Saku
235152,Farcas Juan Pablo
235156,Javi Villar Douglas Armeira
235157,Chira D'Alessandro
235161,Jihyun M. Monzeglio
235163,McGovern Carruthers
235167,Urbančič J. Marques
235172,Rocío
235173,Hugo Alberto Rushian
235183,Carabalí Ackermann
235184,Dajaku Robertsen
235194,Gaxha Valbuena
235212,Achraf Hakimi
235216,Belec Finlay
235218,Makan Winkle Diamant
235222,Sefa Heuer Fernandes
235242,Czyż He Ch.
235243,Mario Guilabert Young Wook
235244,Pérez Muñoz Namjilyn
235247,Rouault Shahruddin
235253,Oumar Jutkiewicz
235263,Einar Galilea Millenic
235266,Chinta Fory
235267,Akhter Evita
235269,Sengerama Bakatukanda
235274,McCrorie Miłosz
235288,Rouault Sala
235292,Liga Capeta
235297,Marko Beridze
235304,Barraza Mocanu
235312,Alharaajin
235315,Tonali Gauchan
235329,J. Chaverra Gbane
235345,Frendrup Huang Zh.X.
235347,Tanti Pablo Tomeo
235353,Ilya S. Opsahl
235355,Deroy Duarte
235360,Pressley Acuna
235374,Mahamé Labbe
235375,Alcedo Serrano Podlech
235389,Carabalí Raúl De Tomás
235397,Nalani Flóra
235398,Jaggy
235405,Damjanovic Nikolaou
235407,Roselord Zelia
235410,Williams Ntambue Elez
235413,Power M. Nóbrega
235414,Nowakowski Honda
235416,Marta Carrasco Ellyas
235424,Denis Suárez Samassékou
235432,Mandar Mollejo Carpintero
235442,Sessegnon Nagamma
235454,Ma Sh. S. Opsahl
235456,Jahouh Behich
235458,Cummins Keokham
235460,Baek Guillemin
235464,Ji Eun Sivera Salvá
235465,Seo Young Jae
235467,Maiken Min Seong Jun
235471,Barraza Nestory
235493,Studer Abdurahman
235496,Nu Pósa
235507,Hubert
235513,Senhadji Chikhaoui Férez Méndez
235514,Roly Al Othman
235516,Przybylko Julian
235522,Aleigh
235526,Defendi Ganchinho Guedes
235532,Mangane Retegui
235551,Hugo Alberto Al Sanbi
235553,Weronika Rosser
235565,Draw Character 3 Brianna
235569,Storm Mário Ricardo
235570,Fuentes M.Irshad
235572,Reven Sorensen
235574,Lisboa Oliveira
235585,Jeyhun Andradóttir
235590,Oliveira de Araujo Serpa Conceição
235593,Rohey Custom Player 40045
235594,Scardina Woźniak
235618,Jézéquel Villacorta
235619,Makan Winkle Dário Essugo
235627,Okay Fané
235629,Ocheretko David Hmar
235633,Wauchope Diego Bri
235634,Gauri Kim Hae Seung
235636,Luís Luís Carlos
235642,Riyad Wardak
235650,Belec Dinescu
235657,Portugal Lima Da Silva Silva
235658,Tymoshenko N. Arevalo
235659,Naroa Ostoja
235661,Dilara Halima
235662,Abdulhadi Molina Huamán
235663,Grétarsson Tahirović
235670,Puado Lodi dos Santos
235673,Dangprakon Marešić
235684,Whitmore Probst
235704,Rouault Tamuna
235717,Benítes Zelia
235728,Veglio Nikki
235729,Daniella Basanta
235735,Ephraim Amélie
235740,Albers Onder
235742,Rouault Nedelcu
235744,Bozinovski Söderberg
235755,Aurélien Tetah
235769,Okoye D. Teodora
235770,Hajda Patrícia Isabel
235771,Tanti Lines
235773,Lokhande J. Cole
235781,Ryu
235790,Julia Bartel Hamšik
235794,Dumoulin Eskandarian
235799,Abduklim Serpe Cachoeira
235800,Male 2 Zian
235805,Fairchild Chen J.
235806,Gaxha S.Alakouch
235807,Aarøen Mingi
235808,Isolde Bea
235812,Gent Kvilitaia
235813,Politidis Male 2
235815,Semira Sechelmann
235817,Alcedo Serrano Gruev
235820,Owusu-Abeyie Gabriel Sara
235824,Targett Alana
235834,Etete Dehuri
235835,Alessandro L. Clémence
235836,Wiktor Pranciskus
235840,McGovern Demiroğlu
235842,Andreea Pavel
235844,Dykes Zajmi
235849,Macias Fertoli
235854,Lorna
235855,Jens Martin Ask
235860,McEleney Vitor Gomes
235863,Maiti Triano Branco
235866,Chinta Kit
235875,Penha
235880,Lato Mandash
235883,Riyad Sanvig
235884,Odelia Kokole
235885,Terho Moon Hyun Ho
235888,Ihionvien Canti
235889,Cavaco Cancelo Zhamnov
235890,Mao Rodríguez Vejar
235899,Dembo Xu Haofeng
235904,Emilian Agyiri
235906,Magnus Retsius Grødem
235915,Lo'eau Miina
235916,Toni Lato Magomedaliyev
235926,Markiewicz Xhoma
235931,Mohamedhoesein Zheng Zheng
235935,Lirim Xenia
235942,Firas Carrillo
235944,Boyde
235945,Maigaard
235949,Friedel
235955,Preece Graskoski
235962,Nakajima Phindile
235966,Gijselhart Glenfield
235970,Malham
235973,Samad Soul
235980,Ings Milos
235983,Zainutdinov
235984,Multhaup
235987,Ings Guga Rodrigues
235988,Issa
235989,Neil Brazão Teixeira
235991,Nanasi Colvill
235997,Finney
236015,MinJun Gbeho
236025,Hajda Shahruddin
236033,Dahms
236037,Palmer-Houlden Ciğerci
236038,Kovačić Doucet
236045,R.Albiol
236046,Ina Yen
236071,Jo-Anne
236073,Alagi
236074,Flori
236075,Elmi
236076,Mamashayev
236108,Egeli
236109,Jiří
236112,Dodds
236113,Iwe
236142,Nasser
236144,Ekramy
236145,Linus
236146,Mamata
236147,Lincoln
236164,Mangala
236165,Pētersons
236170,Ershova
236171,Fallenius Soldivia
236172,Nasyrow
236173,Alex Pinto
236175,Marlion Rolim
236176,Armán Rochedo
236178,Radif
236186,Erpen
236190,Rasheedat
236191,Enzio Julião
236192,Claudio Silbeiro
236193,Dillson Teixeiro
236196,Navarro Blázquez
236197,Hountondji
236209,Dehai Hokama
236217,Pastorino Nacho Ferri
236241,Grande Sánchez Unuvar
236244,Tamm Sebas
236246,Okoroji Ejaria
236247,Hasebe Jézéquel
236248,Belec Vishnu PV
236260,Andrade Lima Rygaard
236264,Pack Aquilina
236265,Quaglio Ruiz Gámez
236276,Armitage Dalui
236281,Flagellat Möker
236295,Ababio
236298,Dzavad Attard
236304,Jiarui
236307,Dajaku Godfried Ayesu
236308,Rainey Mairi
236310,Rouault Haji
236315,Algassime Jesús López
236316,Walch Tonje
236319,Sólbjørn Niina
236321,Daf Ndabaningi
236330,Tonali Clarke-Salter
236337,Izzy Thijmen
236342,Nas Mileusnić
236344,Jaemin Miiko
236355,Llinares
236363,Barraza Violet
236364,Draw Character 3 Velikova
236368,Gerada Maggiore
236369,Cummins Yadanar
236378,Alessandro L. Pelle
236379,Isidoro Loftur
236382,Marta Carro Nuala
236390,Penneteau
236393,Mahzari
236401,Neringa Martini
236403,Erlend Dahl MyungJoo
236413,Ruiz Suárez Konstantinos
236420,Judge
236427,Seok Ho Nuno Santos
236432,Desábato Shoola
236441,Etoga Burek
236449,Kartum Courtney
236452,Dajaku Kundananji
236453,Germanpreet Serdar
236454,Shuangjie Doina
236457,Diakhite Gaëtane
236459,Maistrello Veini
236461,Jahlane Marcus Johansen
236465,Calem Masehlabaka
236466,Cipot McGrady
236467,Famara Guilherme Schettine
236472,Ahadme Cao Y.J.
236474,Montilla Martínez Buckeridge
236477,Alfaro Azevedo Chukwubuikem
236478,Buta
236479,Mapi León
236480,Woobens Binder
236487,Dante KangJoon
236492,Padma
236495,Aarøen Boga
236496,Marit Gory
236498,Rouault Kusić
236499,Dodos
236506,Majasaari Sandhu
236507,Targett Cléber
236508,Adrián Diéguez
236510,Barbudo Lorenzo Treu
236515,Álvaro Ferllo
236518,Armine Nel
236524,Angel Ahmetcan
236528,Rouault D. Tavares
236529,Sintes Egea Amaia M.
236530,Lazăr Niha
236532,Rashmi Khudoyorova
236533,Rares Germano Cuba
236535,Ahmedhodžić Ted
236541,Defendi Hadžikadunić
236546,Ishan Pandita
236551,Hajda Dani González
236557,Nutsa Oumar
236568,Bozinovski Aurèle
236571,Luis Olávio Vieira
236572,Okoye Vidović
236573,Olmedo
236579,Bourne Chorbadzhiyski
236583,Jasper P.Martin
236586,Keitumetse
236593,Caitlin Simão Donatinho
236600,J.P. Stoppila
236601,Schlaudraff Tejero Sacristán
236604,Liuyu Ruiz Gámez
236608,Lisa Brito
236610,Moise Kean
236611,Riyad Li H.
236613,Lass Gonstad
236618,L. Kunze Lars Lukas
236621,Paul-Philipp Gómez Bordonado
236626,Jeong Tae Wook Klaas
236629,Chiricheș Nürnberger
236632,Danin
236634,GyeongMin Simão Alvin
236636,Anto C. Mendes
236637,Defendi Adil
236639,Vongai
236640,Lopes Binta
236641,Abdellaoue D. Chara
236642,Carracedo Kojima
236650,Isolde Brignola
236657,Fei Ernanduo Tiberiu
236663,Eile Baker-Richardson
236668,Frendrup Reeves
236670,Nanasi Wójtowicz
236675,Kean Iñigo Piña
236679,Matte
236689,Kassi Al Rashoudi
236690,McEleney Nafissatou
236692,Maid
236693,Armel Carvalho Melo
236699,Roefs Lobatón
236702,Quinnso Noh Dong Geon
236703,Daniella Qerim
236706,Perera Plasencia Alpha
236712,Diakhaba L. Romo
236721,Kuryu Feyzullayeva
236723,Ferrández Pomares Ballo-Touré
236735,Dorrio
236742,Mallika Domenech
236747,Liuyu Gil Pareja
236750,Shervashidze Spasova
236757,Ousou Khalif
236758,Nu Chinedu
236760,Kazuki
236764,Aogo Stoica
236767,Dyakov Sheena
236772,Dominik Szoboszlai
236773,Maggioni Sergi Samper
236774,Asensio Willemsen Korte
236784,Elowine Marchán Vidal
236786,Mangal Sveinsdóttir
236787,Diogo PP Flavien-Enzo
236791,Antonucci Barreto Gesser
236792,Tareq Shpendi
236800,Ings Animasahun
236803,Vanita Martino
236804,Eugen Matheus
236810,Pm Sy
236817,Gunay Marty
236818,Arshakuni Quinn
236822,Frendrup Gormley
236823,Iker Benito Partipilo
236830,Xin Williamson
236836,O. Sancet Nosirov
236838,Williams Ntambue Mabe
236845,Coda Jézéquel
236875,Andrej Peteris
236877,Bronn
236883,Meddah Andrade Lima
236885,Bozinovski Trong
236889,Mariappa
236890,Deeb Garayalde
236898,McGeouch Afellay
236914,Zaida
236918,Andonov Dong Hyun
236919,Nalani Sobrino Pozuelo
236920,Josué Limberth Khamphu
236935,Haas Vinski
236943,Aoba Celtik
236944,Fousseni Denholm
236947,Ji Eun Tchicaya
236956,Jeno Acerete
236958,Manon Sarrafiore
236985,Dominik Hofer
236987,Borza Jurgen
236988,Durant Nazarov
236995,Riemann
236997,Cortes
237000,R. Conceição Camiel
237003,Rubén Alves Bilbija
237005,Kanasani Baas
237010,Dechilly
237019,Lisa Haren
237024,Lirim Imping
237033,Macias Telalovic
237034,Cucho Hernández
237036,Riyad Barcelos da Silva
237040,Diakhaté Nascimento França
237043,Raschl Alvyn Antonio
237046,Graafland Uk Hyun
237055,Nowacka Yingjie
237067,Pelé
237075,Chinta Prömel
237086,Kelly
237089,Park Won Jae
237091,Keiber
237097,Milla Peña
237101,Lameiras
237109,Nowacka Kabasakal
237122,Targett Gozálbez Gilabert
237127,De Vlieger Sánchez Muñoz
237135,Dano Nascimento
237138,Williams Ntambue Martinez
237140,Liu Yang Fornah
237155,Selene Gevorg
237161,Salvatore Liao Lei
237169,Clarke Boymurodova
237175,Lazăr Foderingham
237179,Charlys Myung Joo
237181,Wernet Sarco
237183,Markiewicz Reeves
237184,Kang Seong Yun Baratashvili
237185,Ji Eun Danovis
237188,Muteb.M Bilsel
237197,Glody Gaspar Amaral
237198,Antonaldo Laforte Lago
237203,Cortés Gracia Ortiz Bernat
237204,Rădulescu Gunter
237205,Ashby Martim Gustavo
237206,Aly Abeid
237211,Wolke
237213,Jihyun Khatuna
237214,Kumba Acheampong
237221,Johanne Finn
237223,Jong Mu Gomastha
237232,Basinyi Zheng Zh.
237238,Salomoni Matazo
237239,Elison Baraniq
237242,Fallenius Reitz
237245,Durant Sammarco
237248,Garnier Bernabé
237250,Sim Cican
237254,Kranevitter Deep
237255,Meireles Correia Rasmijn
237256,Jani Dung
237257,Isola Winks
237268,Fishel Yu J.Y.
237286,Aarøen Coco
237288,Mariona
237289,Patri Guijarro
237290,Andrei
237295,Eldin Köteles
237297,Yordan Odoom
237307,Haruka Villar
237310,De los Santos Mesías
237316,Bozinovski Cole
237321,Mayoral Moya Benzar
237324,Uthai Dominique
237328,Muteb.M Sunwoo
237329,Jeno Vilhena Taira
237331,Sánchez Rey Davi
237332,Algassime Marteiro Santoso
237333,Lima Correia Turan
237337,Sánchez Pérez Tuma
237341,Rouault Skovgaard
237347,Abdelrashid Abdelli
237355,Nalbandian Juan Cruz
237359,Lluís Jež
237371,Laszlo Beltran
237375,Haithem Sabit
237378,Alex Dimitra
237382,Feldkamp Matsushita
237383,Alessandro Bastoni
237385,Huang Yinghao Haidara
237386,Kayla Deman
237391,Mahamé Darsha
237399,Erlend Dahl Lind
237407,Chimusasa Doyle
237415,Ji Eun Vilches
237419,Amos Abhijith
237420,Trinkaus J. R. Suárez
237424,Omer
237440,Haas De Los Santos
237442,Elías
237469,Nerea Agüero Tanlongo
237470,Daf Carracedo
237477,Makan Winkle Suk
237490,Oumar Shillington
237496,Dijkgraaf McSheffrey
237499,Abderrahmane Roghanian
237502,Defendi Jeppe
237503,Chuangyi Noč
237509,Browne Käbin
237511,Algobia Esteves Rubem Esteiro
237512,Gagik Togni
237520,Luís Hernández Caldeira
237522,Ji Ye
237524,Shomurodov Juan
237525,Armine Blondon
237534,Jefre Trevitt
237540,Paswan Francés Torrijo
237553,Abdurahman Weiss
237566,Koeman Wosene
237570,Takarada Pekko
237576,N'Mai Ibon
237586,Albers Do Yun
237594,Liepiņš Zhou
237595,Maiti Forde
237612,Feldkamp De Rosa
237613,Maiti Pereira Magalhães
237619,Salomoni Thomas L.
237626,Woo Young Naeem
237630,Alexis Pașcanu
237633,Brunst Yeksov
237635,Ferrario Patryk
237640,Méïté Bahusayn
237642,Pádraig Parkinson
237646,Dajaku Moor
237647,Ajani Hiroshi
237658,Ryuki Brusberg
237666,Guðjónsson Abdelli
237667,Abdurahman Al Joui
237669,Alette Ya
237670,Broome
237673,Julie Schembri
237678,Hugo Bueno Kim Hyeon Deok
237679,Pulzetti Kim Bong Soo
237681,Stenzel Komar
237692,Phil Foden
237696,Thorgan Veglio
237704,Joel Robles
237705,Draw Character 3 Pau Comendador
237708,Miti Sorgić
237712,Tong Hyon Carter-Vickers
237715,Oumar Csongor
237721,Abdurahman Al Hurayji
237731,Jihyun Hamer
237732,Noah Wail Jacob Tsakiris
237772,Mario Gila Tuo
237778,Ahn Young Kyu
237807,Draw Character 3 Tsolakoglou
237809,Jihyun Boulaye
237818,Mugoša Ardit
237819,Nanasi Diogo Travassos
237833,Mallika Haitham
237840,Léris Andrade
237841,Amos Monique
237847,Ji Eun Hilmir Rafn
237863,Aida Esteve Kang Hyun
237871,Ji Eun Hermsen
237883,Rafinha
237884,Kyriakopoulos Rando
237885,Coruche Mendes Teixeira
237895,Uremović Yun-seo
237916,Viktória Shaddad
237920,Bożena Briana
237926,Jeong Tae Wook M Al Sahafi
237927,Durakovic Masaku
237933,Bozinovski Fernando Fonseca
237936,Arnijas Dubersarsky
237937,Familia-Castillo Morel
237942,Park Chung Hyo Enzo Merques
237943,Daf Sadlok
237960,Machoro
237965,Wieser
237969,Saurabh Bjarke
237975,Barman Coppolaro
237982,Wawrzyniak Grünwald
237985,Kartum Damaris Egurrola
237989,Santi Cazorla H. Andersson
237993,Jhair Ackermann
237994,Mugoša Barker
238004,Albarracín Guaita
238008,Isnairo Reis Einar Galilea
238009,Mangal Fonseca Macedo
238040,Marina Martí Khayrulloeva
238041,Thorgan M.Tisserand
238043,Abdülkerim Al Muwalid
238050,Chelo W. Eaton
238051,Pérez Muñoz Ulyana
238058,Caio Nunson Nikita
238059,Daf Kapit
238060,Muteb.M Tesař
238062,Beltrán Sanz Balza
238067,Nandha Xhafa
238068,Maiti Rajendra
238070,J. Cuellar Crespi
238071,Dorthe Singh Thounaojam
238072,Dzavad Loureiro da Costa
238074,Răducan J. Chaverra
238081,Esneyder Maughan
238086,Won Luipa
238089,Lamphay
238091,Chintana Bong
238093,Mariano Stechemesser
238095,Nas Meire Costinho
238096,David Simão Renée
238098,Lamin
238103,Leonardo Rocha
238126,Grigore
238127,Markiewicz Takuto
238132,Nalepa Rocha Costa
238157,Luz Horta Recep Burak
238160,Mayr Deanna
238167,Palmer-Houlden Boşluk
238170,Chinta Sáenz de Miera
238173,Mišković
238177,Anto Hajnalka
238179,Daf Hadji
238186,Maistrello Brunner
238191,Cham Brignola
238194,Mugoša Burek
238195,Ushindi Jovany
238196,Arnaud Sekgoma
238197,Rouault Bojang
238212,J. Magno Callan
238216,Coda Funes Mori
238220,Janošević
238221,Nargis Suhair
238222,Famara Becirovic
238224,Makarenko
238227,Kolingba Derviskadic
238230,J. Ferreira Callaghan
238235,Hocking Turton
238236,Nossar Bruguera
238257,Millie Bright
238260,J. Cuellar Sivert Heltne
238263,Floyd Khela
238270,Audenirton Emeran
238273,Jiong Malysh
238277,Driver Gallego Puigsech
238282,Macias Corbett
238286,Alexandria J. Bernal
238298,Mailis Meza
238303,Koeman Tsawa
238305,Mozingo
238319,Tanti Dário Essugo
238320,Markiewicz Sangita
238331,Lisa Blake
238332,Elma Coll Lluch
238336,Jeno Putri
238354,Gulnara
238360,Krätzig Vandevoordt
238363,Páez Nir
238368,Jeong Tae Wook Martínez Quarta
238370,Male 2 Pereira da Costa
238375,Jin Hong Romelu
238379,Nascimento Galeno Muresan
238380,Lev Yashin
238384,Carles Puyol
238388,Dennis Bergkamp
238389,Belec Vilks
238391,Guerrero Junseo
238392,Ehmann Okuma
238399,Yasmine
238408,Carabalí De las Salas
238409,Mamat Filippo
238410,Leblanc Corneliu
238412,Freijão Jasper
238413,Antonio Gomis Di Nardo
238422,Freigang
238424,Patrick Kluivert
238428,Peter Schmeichel
238439,Paolo Maldini
238443,Laurent Blanc
238446,Stainbrook
238450,Salvatore Preng
238460,Raghunath Bravo Solanilla
238461,Ljubić
238463,Amane Gustavo Patrick
238464,J. Godinez Mi
238470,Rúben Neves Djeneba
238473,Elzė Luis Claudinei
238476,Dagar Wu L.
238489,Taimi Borisova
238490,Hyung Woo Celestine
238503,Laszlo Vercoutre
238505,Meekison Jere
238508,Tijjani Flutura
238509,Zavala Wiles
238510,Sulejmani Lollo
238516,Laszlo Zerdin
238518,Flagellat Ortigoza
238545,Feng Boxuan Al Alam
238551,Rasim
238563,Dall'Aglio Victorio
238569,Kenneth Saibari
238570,Shevchuk
238574,Lamby
238577,Jökull
238578,Lalrinliana
238579,Gulnaza
238581,Richárd Trevitt
238593,Minduk Haïdara
238604,Dajaku
238616,Pagnano
238621,Rayan
238631,Lirim Saito
238634,Tavares Semedo Omaid
238636,Rajmund Pfeffer
238637,Samad Trinity
238647,Minissale Salas
238656,Simeon Tagaeva
238660,Myers Rushian
238674,Kartum Broll
238683,Armstrong Sicker
238684,Jang Yeong Woo Lidia Sánchez
238692,Key Gerard V.
238694,Lisa Rocco
238703,Artjom Brierley
238704,Marechal
238716,Nuryagdy Bryn
238717,Ephraim Pawel
238725,Kartum Thaddäus-Monju
238726,Grivosti Makanda Maleko
238736,Radek Célio Antonio
238743,Guwara Vittoria
238744,Vial Masiello
238749,McGuinness Mswati
238756,Jørgen Sizakele
238758,David Samuel Callan
238765,J. Cuellar Bozinovski
238767,Jae Moon Alvares
238775,Samad Klemen
238779,Jankovska Tuluo
238792,Latifa Jamie-Lee
238793,Süleyman Issam
238794,Vini Jr.
238815,Liuyu Rania
238837,Mahamé Farrell
238839,Lazăr Villamíl
238840,Eliesse Lý
238846,Szymon Arbelet
238857,Villads
238862,Listkowski
238873,Pauleta Palmezano
238878,Stucki Ross
238880,Jaggy Park Ji Soo
238882,Daijiro
238895,Conrado
238896,Pantiru
238900,Emerson Royal Debayo
238919,J. Chaverra Orellana
238953,Marta Carrasco Vinícius José
238957,Ferrario Dheeraj. M
238958,Rabha Haim
238963,Chira Goins
238965,O. Bruno Kenyatta
238974,Stucki Celentano
238980,Lluís Daniel Bragança
238987,Karabo Blaswich
238988,Marta Carrasco Ullmann
238990,Sazdağı L. Soto
238996,Marsden Caputo
239003,He Y.P. M Egbo
239006,Jankovska Iker Punzano
239011,Jiménez López Hernández
239012,Olaofe Krauhaus
239015,Eldin Defendi
239016,Diogo PP Saini
239019,J. Chaverra De Oliveira
239023,Belec Viggósdóttir
239028,Abu Bekir Ömer Kieran
239043,Timoteo Samuel Boutaïb
239045,Elene Lete João Silva
239053,Federico Valverde
239073,Chiricheș António Félix
239078,Sim Saia
239084,Kartum Adamczyk
239085,Erling Haaland
239090,Paswan Videira Pereira
239091,Lluís Gomes O. Tavares
239093,Jesús Bueno Chunyu
239096,Asun Kabaso
239097,Defendi Sigge
239099,Rekeil Saeid
239106,Lato Kla Han
239116,Coruche Mendes Fábry
239118,Boatwright Zin
239119,Lo'eau Lada
239125,Emanuel Borković
239126,Midtskogen Al Akouz
239136,Nampalys Cornet
239138,Janda
239175,Jonny Enderby
239179,Yerliane Arques Lázaro
239181,Maikel Mesa Sambia
239197,Ryuki Miyazawa
239203,Gonçalvo Coralli
239207,Marta Carro Guga Rodrigues
239215,Kant Nicholson
239219,Sansing Poisson
239221,Thomassen Magloire
239231,Maia
239250,Abidal
239254,Benítez Zeller
239259,Raut Bupe
239261,Franchesco Kyu hyun
239267,Afrani Pim
239271,Gazzolo Angelica
239272,Trinko Barbosa
239284,Narubadin Weerawatnodom
239301,Lemonnier Mantilla Pérez
239323,Defendi Dupé
239324,Lusine Stephens
239329,Breese Kruszynski
239340,Jong Mu Cegła
239342,Haxhiu Kiana
239344,Carlos Eduardo Seok Ho
239345,Lehner Da
239350,Sergiu De Witte
239356,Aziel Mariusz
239358,Sandro Maceira Deyss
239360,Otayf Skipper
239361,Dahlia Yu Kang Hyun
239364,Paswan Krattenmacher
239367,Rashmi Gunnlaugsson
239368,Mestres de Mesquita Bajic
239371,Imanbayeva Edi
239373,Yashodha Fernando Manuel
239378,Jun Bum Segre
239379,Tymoshenko Jamie-Lee
239380,Ndenge Květ
239393,Diogo PP Forkel
239394,Ferrario Fernando Andrade
239403,Lin Chuangyi
239410,Merwan Kinoshita
239418,Lelo Kügel
239425,Chimusasa Juan Gutiérrez
239432,Adrià Gogić
239438,Sun Zh.A. Guo Yunqi
239439,Pierias Oliveira Alves
239443,Damany Matěj
239451,Kranevitter Apostolos
239453,Sinkgraven
239458,Bourne Kluivert
239475,Jesús Bueno Gil Pareja
239476,Ruiz Suárez Iana
239478,Ina Maja
239482,Fuli
239494,Marta Carrasco Sylla
239498,Browne Harroui
239499,Julia Bartel Earing
239502,Vilaça Teixeira Beusnard
239504,Jihyun Girotti
239505,Ousou Kopo
239506,Rouault Hocine
239510,Mario Gila Krasso
239512,Mattsson McCart
239513,Jihyun Dulunga
239529,Flavia Nóel
239540,Elnura Tamaz
239550,Andreaw Gravillon
239553,Tanti Batter
239559,Jaiswal Young Ju
239571,Taimi H. Pereira
239573,Maiti Bjørtuft
239580,Brandt
239589,Vignola Júlio Augusto
239594,Jeffmeirson Imbrechts
239595,Muteb.M Robson Bambu
239596,Jongbeom Cundle
239609,Leonhard
239612,Sim Donervon
239613,Mario D. Park Hyung Woo
239614,Arellano
239626,Pranciskus Drachal
239627,Adaramola Yigezu
239631,Damany Mulet
239634,Kyriakopoulos Byung Kwan
239641,Alfonso Pastor
239642,Reimann Onumonu
239661,Iker Aldai Wilhelmina
239666,Tavano Mostapha
239669,Jesús Bueno Lawrence-Gabriel
239671,Svindland
239672,Haeli Storbæk
239679,Otoo Martins Indi
239681,Nuryagdy Bermudez
239682,Nanasi Farrell
239686,Anto Barrertos
239690,Foord Van Oudenhove
239696,Fernández Velasco Monteiro Moura
239700,Malkolm Nilsson Velásquez
239701,Reinhardsen Saini
239703,Maïwen Biankadi
239704,Julia Bartel Van Oudenhove
239708,Malwin Pretorius
239709,Diogo PP Raba Antolin
239718,Halimi Bandé
239731,Lulëzim Amie
239732,Souleyman Zichang
239740,Abranjes Meneses J. Bernal
239742,Jesús Bueno Khamchai
239744,McGeehan Cranie
239746,Lluís Veliaj
239747,Sansing Curto
239755,Roerslev Lewis-Potter
239756,Thisara Habib
239761,Fontàs Prat Luigi
239763,Dybala Yang M.Y.
239768,Alain Cui
239770,Nandha Carol Férez
239772,J. Alfaro Sishayi
239778,J. Alfaro Michail
239779,Daphne Kornél
239782,Browne Adami
239795,Caeiro Eckersley
239797,McEleney Kwanghyun
239799,Belec Hills
239800,Sintes Egea Sanvig
239807,Danjuro Florencio
239808,McFadden Soumahoro
239810,Nampalys Pérez Mateo
239811,Lampros
239813,Iñigo Piña Kayode
239814,Draw Character 3 Basim
239816,Naly Magomed
239818,Rúben Dias
239837,Alexis Mac Allister
239842,García Gómez Giakoumakis
239853,Meryem Kol
239858,Shi X.D.
239859,Le corre
239872,Pablo Santos
239878,Assamoi Lushaku
239881,Dall'Aglio
239890,Olaofe Juan Camilo
239892,Wojtuszek Akbulut
239894,Reitan Kit
239898,Nampalys Saini
239901,Roefs Jung Eun Woo
239903,Tambudzai Knoester
239909,Diogo PP Palma Capeta
239919,Kiana Kita
239925,Samad Keun Bae
239928,Tambudzai Moss
239930,Dabó Rasak
239936,Nanasi Gosselin
239944,Rares Sulejmani
239955,James-Turner Holohan
239956,Moreo Blarke
239960,Tavares Oliveira Speck
239962,Ina Jonas Lange
239964,Eduardo David Schuhen
239965,Jader Tomás Händel
239974,Dangprakon Tijanić
239977,Nampalys Krenn
239978,Defendi Madejski
239980,Okoro Perić
239981,J. Sosa Arnstad
239989,Suzanna Toulalan
239998,Park Seong Hun Hiram
240008,Antonio Sánchez Orla
240017,Andrej Seungwon
240019,Nikolai Baden Flourish
240020,Ricardo Mangas
240030,Ellie Carpenter
240040,Carabajal Hermoza
240043,Fei Ernanduo Magennis
240047,Oumar Sharsheeva
240056,Diogo Miguel Mercelina
240057,Cuenca Aranda Madson
240060,Marrugo Aasgaard
240064,Okeke B. Schelotto
240069,Jongbeom Anziani
240091,Goutas Twarowska
240096,Krätzig Brice
240097,Ferreras Domagoj
240099,Kartum Rodaway
240100,Tarapu Aude
240117,Makhabat Gut Oliveira
240123,Lirim Pellegrini
240130,Zasępa
240131,Fritzson
240133,MacKinnon Summanen
240138,Vilches Rania
240150,Tanush Tebello
240156,Lirim Mandal
240168,Jorman Ari
240186,Ko Myeong Seok
240193,El Arouch Rafanello
240196,Fidel Emrehan
240207,Leotrim
240209,Ghezzal Klepec
240218,Alexandria Vera
240223,McShane Ranajit
240225,Mariño Romanoval
240226,López Durán Soares Jaló
240233,Jens Jakob Pinas
240240,Jahoda Neumann
240243,Marethabile
240244,Paik Sang Hoon
240248,Raccio Honeyman
240252,Fallenius Morrow
240258,Núrio Fortuna Rushden
240259,Mathieson Merghem
240262,Izzy Breithaupt
240271,Diakhite Lefevere
240273,El Ouazzani Shahrukh
240277,Mario D. Fredy V.
240278,Serafin Szota
240280,Marginean
240282,Ale García Marco Matias
240285,Tambudzai Byers
240289,Caffrey
240311,Lirim Yasmine
240317,Zieler Catarina Isabel
240319,Takafumi Taichu
240323,Isnairo Reis Dulson
240328,Ahmedhodžić Ballard
240329,Benzia Suljić
240331,Orestes
240333,Baek Zenjov
240334,Xu Dong Matheus Dias
240335,Bircher Issam
240345,Hull K. Nieto
240346,Satyanarayan García Alvear
240351,Rubina Moutoussamy
240359,Nuryagdy Aldasoro
240373,Thorhallsson Sarr
240391,Fantaye
240392,Decoene
240393,Veronica
240406,Alain Robledo
240439,Riyad Perozo
240446,Cristian Carracedo Tailson
240448,Oliveira de Araujo Rimando
240451,J. Gutierrez Berrie
240452,Lovrič Nicușor
240453,Sekulov Naimwhaka
240457,Alejandra Bernabé Lumturi
240458,Ando
240468,L. Ramazani Grünwald
240472,Hitesh
240475,Lato Camará Silva
240481,Turkeš De Teresa Romero
240489,Luz Horta Handanovič
240493,Alexiou Otelita
240496,Lazăr Gbele
240499,El Hajjam Malysh
240500,Lo'eau Vitek
240501,Alexiou Kaleta
240503,Sun Minghim North
240507,Anghel Gianni
240513,Ephraim Gómez Oliver
240531,Micallef Al Akouz
240532,Estupiñán Reese
240535,Einarsdóttir Chahed
240544,Geny Milovanovic
240572,El Wafi Seong Hoon
240576,Marney Ochieng
240580,Belec Fetfatzidis
240583,Cham Kumagai
240589,Miguel de la Fuente
240595,Aygün Pablo V.
240597,Worrall Harkes
240599,Caio Nunson Harres
240600,Alibeyova Al Absi
240603,Izzy Domenico
240604,Mestres Silveira Chuang
240605,Arber Cleaves
240606,Isnairo Reis Siddiqui
240608,Alex Hakšabanović
240611,DongYoon Wassberg
240616,El Arouch Bwomono
240628,Dangprakon Zhichen
240632,Antonia Bukharov
240638,Tah R. Núñez
240640,Lato Milos
240643,Halldórsson Al Hashmi
240648,Coco Bassey Oubiña McAteer
240650,Puig Martí Najjarine
240652,Ettien Breij
240653,Alanoca Magar
240657,Fairchild Qian Jiegei
240660,Mathieson Losada Aragunde
240662,Flagellat Torgnascioli
240663,McNeil Maynard-Brewer
240669,Laso Gutiérrez Macey
240673,Caio Nunson Květ
240677,Mangal Eimear
240679,Swann Kim Min Ki
240683,Liu Y.M. R.Fernandes
240685,Tanti Yvette
240690,Naly Gihyeok
240697,Saulo Bandinelli
240699,Nanasi David Jefferson
240702,Reimer Wang Yuxuan
240704,Gretskii
240709,Rak-Sakyi Bajza
240714,Javi Rguez Renate
240715,García Alvear Leveque
240716,Mariana Cerro Nuala
240717,Leite Esteves Beata
240734,Marins Silva Nikolai
240740,Caio Nunson Hoa
240743,Lato Sangjun
240744,Manon Noordman
240751,Galloway Petersen
240753,Amoroso Gjon
240756,Oumar Sommer
240763,J. Cuellar Shailendra
240773,Rahaman Nelson Sanca
240777,Lirim Puskás
240783,Thorhallsson Callan
240784,Jianguo Buner
240785,McGovern Cañozales
240787,Gómez Andrade Teleri
240788,Maiti Numa
240791,Marcos Lavín
240796,Mahamé Recoba
240797,Marit Tekin
240798,Danjuro Bryndís
240801,Liuyu Amarilla
240805,D. Esteiro
240808,Florence Monnier
240811,Mailis Tayyip
240812,Maiti Dulca
240813,Ji Eun Gbele
240814,Jens Martin González López
240826,Källström Sparv
240829,Erős Amjhad
240833,Willian Misbah
240834,L.Zogbe Caolán
240835,Durkin Eickmayer
240847,Lauder
240856,Bhutia Batlle Pascual
240859,Berkan
240863,Coda Cornejo
240865,Anto Salva
240867,Ajayi Alese
240875,Mariana Cerro Villasanti
240891,Nanasi Sanuç
240896,Chinta Alemán
240897,Viktória Vittoria
240900,Tingager
240908,F.Mancuello Akpınar
240912,García Alvear Jere
240913,Campos Andueza Kanu
240915,Johnson
240916,De Bruyne Letschert
240917,Yan Dinghao
240921,Relebohile Haugan
240925,Leblanc Mekkadan
240926,Muslija Paterson
240929,Bowei Sidonie
240938,Jorrel
240941,Lassen Pazourek
240944,McEleney Enzo Leandro
240947,Thorisson Mesías
240950,Paea
240953,Mugoša Susanna
240955,Targett Drăgușin
240956,Markiewicz Matubbar
240967,Jill Kamdjo
240970,Manon Pablo Gozálbez
240974,Léonard Mariska
240976,Mailis Rúnar Alex
240978,Damany Moritz
240981,Marrugo Ruibal García
240982,João Carlos Min Seong Jun
240987,McEleney Cole
240988,Deeb Tromp
240992,Mugoša Eo Jeong Won
240997,Kazuhiro
241002,Eldin Roger Fernandes
241005,Jelínek Arcanjo
241007,Elma Dunk
241010,Mailis Ochieng
241020,Neyder Min Seong Jun
241022,John-Joe Duan Liuyu
241025,Lato Hasna
241026,Targett Cerjak
241038,Kana Benaissa-Yahia
241039,Nalani Teves
241042,Nu SeungDae
241049,Giugliano
241052,Juan Luis Chikhaoui
241055,Devyne
241064,Marcos Vinícius Candellone
241070,Nas Mahmoud
241075,Owusu-Abeyie Shaila
241076,Sintes Egea Bellegarde
241084,Luis Díaz
241085,Leks Surridge
241091,Boxall Salomoni
241094,Ralte Ranftl
241095,Nas Utegenova
241096,Sandro Tonali
241120,Nanasi De Vlaeminck
241130,Hurtig Fábio Rafael
241131,Laufey José Albert
241135,Jamilu Cleaves
241150,Jahfali Martínez Andrés
241157,T.Sanabria Ronaldo Vieira
241159,Mahop Gu
241160,García Alvear María Pérez
241162,Jiegei Omir
241168,Gent Celine
241171,Aritz Nishan
241172,Dev
241173,Lonwijk Fillafer
241179,Corzo
241182,Ganvoula
241184,Jorquera Romero
241186,Trimmel Kololli
241187,Lola Gallardo Ganaus
241189,Jin Hong Manzaneda
241197,Abdulmajeed Al Abdan
241202,Outi D. Pizarro
241224,Quinteros Berdymuhamedova
241225,Cosme Fashion
241236,Antonaldo Laforte Sancet Tirapu
241238,Janni Deac
241239,Legros
241244,Riyad Sixto
241245,Apollo Silanyo
241252,Stople
241266,Vila Rovira Gasch
241273,Frendrup Risso Patrón
241277,Josué Limberth Simonis
241278,Nsama Minyoung
241299,Win U
241317,Väinö
241318,Wang G.
241327,Chapuis
241328,Venturi
241332,Yakta
241334,Lepaul
241335,Yameogo
241342,Slisz
241344,Wan-Bissaka
241379,Nkoe Bagheria
241389,Won Rúben Lameiras
241390,Eidesgaard Eisa
241397,García Alvear Niamh
241406,Jairo Ralph Intriago
241409,Ephraim Claudia Pina
241411,Tanti Hermansson
241413,Lisa Handle
241418,Fülöp
241419,Marrugo Bijoy
241428,Hakizimana Khatun
241436,Caitlin Bartley
241438,Kaori Millen
241445,Alte Serra Álvarez
241452,Isnairo Reis Denton
241454,Ben Kimpioka
241461,Fassnacht
241463,Dainelli
241464,Owono
241470,Zahiroleslam
241474,Jovane Eduardo Zhang Huachen
241476,Raúl Sánchez
241486,Jules Koundé
241487,Jano Monserrate Fathimath
241489,Necip
241491,Jeong Hoon Jóhanna
241494,Minduk Jamilla
241496,Takafumi Velkov
241498,Reinildo Huda
241499,Carabalí G. Milanov
241505,Sólbjørn Carlos Vicente
241507,Isnairo Reis Thein
241508,Meffert Daewoo
241509,Marong
241522,Jesus Andradaldo Villalobos
241523,Makan Winkle Filheiro Stein
241525,Sulayman Ascensión
241534,Salvatore Massamba
241536,Maglica S. Herrera
241538,Saviola Pavez
241543,Anesu Lopes Cruz
241546,T.Mansour Gonçalves dos S.
241552,Isolde Imka
241568,Coruche Mendes Fathimath
241569,Daniella Mantilla Pérez
241578,Hocking Andradóttir
241582,Viktória Ferencz
241585,Huskovic
241588,Taslidža
241590,Ould Hocine Pascual
241591,Britton
241601,Coruche Mendes Barker
241602,Jaritz Ari
241607,Targett Bekey
241614,Jaakko Oksanen
241619,Hlompho
241622,Plašil
241628,Nakamura Pau López
241629,Reeco
241637,Aurélien Tchouaméni
241643,UEL Draw Jeong Seung Bae
241645,Tymoshenko Tawanda
241646,Dajaku Burke
241651,UEL Draw Guellati
241667,Aitana Bonmatí
241671,Diogo PP Leroy
241682,Quwaisiya
241688,Abedzadeh Drągowski
241689,Raschl Marcinkowski
241690,Marissa Vinyet
241692,Khoukhi Colaprico
241693,Bound Liu
241695,Jesús Bueno Amrit
241696,Haug Darragh
241699,Rami Hafsteinsdóttir
241707,Ornella Vignola Gouras
241708,Michalis Romaña
241710,Janitha Oğuzhan Efe
241721,Prata
241726,Adriàn Paolucci
241727,Peña Sotorres Privett
241731,Westergaard Bárcenas
241736,Wang Q.M. Binbin
241737,Bilguun Ramírez López
241771,Anto Nichols
241775,Jae Suk Edmonds-Green
241777,Ahmet Ildız Steczyk
241783,Kanchan Osmani
241788,Mathieson Stuckmann
241809,Thierry Correia Al Abbas
241810,Chumi
241811,Santamaría
241812,Kyriakopoulos Knaak
241818,Lisa Buades
241821,Mickel Battistel
241824,Raoul Athula
241825,Thorhallsson Flament
241827,Aguirregabiria
241828,Lo'eau Nocchi
241835,Jedlińska Hezze
241842,Belec Jepsen
241846,Ewa Pajor
241847,Jeon Byung Kwan Velupillay
241850,Marcos Vinícius Rafael Barbosa
241852,Miti Denić
241855,Garcia
241856,Mahad
241859,Rekik Henry
241861,Mutiu Athula
241862,Avsenik Al Ali
241864,Jiegei Nuno Mendes
241867,Aitor Fdez.
241875,Viktória Fatsani
241890,Namgyal Carnat
241900,Maikel Mesa Belshaw
241907,Desábato Rexhepi
241915,Shervashidze Spearing
241921,Samad Benrahou
241925,Chimusasa Frandsen
241927,John-Joe Morrow
241928,Albarracín Rowan
241929,El Fakiri Pappoe
241930,Fairchild Gaibor
241931,Flagellat Miyazawa
241937,Abduhamit Hajar
241938,Musah Al Azmi
241941,Silva Melo Neves
241943,Leverton Paudie
241948,Volchenkov Lambrix
241953,R. Carlos Seydi
241954,Williams Arthuer Al Maqati
241960,Tait Silvera
241963,Gómez Al Dossary
241967,Maikel Mesa Coppens
241969,Diogo PP Manjarrés
241970,Haithem Delbridge
241976,Tadeo
241981,Nanu
241982,Einar Velieva
241985,Pannewig
241990,Nuryagdy Farrell
241993,Nu Sinha
241995,Kyriakopoulos Dheeraj. M
241997,Walid
242000,Kim Jun Bum Marques Paiva
242002,Graafland M. Flores
242003,Czyborra Findlay
242004,Jamir
242006,D. Guindo Halicharan
242019,Augello Lillis
242021,Watts MyeongSeok
242024,Shaparenko Hoarau
242045,M. Ortiz Asel
242054,Hussam
242055,Adaramola Slaven
242056,Caio Nunson Taisia
242057,Vanita Salomoni
242062,Gökhan S. Fellows
242073,Jelínek Blanco Sánchez
242075,Jihyun S. Dursun
242082,Keila
242085,Marissa Unnerstall
242086,Mario García Son Jun Ho
242087,Healey Mindombe
242090,Nossar Shea
242105,Marián Huseyin
242108,Kipp Gonçalo Franco
242110,Rubina Shoola
242114,Hugo Alberto Mărginean
242117,Abdülkerim Gastón
242119,Voloshyn Amankwah
242154,Aning T. Mendes
242156,Mohammed Al Saeed
242158,Alfaro Azevedo Raúl De Tomás
242159,Raimkulova
242160,Malkolm Nilsson León Cebrián
242162,Hoti Eržen
242166,Amund L.Rosa
242179,Wafa Fertoli
242181,Nabbout
242182,Keidi
242183,Daniella Ogulbibi
242187,Chira Bastien
242195,Mallika Masih
242199,Chiricheș Matchoi Djaló
242200,Taimi Rocastle
242201,Lizoain Cruz
242214,J. Chaverra Rukia
242217,Dyadyun Kamariah
242223,Abdurahman Al Ghulaimish
242229,Brayann Lô
242230,J. Cuellar Lasse
242236,Fatou
242238,Ojukwu Shehata
242240,Lima Correia Custom Player 40047
242245,Eun-seo Al Obud
242249,Fabrice-Jean Tsuyoshi
242250,Gagik Turi
242253,Marchán Teixeira da Silva
242258,Haithem Bheke
242263,Machado Ferreira Ana De Teresa
242264,Maiti Hübner
242265,McEleney Nimo
242267,Jian Tao Calut
242268,Calvin Zemura
242271,Anesu Ihlenburg
242276,Vatey
242279,O. Pinchi
242280,Lazăr Faria
242286,Aarøen Dong Kyeong
242287,Fisk Obileye
242288,Inger Ingrid Syrstad
242289,Coda Hamulić
242291,Julia Bartel Bruninha
242292,Rayamajhi Pollero
242294,Janitzek C. Loor
242302,Bozinovski Santos de Sousa
242306,Grande Sánchez Shova
242322,McGuire Melati
242332,Gayà Peña Burbano
242333,Jacquesson
242335,Calico Cullen
242339,Edwar Lothar
242342,Gagik Loskutovs
242350,Ralekhetla Kılınç
242351,Theerathon Bunmathan
242352,Abdülkadir Atsé
242358,Ramaré Roldão Tony
242359,Ji Young
242366,Tanti Run-ming
242369,Puigmal
242374,Monserrate Pueyo Barlow
242378,Alexandria Gil Pareja
242380,Sindre Walle
242381,Matheus dos Santos Henrik
242382,Lirim Ascensión
242383,Seok Ho Lievens
242386,Chira Kevin V.
242391,Marshall-Rutty Ov.Popescu
242392,Gayà Léo Baptistão
242393,Bhutia Holzman
242395,Willy Semedo
242411,Seon Ho Râpă
242414,Wang Y W
242418,Stuver Kutlu
242419,Bhutia Nazarenko
242423,Caio Nunson Vittoria
242426,Dávið Cecilia Marcos
242429,Ledezma C. Kinsombi
242434,Cristian Carracedo Jesús López
242436,Jesper Bergset Rith
242444,Joan Jordán
242453,Sangeeta Yáñez Alabart
242456,Díaz Espósito Muñoz León
242458,Arseni Dollinger
242482,El Hankouri Conchita
242485,Whiteman Gi Hyeok
242489,Palhinha
242492,Jakac Matheus
242494,El Allouchi Kilkenny
242506,Alibeyova M. Quarta
242509,Daphne B. Palmezano
242513,Ferreira Gomes Pineda
242514,Fleury Pegolo
242515,Vetlesen Alibeyova
242516,Cladwyk Fuglestad
242519,Eusébio
242525,Carabajal Sebastião Luvumbo
242527,Sinamoi Amin
242528,Sólbjørn Bryoni
242530,Nderim Norburn
242531,Jill Keser
242532,Malaitai Guga Rodrigues
242534,Coruche Mendes Cumings
242541,Choi Min Ki Brignola
242542,Aatu Havard
242547,Jesús Bueno Sahar
242548,Ahadme Mahe
242554,Bozinovski Burstow
242558,Puig Mateos Solan
242562,Jackson João Zabarnyi
242569,Fisk Zajmi
242577,Reilly Evagoras
242578,Benda Baboescu
242596,Terho Bismark
242600,Nalepa Skjellerup
242602,Jili Tomaz de Lima
242603,Jagielka Maikel Renan
242612,Dário Chen Xiangyu
242619,Chanmolika Dobrogeanu
242623,Nkole Bishop
242624,Jesper Bergset Funes Mori
242628,García Alvear Beiroa
242629,Joardar
242633,Minsu Fomai
242635,Huseklepp Noemia
242638,Dajaku Kanya
242640,Tambudzai Chinedu
242641,Quanbo Azra
242643,Leblanc Florence
242648,Alex Reginsson
242655,Jongbeom Pereira Sipião
242656,Hägg Johansson Mberry
242658,Awate Birta
242660,Ji Eun Besaggio
242661,Hailong Caldeira
242663,Sama Borba Ferreira Jr.
242664,Alfaro Azevedo Romagna
242672,L.Zogbe Zhang X.L.
242678,Johannesen Rosa da Cruz
242690,Seok Ho Godwill
242691,Daniar Cuiza
242698,Gürler
242700,Wallace
242703,Iskakova Maite
242710,Thorat John-Jules
242712,Adaramola Sparv
242714,Chimusasa Mogultay
242725,Kochergin T. Fernandez
242730,Isnairo Reis Ermin
242744,Afolayan Ardi
242749,Jeong Tae Wook Bruno Miguel
242751,Hammarlund Carluccio
242753,Alfaro Azevedo Tescan
242755,Jeong Tae Wook Wassim
242759,Alma Arial
242763,Jin Hong Ochieng
242784,Mattias Lawley
242791,Dambelleh Danso Pere Joan
242794,Hüseynov Lindberg
242795,Marta Carro
242797,Rava
242800,García Alvear Strand
242802,Rudi
242806,Kawamura Omsberg
242807,Biuk Franco Agustín
242815,Diogo PP Ferdy
242816,Ramírez Castillo
242818,Fellaini D. Collado
242821,Kelven da Silva
242826,Lallemand
242830,Kanghyeon Vania
242835,Lato Balagizi
242841,Arvin Apostolopoulos
242850,Seok Ho Assié
242853,Shaw Brumme
242863,Alibeyova Al Hajri
242870,Mikaela Erandathi
242874,Walton
242879,Luis Tovide
242896,Iannes Elira
242906,El Ghezouani Thomas Lehne
242907,Browne Rafika
242908,Isnairo Reis Chuangyi
242914,Kanji Mukasa
242916,Wiri Smith
242917,L. Ramazani Choi
242919,Sulimani Rönnow
242924,Khiry
242935,Atuesta Modiba
242936,Teboho Miguel Rebelo
242946,Damjanović Afrim
242948,Marco Esteban Kleinherne
242958,Owusu-Abeyie Ivano
242961,Sindermann Dorukhan
242964,Anto Girotti
242965,Florence Heylen
242970,Dostonbek Khamdamov
242971,Carabalí Omsberg
242974,Kartum Sanuç
242983,Jesper Bergset María Asunción
242984,Seok Ho Petitjean
242997,Lelieveld M. Ferreira
242998,Keyta
243000,Nando Almodóvar Ballet
243001,Alexis Chojecki
243004,Andrade Lima Animasahun
243009,Deivid Comuzzo
243011,Samanta Grünwald
243014,Browne Martín Valerón
243015,Liuyu Reiter
243016,Alberto Langa
243019,Theiner Azumi
243023,Utvik Salonen
243025,Leimenstoll Juricić
243027,Jonas Lange Turi
243029,Candelari Callan
243032,Hodgkinson
243034,Algobia
243041,Jong Mu Gréta
243044,Ndayishimiye Noe
243045,Abdurahman Al Jari
243047,Alejandra Bernabé Manaka
243048,Viktória Defendi
243054,Jenkins-Davies O'Riordan
243056,Adaramola Lazăr
243057,Méndez Fernández Vilches
243061,Lalbiakhlua
243064,Osigus
243080,Carcelén Valencia
243088,Yao Boqing
243092,Abdulbasit Abdulaziz.S
243100,Leander
243102,Vasic
243108,Lepatin
243117,Vuk
243125,Seok Ho Siyoung
243126,Owusu-Abeyie Malangi
243127,Jeong Tae Wook Mangal
243133,Jeno Sadigova
243134,Kyereh Pryts Larsen
243135,Jeong Tae Wook G. Ochoa
243153,Moisés Al Obud
243154,Adrià Belmonte
243155,Magunagoitia Blasco
243158,Laura Martínez Vanakar
243163,Damany Godfrey
243167,Isnairo Reis Tomás Aresta
243169,Wang Jinxian Beširović
243173,Keleş
243175,Lallana
243185,Pierias Victoire
243188,Hayen Omsberg
243200,Rubén Alves Mok
243201,Zahović
243203,Kaio César Howe
243205,Elves Baldé
243210,Amahl Abhijith PA
243212,Jeong Ho Bennit
243220,Wipha Khong
243222,Barraza Sfait
243223,Nampalys Luís Carlos
243229,Taimi Freriks
243235,Nui Martynyuk
243237,Lirim Palmieri
243241,Alessandro L. Budiman
243244,Hoyte Thórunn
243245,O.Aloudah Krauhaus
243249,Josh Ebuehi
243252,Tanti Gómez Camino
243256,Nowacka Paulo Daineiro
243261,Andre Ricardo Soberka
243262,Gwen María Jiménez
243263,Ashby Hallberg
243264,Saška Marvin Olawale
243271,Catriel Woodman
243275,Kyriani M'Bala
243276,Didier Paolucci
243279,Lazăr Girotti
243282,Dragutin Mata
243283,Léonard Veysel
243284,Florián Villoldo
243293,Wang Sh.Y. Larisa
243294,Tamba Lazo Romero
243295,McEleney Vadulli
243302,Damany Monterisi
243311,Jid
243312,Olivieri
243315,Dai Weijun
243316,Pohlmann
243321,Kegs
243345,Jong Mu Rakatondrabe
243347,Andonov Butscher
243349,Draw Character 3 Lawson
243350,Famara Aguirre
243353,Balan Molina Arjona
243354,Paswan Rui Patrício
243355,Lassen Torbinskiy
243358,Park Chang Jun
243360,Nassim Fortune
243363,Dávid Havard
243371,Marić Joyce
243373,Lluís Jamie-Lee
243378,Mahamé Vilmos
243379,Xiongtao Moen
243384,Cupido Gonçalves Munder
243386,Desábato Tomás Händel
243388,Borba Ferreira Shoola
243392,Porath Marija
243393,Sulejmani Rajak
243398,Chiricheș Bragança Moutinho
243401,Andu
243403,Christodoulopoulos Elerewe
243404,Georgia Stanway
243412,Bowler Dahaba
243427,Riyad Dweh
243431,McNally
243442,El Hankouri Aitor Sanz
243445,F.Mancuello Kamanga
243449,Lisa Pariano
243456,Brayann Vicent
243459,Tanti Barboza
243464,Ja Ryong Skiotis
243465,Carabalí Reinildo Isnard
243476,Markiewicz Bono
243478,Elma Li Shuai
243481,Makan Winkle Pacheco Flores
243491,Curci
243497,Samad Vanlerberghe
243513,Frieser Colm
243514,Jesús Bueno Matija
243516,Aurel Nahki
243520,Alibeyova Marvan
243521,Ings Erquiaga
243525,Rares Letschert
243526,Mazzitelli Mosquero
243527,Ettien Cagro
243530,Mohsen
243534,Taimi Calum
243537,Marta Carrasco Braut-Brunes
243538,Kadile Jr. Lautenbacher
243539,Kartum Wagstaff
243544,Adalberto Carrasquilla
243545,Jin Hong Evan
243549,M. Portales Higuaín
243551,Alibeyova Gauto
243558,Zeena
243559,Darko
243568,Sindermann Eskandarian
243571,Baljit Denić
243572,Marta Carro Uesli
243573,Anto Pospíšilová
243574,Woud Bragantini
243575,J. Chaverra Balcı
243576,Paik Sung Dong
243580,Linnea Nübel
243585,Gale Bau Min
243586,Ayina Edgar Méndez
243587,Fionnuala
243588,Tanti Mas Jaume
243589,Alex Cistana
243593,Aristotle L. Monzón
243595,Marshall-Rutty Berglund
243596,Naira Miloš
243599,Park Jun Beom Ohi
243602,Rosan Dourado Lovrić
243604,Johansen
243606,Kanabah Lazar
243608,Riyad Geisson
243612,Didier Ruibao
243613,Okoye Bagheria
243618,Lluís Eulalia
243619,De Ketelaere Buijs
243627,W. Pacaud Adouko
243628,Aleksandar Valenta
243630,Jesús Bueno Daniella
243631,López Álvarez Caldeira
243637,Răducan Homenchenko
243639,Marrugo Velikonja
243640,Ephraim Fuka
243643,Esanu Harnik
243646,Ben Nicolae
243647,Alvaro Rodríguez Batista Meier
243657,J. Chaverra Gabri Prestão
243661,Albarracín Topal
243666,Caio Nunson Marí Sánchez
243669,Iwamoto Anto
243672,Kemlein
243673,Osborn
243675,Ketkar Sahakian
243684,Vilches Alana
243686,Cher N.
243690,Vieira Pereira Cyle
243702,Dies Sidny
243711,Sólbjørn Caio Chissano
243715,William Saliba
243731,Ryuki Gil Pareja
243735,Autret Sibongile
243736,Kartum Qasheesh
243738,Machado Ferreira Kabita
243749,Streli Mamba
243754,Kim Ye Sung
243756,Finotto
243759,Hunziker Araújo dos Santos
243764,Bozinovski Kalvin
243765,Rouault Schenkhuizen
243767,Gale Keaney
243769,McKain Pinckert
243773,Kean Liu Xinyu
243780,Lamarre
243787,Wendt Provod
243788,Araya Moffi
243789,Agu Moffi
243792,Iordache
243795,Adaramola J Jones
243801,Defendi Dong Hang
243804,Groenen Abregú
243807,Coronado Sebaoui
243810,Liuyu Iancu
243812,Rodrygo
243816,El Hankouri Iñíguez
243817,Effiong Sparv
243824,Oshoala
243827,Lazăr Carreras
243828,Marissa Liao Lei
243830,M. Cazalla
243831,Bockhorni Prabha
243833,Claudinho Vair Rocha
243834,Lloris Nicolás HyunBeom
243838,Natsume Bukha
243840,Lakra Niina
243841,Salomoni Pedro Mendes
243842,Naljit C. O'Sullivan
243845,Patience Ouédraogo
243848,Bridge Lopes Moura
243849,Ortwin Léider
243854,Mickel Senny
243860,J. Godinez Koita
243866,Sólbjørn Gregoritsch
243869,Reith Corry
243870,Odion Raekwan
243876,Luz Horta Fortuño
243881,Coco Bassey Oubiña Koaeana
243883,Jill Elias Fontoira
243886,Tambudzai Moshe
243887,Tambudzai Mighten
243891,Luz Horta Kysha
243893,Kapoor Fabbian
243894,Barsham Sipić
243898,Baleba
243904,Højgaard Pastor Vacas
243905,Rashmi Magnus Wolff
243908,Dajaku Balda Zubiri
243910,Teka Corneliu
243914,Efkan Bekiroğlu
243917,Jeno Gaines
243918,Dican
243921,J. Alfaro Zhegrova
243923,Li Huayang Contout
243924,Mirzoyan Donaldson
243925,Minsu Bech
243932,Daniella Paswan
243949,Marek Żukowski
243952,André Franco Loftesnes-Bjune
243953,Antonaldo Laforte Bergvall
243959,Latifa Saira
243960,Minduk Briggs
243963,Kovačić Lyza
243966,Grande Sánchez Marteiro Santoso
243970,Mineiro Mendes Kouame
243971,Tambudzai Khazri
243976,Casemiro
243977,Jesús Bueno Havard
244000,Tambudzai Fernando C.S.
244001,Taiwo Vercammen
244014,Effiong Lourdes
244020,André Moreira
244022,Hugo Alberto Serra Álvarez
244024,Nu Baschirotto
244027,Kochergin Bwalya
244028,Sancho Belkahia
244034,Daniella Kim Min Su
244040,Oumar Saint
244042,Miti Djitté
244045,Tafadzwa Dano Nascimento
244046,Oumar
244050,Vitor Marlon Bugeja
244054,Rouault Felizia
244056,Carrera Zervandro
244058,Letica Kim Min Seok
244059,Kaldırım Shakuntala
244064,Tyreece Palumets
244067,Marsden Kučerová
244068,Karttunen Sail
244076,Wang Z.H. Ogulbibi
244078,Ina Flannery
244079,Bernat Velasco Kolgeci
244081,Nderim Pellenard
244082,Septian Kahlenberg
244083,Jesus Andradaldo Hens
244087,Reinildo Rocchi
244089,Stefu Hadžić
244094,Latka Kvist
244108,Hong Hyun Seok
244109,Marta Carrasco Knox
244110,Janset
244112,Dalby Koutsoupias
244114,Basanti Maurya
244126,Akhter Odimayo
244131,Najjar Hannan
244133,Alexandria Reyhan
244134,Budu K. Young
244135,Aleksandar Pozo
244147,Adrià Oldham
244154,Samad M. Camus
244160,Arijanet Iorga
244167,Samad Meireles Petri
244176,Deena Tino
244181,Latifa Kevorkian
244185,Rubina Mock
244186,Luquinhas
244188,Rubina Aboubakar
244190,Feldkamp Sarmiento
244191,Jiegei Ancajima
244192,Sólbjørn Ilayda
244193,Jipa
244196,Diogo Miguel Sønstevold
244197,Conde Alcolado
244204,Nas Kalaimathi
244205,Marta Carro Rosa Cadete
244206,Mühl Pipo
244213,Ji Yun
244218,Jaakkola Darien
244224,Floyd Göbel
244233,Lirim Pascual
244234,Aarøen Oğuzhan Efe
244238,Izzah Bhosle
244240,Chimusasa Fiete
244250,Phindile Okuma
244252,Westerveld Ratsamy
244256,Dajaku Bharavad
244257,Jesús Bueno Bukayo
244258,Dalit Wu Wei
244260,Daiki
244261,Lindsey M. Pareyra
244262,Diaoune Heußer
244263,Amos Rice
244270,Nas Mings
244271,Ina Šunjić
244272,Diarrassouba Paquita
244274,Adrià Zhiwei
244277,Kanti Velikova
244280,Adrià Fein
244287,Malico Paulino Valdes
244288,Adaramola Huido
244296,El Ouarti Ramage
244301,Lemoine Sainz-Maza Serna
244302,Lackner Salma Celeste
244305,Ridle Puja
244309,Sun Minghim Swan
244311,Lucas Ribeiro
244316,London
244319,Reven Siopis
244322,Moreno Pérez Heitinho Zanon
244349,Jeong Chi In Valerică
244369,UEL Draw Thara
244373,Vitalii Buialskii
244374,Moreno Lopera Savić
244377,Tashbaeva Bonham
244380,Urbańska Moreno Ojeda
244385,García Lugea Buongiorno
244390,Malkolm Nilsson Bytyqi
244391,F. San Emeterio Ronstadt
244393,Gil Mohedano
244394,Cian
244399,Takahashi Clarence
244407,Peniguel
244413,Mahamé Paschke
244416,Joaquin
244417,Jong Mu Klychova
244428,Boatwright Morena
244435,João Filipe Hanssen
244438,Wiley Derrick
244456,Mangal Emem
244458,Alexandria Salwa
244460,Diogo Pinto Grațiela
244467,Nyirenda Kim Do Yun
244470,Uvais Moyikkal Corazon
244471,Nu Nuno Moldeiro
244472,Jamie Cabrera
244474,McQueenie Bong Soo
244476,Cipot Tyron
244478,Juan Luis Krzepisz
244480,Hocking Léo Chú
244483,Mahamé Gasparini
244486,Montes Enderle
244490,Jo Hyun Tae Silke
244491,Chira Khomenko
244497,Manafá Jancó
244498,Kael Soul
244511,Maria-Luisa Sadick Aliu
244513,Hugo Alberto Rolfe
244514,Oliveira de Araujo Lee Yo Seb
244522,Moncayola Tollar Zheng X.J.
244523,Jadngulueam
244524,Nelson Diogo Quindt
244542,Kovačič Kamper
244550,McEachran Proper
244551,Fei Ernanduo M. Navarro
244553,Maikel Mesa Köstenbauer
244559,Cardoso Almeida
244565,Ephraim Elyse
244576,Jonson Häggman
244582,Aleksandar Paločević
244591,Jaehun Bobadilla
244592,Jong Mu Zaccardo
244599,Guðjónsson Gosens
244601,Soraya Yusif
244603,Baumgartl Nuzzolo
244622,Pierret
244626,Auguste Kacou
244634,Seok Ho Sharifah
244653,Stephany Kamala
244654,Kangwa Osako
244655,Gale Vicky Losada
244656,Weymans Stenfran
244657,Abdul-Halik Hudu
244669,Minsu Helma
244672,Lato Bellolio
244674,Odedra Tiéné
244675,Rufino
244676,Jackson João Saggiomo
244680,Maria-Luisa Chidike
244685,Malkolm Nilsson Mironova
244692,Isolde Chinedu
244694,Chans Sagüillo Roffo
244706,Kartum Bech
244707,Eboué Cataño
244709,Malwin Japhet
244715,Sulejmani Parisis
244717,Antonio Casas Furkan Onur
244720,Brasnic Friða
244723,Fally
244725,Erustes Leles Carrión
244728,Sanad Simnica
244731,Myeong Jun Rivaldo Jr
244736,Silvère Bertolacci
244749,Mwase Agusalim
244757,Augello Sako
244762,Kuryu Denic
244767,Cardozo Lucena
244769,Sobha Tunkar
244778,Terchoun
244780,Dyakov Marcella
244783,Tambudzai Khudoyorova
244788,P. Mukairu Bruno G.
244791,Oung Hirayama
244793,Tareq Chikondi
244795,Jesus Andradaldo Aubry
244796,Marco Esteban Tomás Mendes
244797,Park Jin Woo Monserrate Pueyo
244798,Cho Yu Min
244799,Penman
244800,Kelman
244810,Tambudzai L. Áfrico
244811,Daniella Bumberger
244825,Bartovičová Woodgate
244827,Alejandra Bernabé Donkor
244829,Maiti Collao
244832,Samanta Fathimath
244834,Dávið Pardo Méndez
244836,Issei Samiylo
244837,Lamie
244842,Ermal Oudrhiri
244843,Vilaça Teixeira Balasa
244851,Garnier Guiffrey
244853,Jurado Gómez Sibahle
244859,Jesus Andradaldo Daniella
244869,Frendrup Clirim
244870,Jihyun Kasami
244871,Jens Martin Pumphrey
244874,Feldkamp Pyatov
244884,Markiewicz Palmieri
244889,Chalida Trafford
244890,Auklend Mederos
244891,Marek Zidan
244892,Shapira Diedhiou
244895,Ali Şaşal Won
244906,Andreea Takumi
244915,Midtskogen Rosero
244919,Martín Pascual
244938,Milazar Coimbra
244940,Elba Kacuri
244941,Mael Feng Zhuoyi
244946,Ings Puja
244947,Liu Haofan Pereira de Pinho
244948,Carabalí Pickford
244949,Flinders Paula Fernández
244950,John Michael Raúl De Tomás
244963,Indira
244973,Maikel Mesa Rimando
244984,Lisa Palmieri
244985,Rennie Liao Chengjian
245014,Seok Ho J.El Yamiq
245017,Galloppa Nyongo
245018,Aigul Okazaki
245020,Jiegei Holleran
245021,Macias Limani
245022,Nakamura Oğuzhan Efe
245024,Vasco Lopes
245035,Chun So Gianni
245036,Yang Boyu
245037,Elías Már
245039,Doninho Oliveira
245040,Jaurès
245041,Yara
245042,Vágner Corraldo
245048,Leali
245054,Lee Dong Gyeong
245055,Aoba Min Seong Jun
245058,Ogawa Kesandu
245059,Marta Carro Xulan
245061,Jonson Lothar
245065,Desábato Omsberg
245070,Jann-Fiete Davit
245075,Kang Yun Koo
245079,Algimas Okoronkwo
245084,Marshall-Rutty Burakgazi
245091,Lirim Qian Y.M.
245094,Oum Gouet Albie
245097,Feller Baz
245122,Taimi Phesheya
245131,Gent Thanasis
245132,Dehl Perišić
245138,Gera Furrer
245152,Ryuki Generic 2
245153,Muteb.M Vishal
245155,Midtskogen Kondo
245157,Sirje
245158,Liyu Soner
245164,Upamecano Jumoke
245165,Smal Borimir
245169,Jankauskienė Lalrinzuala
245170,Anjorin Szczepański
245174,Bristow Andrade Lima
245209,McFadden Rollin
245211,Ji Eun Swers
245212,Rashica Tietietta
245218,José Vitor Grand
245228,Ferrario Kolja
245233,McEleney Simonsen
245235,Alexandria BaeJong
245238,Jae Jun
245247,Etoga Diogo Travassos
245249,Mahamé Ibish
245252,Ahmeti Guitane
245253,Lafleur Barea Núñez
245264,Meffert Kallista
245268,Gábor Al Slais
245269,El Grafel Al Dohaim
245270,Kiko Bondoso Female 2
245275,Tanton B.Thompson
245276,Midtskogen Al Othman
245278,Tomás Tavares
245279,Reguilón
245286,J. Godinez Ziegler
245287,Santara
245290,De Fougerolles
245319,Leticia
245331,Ji Hye
245332,Rooney O'Grady
245335,J. Cuellar Ortellado
245336,Marta Carrasco Keating
245338,Sólbjørn Yáñez
245340,Lima Cardoso Sebastian Holm
245341,Claudia Florentino Barticciotto
245347,Marta Carrasco Bassong
245355,Tiago André Warriner
245356,Eva Llamas Danhof
245357,Lemonnier Amal
245361,Hysenbelliu Saar
245364,Moxon Aljoša
245367,Volnei Seonaid
245368,Guiu Paz Waidner
245370,Emily Delgado López
245371,Sánchez Farres Alminho Boas
245374,Ariadna Moor
245377,Mwanajuma Al Hajeri
245378,Jesús David Ranftl
245384,Park Jun Seo Chiorra
245388,Jaguraga Tamura
245404,Salomoni Taffertshofer
245407,Nathael Silbeira Yegor
245410,Mikołajczyk Stephy
245414,Potter Al Najdi
245420,Holzer Pita
245425,Nderim J. Chaverra
245426,Maholy Kopano
245428,Chen Xuhuang Norrington-Davies
245435,Procházková Al Mowaled
245437,Adriana Nanclares Gaich
245438,Ahmedhodžić Abdulai
245439,Gayà Peña Fatbardh
245443,Auklend Furayj
245459,Xian Emmers
245461,Eugen Claudine
245491,Pauleta Bernardo Maria
245493,Mohammed Al Nattar
245499,Abdullo Hein
245501,Iikka Nourani
245502,Presa Al Mowaled
245510,Abdurahman Halkias
245518,Midge Al Shehri
245528,Dyngeland
245531,Riyad Siquet
245532,Hocking Semmle
245537,El Ouarti Cedomir
245538,Koval Frances
245539,Belec Vanchindorj
245540,Sjöberg Song Su
245541,Geon Hee Rafia
245543,Chinta Krempicki
245550,Samuel Leach Gadzhev
245560,McEleney Venturi
245563,Szymon Bah
245565,Misa Begić
245566,Alessandro L. V. Moreno
245574,Abdülkerim Al Ashban
245582,Ben Krajewski
245597,Vallejo Blázquez
245598,Huikang B.Toure
245601,Chinwe Souprayen
245622,Scowen Lule
245628,Abderrazak Abu Fani
245630,Williamson Fertoli
245637,García González Rivelles
245649,Hajda Filho Jorge
245684,Jesus Andradaldo Minsub
245685,Nzingoula Tomkinson
245687,Carabalí Seguin
245694,Addison Teleri
245697,Christoph Marcos Vinícius
245704,Manolo
245710,Attah Michaels
245715,J. Cuellar Sarquis E.
245716,Rubina Enid
245719,Alexandria González Poirrier
245722,Grivosti Hartin
245729,Hajda Chuangyi
245740,Charlis Obolskii
245741,Jankovska Leistner
245749,Antonaldo Laforte Barco
245750,Ferrario Carlson
245751,Halimah Tapan
245760,Nartey Vidal Girona
245761,Alberto Reina MinJun
245762,Ahmedhodžić Kossounou
245766,Wipha Nombulelo
245769,Emanuel M. Pineida
245770,Deeb Domingos
245779,Dall'Aglio Plano Pedreño
245784,Alessandro L. Teresa Mérida
245790,Ozanian
245802,Berríos Mateu Jaume
245810,Willer Ditta
245812,Justine Xhevat
245813,Abdulmajeed Al Saadi
245821,Kaddour Sowe
245822,Dilani Alemseged
245824,Awn Waker
245825,Chen Keqiang Hejji
245826,Ramírez López Schleusener
245830,Winta Halfar
245833,Murg Meupiyou
245834,Wintzheimer Mijatović
245835,Mendes Mendes Stoica
245839,Heier Smokowska
245849,Marić Reven
245854,T.Sanabria Vermot
245855,Draw Character 3 Centelles Plaza
245856,MacKinnon Basfore
245863,Tonali Gané
245865,Sim Bahn
245867,J.C. Nagahama
245870,Gutiérrez Parejo Halimah
245871,Lakra Gbele
245872,Kebe Leny
245877,Shirokov Himourana
245879,Carlos Fernández Verde
245882,Erin Cuthbert
245893,Iikka Homenchenko
245894,Raquel García
245900,Liuyu Biereth
245902,Tesche Ostrzinski
245903,Hakizimana Vicent
245908,Marcos Vinícius G. Ochoa
245940,Selene
245956,Christiane Endler
245977,Kerem Yusuf Dele-Bashiru
245981,Keen
245982,Chiba
245986,Coruche Mendes
245988,Lirim Cochran
245992,Bianneider Gendrey
245999,Mollejo
246005,Jens Martin Kenna
246006,Calem Delphine
246007,Riyad Sumo
246009,Maiti Tahrat
246011,Vallejo Avilés
246013,Hetemi Cacicedo Verdú
246014,Majasaari Lothar
246015,Liuyu López Cabrera
246020,Ji Eun Adebayo-Smith
246033,Ryuki Shoola
246038,Amato Paul Omo
246043,J. Narváez
246044,Anelia
246045,Pack David Lopez
246047,Andújar Paolo
246048,Andújar Raffaella
246053,Jeno Ganga
246054,Jamie-Lee Verde
246055,Zamir Peña Jiménez
246056,Dutría Pereira Trstenjak
246057,Jardim Morrow
246058,Alain Flagellat
246059,Lethlean Oko-Flex
246063,El Ouarti Brandon
246070,Inken
246074,Ben Gianfranco
246079,Jeno Quiñónes
246080,García Posadas Bahusayn
246081,Browne Carvalho Silva Jr.
246094,Riyad Godín
246096,Pich Nyaradzo
246097,Santacruz
246099,Karazor Gjokaj
246100,Koeman Ashworth
246104,Ryan Gravenberch
246106,Andújar Havard
246107,Markiewicz Omsberg
246108,Alexandria Duan Liuyu
246112,Niederlechner Dijks
246113,Adu
246118,Timoteo Samuel Maximiliano
246126,Cifuentes Miguel Sousa
246127,Owusu-Abeyie Viktória
246136,Adaramola Nikolaeva
246137,Kambwala Puerta
246139,Ionescu
246145,Hunziker Aliseda
246147,Marchán Goiginger
246151,Alexandria Ahmadov
246152,Jamaliah Evensen
246155,Rouault Marušić
246157,Escalona Pelivan
246158,Luz Horta Hasse
246159,Ephraim Kuldeep
246164,L. Ramazani Tomé
246166,Daniella Haissem
246168,Björnström Knight
246169,Rasheed
246170,Livingston Guga Rodrigues
246172,Rubina Chissano Dourado
246173,Guwara Miazga
246174,Hakizimana Einar Galilea
246175,Liridon Huygevelde
246177,El Maach L. Kunze
246178,Ozan Kabak Parveen
246184,Maika Doll
246185,Sánchez Rey Uzunhan
246191,Julián Alvarez
246195,Cailloce Einar
246208,Chadad SooHyuk
246219,Khadija Shaw
246223,Jenny Brignola
246228,Isnairo Reis Kwang Deok
246230,Mario Gila Passley
246231,Effie R. Núñez
246236,Esma Cavalli
246240,Haber Berglind Björg
246242,Botka Deng X.T.
246243,Jae Yong Vilches
246249,Riyad Rižner
246258,Lisa Belak
246263,Mailis Veranus
246264,Jesus Andradaldo Sakai
246267,Diogo PP Kirm
246272,Marie Katoto
246276,Jelínek
246284,Zech
246287,Ángela Sosa
246289,Cupido Gonçalves Hoarau
246291,Laszlo Conceicão
246296,Kenza Ependiyeva
246297,Hegyi Abdo
246298,JungUn Sebulonsen
246299,Digbeu Derdiyok
246300,Brahma Tsuyoshi
246301,Zheng Dalun Perkins
246310,Chinta Canan
246321,D. Moreno Luís Martins
246329,Mislav Edgar Bruno
246332,Ryuki Moor
246335,Fairchild Muñoz León
246336,Marieke Mejak
246345,Jefferson
246349,Di Pizio Mallory
246350,Elma Lacatus
246351,Tonje
246352,Hodza
246354,Siwe Stojanovska
246359,Fernández Sáez Bolor-Erdene
246364,Alda Cliff
246366,Adrián Bernabé Roisin
246381,Mwanajuma Al Enezi
246390,Sheth Bishesari
246392,Lazăr Brosnan
246396,Liuyu Souprayen
246402,Luz Horta Bhan
246406,Voloshyn Arnuncio Baquerín
246414,Quintia Kharotakhel
246416,Latifa Dajaku
246417,Anto Ouédraogo
246419,Wang Z.H. Tuomi
246420,José Vitor Dingsdag
246426,Leah Williamson
246430,Donnary Uyanda
246431,Rainey Shpend
246434,Jeong Tae Wook Birkholz
246444,Tarciane Inoue
246450,Kranevitter C. Franco
246455,Olkowski
246457,Cuenca Aranda Nagida
246459,Mickel Dammerer
246471,Fairchild Georgi
246548,Oday Romoney
246550,Geon Hee Gulnor
246560,Dajaku Pergreffi
246561,McQueenie Perić
246562,De Shizuka
246563,Deeb Chouiar
246565,Baden Dennis
246592,Ali Makki
246594,Gürleyen Marcin
246604,Cham Kanykei
246606,Finnigan
246608,Fidalgo
246610,Johnston Cornic
246617,Jadun
246618,Adaramola Hembram
246630,Rasheedat Ajibade
246637,Anam Imo
246641,Chazan Ndapewa
246646,Marsden Candelari
246647,Lodygin Hayley
246649,Fei Ernanduo Maisarah
246654,Pérez Muñoz Vieira Nan
246656,El Ouarti Hermane
246657,Zaman
246662,Kovářová Li H.Y.
246666,Nderim Kalita
246667,Jelínek Novillo
246669,Bukayo Saka
246671,Arshakuni Normand
246672,Baresi
246674,Bruno Paz
246679,Geovanny Miguel Beunardeau
246681,Hull Edin
246682,Kabadayi De Witte
246683,Liu J.X. Aguerre
246685,Langoni Dante
246688,S.Velásquez Abdulova
246690,Adaramola Bareiro
246695,Mariona Peralta
246696,Groenen Tsiki
246704,El Farez Zdravkovski
246708,García Gómez Marcia
246713,Kapono Naël
246715,S. Ortuño Gianna
246723,Brandán Vilsaint
246728,Kény Teleri
246729,Hélder José Chileshe
246740,Grahl Dheeraj
246748,Aihen
246751,Anto Tjiriange
246753,Luz Horta Kaíque Osvaldo
246757,Ryoya Valiyev
246762,Samuel Leach Kieran
246763,Kaveshnikov Henrique Pereira
246770,Fisk Gili Giner
246774,Alba
246776,Adaramola Bergmark Wiberg
246777,Odelia Partipilo
246785,Brownhill
246786,Toner Bennie
246787,Hugo Vallejo
246789,Allahyar Shahruddin
246790,Abdukadirova Balikwisha
246791,Maghoma Shekiera
246800,Stejskal Bruno Guimarães
246803,David Møller Jesús López
246804,Ambrósini Samson
246807,Tahwildaran Chrisene
246809,Mahou
246814,Zaïre-Emery Jovan
246816,Durdiyeva Soriano
246826,Thao Velazco
246827,Midtskogen Jurgen
246831,Alfaro Azevedo Serna
246832,Tomiris Battistel
246836,Amyn Patton
246844,Carlos Neva
246845,Julia Bartel Pierotti
246846,Bowei Lopes Cruz
246847,Mallika Sorensen
246849,Gomis Alemañ Dlamini
246858,Nakamura McGurk
246860,Nkololo Hermane
246863,Famara Ndale
246868,Nanasi Sumavil
246871,Elma Barella
246872,Mickaël Sorgić
246873,Leblanc Kerzhakov
246874,Raphaël Gjika
246875,Nkobi Kipiani
246877,Gayà Peña Frédéric
246881,Joel Filipe
246885,Nanasi Campos-Ansó
246899,Lehner Mirlind
246911,Floyd Seung Gyu
246914,Rares Reeves
246919,Tareq Zhao Bo
246920,Defendi Claudio Silbeiro
246923,Isolde Pugh
246928,Inler
246930,Charlton
246937,Tillung
246946,Illok Corbett
246947,Owusu-Abeyie Akmatalieva
246949,Calut
246950,Riyad Asta-Buruaga
246954,Shervashidze Lendfers
246957,Arjen van der Heide
246959,Lionel Montenegro
246960,Mickel Ihattaren
246967,Nameni Dimitrov
246968,Liu Sh.B. Hesketh
246974,Dias da Rocha
246991,Leblanc Sadibou
247000,Jackie Marwin
247001,Münst F. Meixedo
247019,Borzone Klarström
247022,Isolde Victoria
247025,Tambudzai Grebo
247026,André Lacximicant Salis
247028,Alex Kolesnyk
247030,Park Soo Il Zhizhao
247031,Djaoui Pavlina
247033,Vila Abranches J. Alcalde
247034,Maciejewski Denić
247037,Alejo Milazar Coimbra
247038,Josué Limberth Gulomova
247040,O. Batlle Lagos
247041,Andrade Lima
247042,Jankovska Loureiro Ameijenda
247050,P. Mukairu Zhuoyi
247058,Tanti Harrack
247067,Midtskogen Busanda
247072,Kassim Earley
247073,Tian Y. Ghidotti
247077,Amos Rondić
247080,Jano Monserrate Trevitt
247084,Nwe Farminhão Dias
247085,Viktória Hernández Díaz
247089,Jonjic
247090,Enzo Fernández
247093,Samanta Paixão
247103,Droguett H. Cunha
247107,Ali Salpingidis
247120,Rajaram Makhulu
247121,Liuyu Bardhyl
247122,Damianos Sekongo
247124,Gbemi Maxamed
247125,Yernazarov Bartolewski
247131,Pacha Espino
247136,Steijn Miyashiro
247138,Fiola
247140,Jihyun Bendjaloud
247146,Nanasi Haugan
247150,Alex Türkoglu
247156,Eugen Momoko
247166,J. Chaverra Novaretti
247179,Latifa Moss
247180,Abdulaziz
247181,Gijselhart Pejic
247185,Antiste Onalenna
247187,João Costa
247195,Lepenant
247197,Mendybaeva
247203,Marco Esteban Habarugira
247209,Draw Character 3 Martín Núñez
247214,Lirim Ospanova
247224,Vasylenko
247228,Darcy Sigurð
247229,Pádraig Begum
247240,Prateep
247241,Vivenço Morais
247245,Tareq Oermann
247246,Kauê Enaldo T. Mawene
247248,Mitku Martínez De la Peña
247249,Joel Silva Pedro Brazão
247257,Hudson
247258,L.Camino Noel
247263,Dvořák Strootman
247264,Ayna Samuel James
247278,Andrieu Grâce
247279,Loosli Draw Character 2
247288,Hugo Bueno Calderara
247308,Jeong Tae Wook N'Mai
247309,Rouault Jose Joaquim
247325,Cade Cowell
247328,Tinna
247330,Nartey Turro
247331,Pramveer Adamski
247333,Audenirton Meffometou
247335,Villacorta Iličić
247336,Algassime Marusic
247346,Tene Montefusco
247350,Nunez Carracedo
247351,Marek Bobby
247354,Ben Khaled McGeouch
247356,Kovačić Shahruddin
247360,Lauper Singh Sandhu
247361,Brandáriz Movilla Aasmäe
247366,Gijselhart Lasagna
247368,Johanne Barbet
247369,Tanti Dorgeles
247371,Choi Hyun Woung Kalvin
247385,Lakra Bruno Guimarães
247394,De Bruyne Kontzoglou
247395,Lo'eau Masuko
247400,Carabalí Ugrinic
247407,Kartum Miroshi
247409,J. Godinez Bogdani
247412,Anesu Paloschi
247415,Aboubakary Haithem
247446,Vigo Loeper
247447,Nu Anton
247448,Goikoetxea Unzalu Putellas Segura
247454,Ji Sung Paryzek
247458,Zając
247459,Salvatore Märten
247461,Muteb Birmančević
247462,Luquinhas J.A. Caro
247463,Fetia Baldomero
247466,Volodymyr
247467,Gagik Zane
247468,Rustamzhon Ashurmatov
247471,Marcano Ilc
247476,Haliq Dobie
247477,Jong Eun Yatuta
247490,Isolde Gulnora
247494,Jesús Bueno Serhou
247495,Mika Mármol
247497,Arjun Begom
247500,Durkin
247504,Map Dumanlı
247506,Marins Silva Foden
247507,Owusu-Abeyie Germano Cuba
247509,Dávid Ceasar
247512,Ji Min Hoffman
247513,Toyosi Gele
247518,Tanti Bowers
247519,Franco Agustín Macklin
247528,Conlon Mykolenko
247530,El Sheiwi Muñoz Fernández
247533,Jongbeom Boupendza
247534,Caeiro Wrotniewska
247539,Aurel Safiya
247543,Jae Sang Tavsan
247553,Garrincha
247557,Famara Champagnac
247563,Yílmar Tsige
247582,Flaviu Amezaga Martínez
247599,Loretta Laurenço
247601,Rahaman Vilches
247611,E. Bernad Sanabria
247612,Dambelleh Danso Salvareschi
247623,Jani Naflaa
247630,Romero Abdulkarim
247631,Mickaël Promise
247635,Khvicha Kvaratskhelia
247643,Fei Ernanduo Orford
247648,Jurado Gómez Melati
247649,Jabol-Folcarelli Brackelmann
247658,Przybylko Al Farran
247667,Kemen
247668,Kim Hae Seung Motihala
247670,Kuralai Provedel
247674,Defendi Pepi
247678,Jong Mu Araphat
247679,Tymoshenko Bolaños
247680,Moreno Lopera Kleine-Bekel
247686,Chi ZH.G.
247689,Lalremtluanga
247710,Johns Boris
247714,Lee Yeong Jae
247721,Tambudzai Pérez Campo
247722,Aritz Dimitar
247724,Jong Eun González Sotos
247725,Friis Cappone
247729,André Miguel
247731,Mario García Shahruddin
247741,Anto Gerritsen
247743,Viudez
247748,Lalhriatpuia
247754,Gazmend Simão Resende
247764,Kovačić Jeong Tae Wook
247771,Nui De Tomás Gómez
247774,Rayamajhi Gil Pareja
247776,Jaritz Curro Sánchez
247780,Johnny Cardoso Cr. Dumitru
247782,Kaio César Joyce
247788,Geovanny Guarna
247789,Mazipov Forrest
247790,Laryea Kübler
247791,Soraya Li Sh.L.
247793,Iyad
247796,Eilis Rebolledo
247797,Ha Jeong Woo Blanco Conde
247805,Michel Ndary Mendes Paciência
247811,JoonHong Eliaquim
247819,Nico Schlotterbeck
247821,Kob Sook Knight
247827,Michael Olise
247832,Sára
247833,Aarøen Ricardinho
247834,Oumar Dürholtz
247836,Dajaku Viljem
247839,Flavia Sitora
247844,Lalnundanga
247851,Broja
247861,Aday Zhang Yudong
247866,Cecília Batista Mester
247874,Gomis Alemañ Willock
247887,Danjuro Mazurek
247888,Samal Engels
247889,Warneryd Dorval
247890,Bledar Jyry
247893,Uthai Mony
247913,Lazăr Melati
247931,Alebiosu Torsvik
247933,Ryuki Min Seong Jun
247944,Bárta Sjåtil
247950,Frendrup Seo Jin Su
247955,Huang Zhengyu Siriporn
247962,Marrugo Vilela de Brito
247966,Politidis Teo
247972,Dani Nourreddine
247974,Antonina Indu
247976,Bárta Bárbara Latorre
248000,Dzavad Orión
248002,Andrew Mesbah
248003,Andrew Bueno López
248018,Andrew Uthai
248021,In Jung Cortés García
248040,Adrià Risch
248041,Ferreira Gomes Zimarino
248049,ChungYong Parnisari
248050,Haithem Bundgaard
248053,Ryuki Arturo Inálcio
248054,L. Garcia Perić
248056,Malkolm Nilsson Brečko
248057,Okoro Beye
248060,Tonali McPake
248061,Coruche Mendes Azur
248071,Deeb Rivaldinho
248073,Zimarino Thuzar
248091,Daniella L.Zogbe
248095,Ranatunga Prabhakar
248104,Zampedri Tordai
248105,Unai Marrero Gaudino
248107,Pozzi Blerina
248110,Owusu-Abeyie Huaccha
248111,Andrew Arsen
248112,Ichizo Valoti
248117,Andrew Chougrani
248118,Alexi Pitu
248121,Isola Shahruddin
248123,Franco Agustín Tapiwa
248126,El Ouazzani Adamo Gaspar
248131,Oscar Forsmo
248133,Cupido Gonçalves Hammar
248137,Eugen Raúl De Tomás
248146,Ian Wright
248147,Marek Pettifer
248148,Zubimendi
248149,McEachran Kabir
248150,Qinghao Koo Ja Ryong
248158,Frendrup Sha'mar
248165,Andrew Popovic
248166,Kåhed Jeppe
248168,D'Orazio Tănase
248169,Tareq Ustari
248171,Danjuro Bertha
248174,Muscat Botelhinonsa
248175,Léonard Khela
248177,Si Hyeun Celil
248178,Biggins Serdar
248180,Raynier Farkas
248188,Shi X.T.
248191,Johannesen Perr
248197,Túlio Changas D. Rodriguez
248199,Tonali Antonín
248201,Mangal Mendi
248207,Eugen Mace
248216,Sólbjørn Halapit
248222,Leonora
248227,Carabajal Arlindo
248231,Haug Loucif
248232,Bozinovski C.Tárrega
248237,Han Yong
248243,Dzhumalieva Calderon
248245,Süleyman Pacheco Flores
248246,Davis M. Reyes
248247,Annagul Moitshepi
248251,Hitesh Sawaan
248255,Abdullo Hamill
248256,Mbaye Rösler
248257,Samanta Galani
248258,Cosson Zavala
248259,Samanta C. J. Sánchez
248260,Elma Ferrario
248265,Prifti Best
248266,Rohlupuia Boa Morte
248272,Dweh Jr Kunze
248274,Kumund Radulescu
248276,Tarragona Serdar
248278,Josué Limberth Youan
248280,Iikka Trang
248281,Draw Character 3 Borden
248283,Pérez Muñoz Rui
248284,Albertsdóttir Gianni
248289,Muminova KookYoung
248292,Midge Mwanga
248294,Saviour Gama
248296,Santino Farkas
248298,Bozinovski Farkas
248300,Mahat Serdar
248301,Kamaljit Serdar
248302,Ashimeru Mati
248304,Natanail Stewart
248305,Romeu Panwar
248307,Midtskogen Wanitzek
248308,Rees Koo Ja Ryong
248310,Narine Peres Petroni
248313,Pevec Chancelle
248315,Jankauskienė Mawihmingthanga
248318,Michał Priesborg Madsen
248319,F. Mosquera Chilohem
248325,Sreymom R. Iranzo
248327,Pieńczak Kumar
248328,Sulejmani Almas
248331,Lalthathanga Khawlhring
248334,Quitterie Tamarit
248337,Samad Jabłoński
248340,Babicka Monshi
248342,Torbjørn Hannibal
248343,El-Boghdadly Finlay
248356,Sández Baldeiro Lopes
248357,Alexei L. Comas
248360,Tambudzai Khanna
248376,Strefezza Rebelato
248384,HyunTaek Gonçalo Oscar
248385,Raschl Patrickson
248392,Sutida GyuHyeong
248405,Mallika Mascaró Ruiz
248408,Oriol Busquets Gleison Bremer
248429,Dani Olmo Cottafava
248434,Dajaku Hachem
248443,Okoro Paraco
248465,Huang Yinghao Luis Antonio
248466,Andújar Llinás
248469,Dynel Simeu
248470,Jeong Jae Hee H. Herrera
248471,Mario Rui Staunton
248473,Paudie Eckert Ayensa
248474,Takeuchi Ann
248477,Royscer Chergui
248478,Derek Prowse
248482,Kastanos Al Azmi
248484,Muteb.M Cleaves
248487,Lamija
248492,J. Chaverra Heeps
248493,Grivosti Gonçalo Manuel
248498,Kassi Al Dubais
248508,Marek Sever
248539,Boyar Dogo
248550,Ursula
248555,Dávid Mirari
248559,Loretta Piris
248564,Wynona Abu Essa
248568,Ousou M.Qasem
248573,Jorman Diallo
248575,Diogo PP Kirsch
248576,Ferrario Fernández Carreras
248584,Alexei Pathé
248586,Ogundere Heine Åsen
248587,Alistair Fayed
248602,Isolde Gogoladze
248603,Links Mbe Soh
248604,Arshakuni Wu X.H.
248661,Chans Sagüillo Najjarine
248662,Alma Leitsch
248674,Lima Correia Momiki
248680,Coelho Barbosa Gnalega
248687,Belec C. Camarillo
248688,Nunes Jesus Cole
248692,Marissa Isolde
248694,Hugo Alberto Kabadayi
248695,Vestergaard Fertoli
248696,Makan Winkle Buck
248698,Toni Villa Boilesen
248710,Ozdoev
248711,Alma Sultanova
248712,Noll
248715,Male 3 Hannes
248717,Laryea Nioule
248718,Isnairo Reis Igamane
248723,Coco Bassey Oubiña Macarton Louis
248728,Ramfangzauva Tian Yuda
248729,Grivosti Iker Punzano
248732,Kader Hanwen
248735,Bandar
248740,Gaeni Ahire
248741,Daf Baran Ali
248751,Summerwill McDonald
248765,Chinta Coello Camarero
248774,Jesper Bergset Matturro
248775,Tibe Bolkvadze
248777,José Vitor Mattéo
248784,Takahashi Nazario Otávio
248785,Shayden Pappoe
248787,Lirim Mings
248789,D.P. Ulvestad Idrissa
248793,Marina Martí Vid
248799,Map Finkgräfe
248805,Santa
248808,Aarøen He Y.R.
248809,Felix Vrede Rashid
248814,Ngwane Kim Yu Seong
248815,Kartum Beqaj
248820,Mardial Cunha
248821,Savinho De Schrevel
248822,Klara Bühl
248823,Seok Ho Straudi
248836,Vandevelde Akylai
248839,Izzy Wilhelmina
248854,Beniangba Zeljko
248855,J.P. Rosso Kysha
248857,Mario Soriano Falk
248858,Takafumi Fadumo
248862,Johnen O'Shea
248868,Hauche C. Baudet
248869,Hocking Farrell
248870,Boyce Noordman
248871,Hocking Podlech
248872,Raja Souprayen
248873,Farnias Almeida Cao Y.J.
248878,Lirim Kean
248880,N.Pepe Granit
250723,Kisku Kim Keun Bae
250724,Muteb.M Nagy Zs.
250725,Miti Derrick
250751,Jaeckel Ranieri
250753,Anderson Oliveira Tessiore
250758,Florentin Bitok
250763,Emanuel Eline
250764,Alfaro Azevedo Antunes Silva
250766,Kaishu Høgnesen
250779,McEleney Soo Yun
250780,Daniella Gourna-Douath
250786,Belec Isola
250789,Di Santo Bak
250791,Lima Cardoso Velickovic
250804,Jeno Vania
250805,Diego Gustavo Abildgaard
250807,Gwyneth Del Fava
250810,Manzorro Echenique
250811,Sarthak Noguera
250813,Laszlo Golovin
250815,Coco Bassey Oubiña Osvaldo Lodeiro
250816,Anjos Rochedo Mathurin
250817,Friede
250822,Balmont Eugénie
250823,Dajaku Paterson
250825,Riyad Liao L.
250830,Hölzel Rubén Blanco
250839,Jano Monserrate Pharrell
250842,Jens Martin Graterol
250847,Sonia Majarín Shihao
250850,Andonov Gustav Kjølstad
250851,Florián Alyssa
250853,Palmer-Houlden Mariska
250854,Pérez Muñoz Carlsson
250855,Samad Joyce
250856,Amenda Serdar
250858,Oualengbe Chrisander
250865,Worrall Jagadish
250876,Ferrario Eșanu
250881,Santeri
250887,Tresaco
250890,Candeira Inácio Xaeni
250893,Laros Duarte
250895,Jae Yong Barcelos da Silva
250896,Kellen
250897,Montes López Boureille
250909,J. Gomez Maolida
250913,Brayann Darmanin
250916,Erős Tomaselli
250918,Sacramentinho Baier
250926,Maikel Mesa Henry-Francis
250931,Oumar Oduro
250932,J. Godinez Gonçalves Bernardo
250939,Dambelleh Danso Stipica
250941,Dejana Krattenmacher
250946,J. Vásquez Raul
250947,Alexandria Neco Celorio
250950,Lloris Nicolás Konradsen
250952,Kadile Jr. Mohammed Ali
250954,Chimusasa Rajak
250955,Jiménez Delgado Silkowitz
250959,Angelo Stiller
250960,Nu Buck
250961,Jill Yegana
250970,Lulëzim Violet
250978,Ludwig
250988,Patricia
250989,Vasyl
250991,Latifa Begmyrat
250992,Janošek
250993,Martegani Guddi
250994,Jeno Lazăr
250997,Jin Yonghao
250998,Sparrow Susman
251001,Campos Costa Bouneb
251002,Serhiienko Coello Camarero
251006,Jens Martin Sandler
251011,Kerem
251016,Targett Ahumada
251025,Kyprianou
251028,Kouache Peng X.L
251030,Alfaro Azevedo Coyle
251034,InJae Perić
251036,Malachi Ainsley
251045,Toma Popović
251052,Coruche Mendes Møller
251057,Nizamdin Vâlceanu
251076,Adrià Zimling
251090,El Ouarti Hernandez
251091,Holzer Al Eissa
251104,TaeWook Kangwena
251105,De Bruyne Jiteshwor
251107,Adryan Juliano Lagoas Regalo
251110,Vardy
251111,Fanuel
251112,Hlongwane
251116,Tareq Heras
251118,Eklund
251132,Esma Pearse
251134,Esthefanny Zhang Chengdong
251136,Hetemaj Miguel Ángel Brau
251138,Etete Pappoe
251143,Chiricheș Charlene
251156,Adrián Diéguez Bermejo Lillo
251161,Chicaiza
251165,Tamm Sabater
251167,Sanjit Qi-chen
251168,Narciso Moi Delgado
251170,Képler Laveran Sepúlveda
251176,Rubina Sen
251178,Tanti González Gutiérrez
251187,Paudie Drahoslav
251189,Sánchez Romero Shepherd
251191,Javi Rodríguez Almaz
251198,Einarsdóttir Seo-hyeon
251201,Kochergin Arnau Martínez
251219,Dani Olmo Bulut
251223,Raiee Pantelis
251225,Caín Ezechiel
251229,Kapacak Wassim
251230,Jong Mu Guilder
251235,Andrew Dossena
251236,Andrew Cordea
251243,Marcos Vinícius Khalil
251247,Justin-Noël Toshi
251260,Björkander Knaak
251262,Barman Badr
251264,Haithem Herath
251272,Francisco R.
251275,Kovačić Jiegei
251276,Nderim Alexandersson
251281,Sonia Majarín Kratochvíl
251283,Riyad Bukhari
251284,Jézéquel Søren
251285,Nallo Sánchez Sánchez
251287,Estupiñán Nigg
251288,J. Alcocer Mather
251289,Sólbjørn Kanvar
251291,Darja
251292,Ferrario Kaishū
251294,Goure
251298,Nuytinck H.Akbunar
251306,Adaramola Punam
251309,Browne Shuma
251311,Kevin Carlos Li Yuefeng
251312,Isnairo Reis Arlauskis
251313,Roxane Kuipers
251320,Marta Carrasco Reet
251325,Maiti McCleary
251335,Vitor Meer Corbett
251337,Zajac
251339,Gera Cavidan
251341,Mamah Akshay
251342,Belloumi Patrizi
251343,Yohanes Zhifeng
251346,Jihyun Mangal
251349,Sánchez Romero Bada
251352,Isolde Sartzetakis
251353,Ki Kruska
251356,Namita Torgeir
251373,Julia Bartel Khadagid
251377,Rayamajhi Wójtowicz
251380,Lee Kang Hyeon Bradbury
251381,Philippe Paulin Karamoko
251385,Sithole Maclaren
251392,Tanti Knox
251401,Storm Corbett
251405,Kartum E. Militão
251411,Kael Skjønsberg
251412,Schuler Vered
251416,Rares Seámus
251417,Elżbieta Hikaru
251420,Thorhallsson Figueira de Freitas
251421,Branislav Jepsen
251427,Jaehun Rajakumar
251429,Estupiñán Korenica
251431,Marlon Gomes Macek
251433,Belec Vadym
251439,Talaslahti Sólbjørn
251440,Lluís Sadou
251446,Elias Sebastian McSweeney
251451,Florián José Pedro
251454,Reven Tafazolli
251456,Seger V. Guaita
251464,Huntington Tosun
251466,Sólbjørn Torres
251469,Padam
251470,Chalida Darmian
251479,Marshall Dariusz
251482,Chinta Kenta
251483,Vincent Kompany
251489,Vinicius Cardenha Justin
251497,Okay Dennis
251499,Sólbjørn Rogério
251516,Oduah Ashby
251517,Joško Gvardiol
251519,Jager Hoelgebaum Pereira
251521,Naira Hoby
251522,Jeno Heghine
251528,Wustinger Rönning
251530,Ngouali
251532,Mbali Efe-Kaan
251534,Eduardo Kau
251537,Gabriel Tigrão Lódico
251545,Dani Cárdenas Cho Soo Hyuk
251547,Daniella Saipi
251555,Jihyun Duong
251560,Bianneider Mesías
251566,Frey
251570,Rayan Cherki
251575,Ally Sachin
251580,Sanduni
251586,Wearne
251590,Lazăr Rajak
251592,Sveinsson Sulejmani
251595,Nascimento Galeno Drasković
251596,Amane Romay
251599,Ramesabhai
251603,Kartum Pedro Henrique
251610,Magunazelaia
251613,Johnen Cuiza
251615,Fitzwater
251616,Danielle
251617,Arlo Gebre
251621,Prados Shafraz
251626,Mehmeti Yuri
251629,Josué Limberth Liao Rongxiang
251633,McEachran Sevnik
251634,Dzavad Ferraresso Scheda
251642,Mahamadou
251646,Jaemin Papeau
251647,Bruno Langa
251651,Liuyu Valerio
251652,Amira Mujanic
251658,Narry Hamasa
251660,Abdülkerim Al Raheb
251662,Allardice Carole
251681,Mahmud Safiq
251686,Dadge Farrell
251688,Estupiñán Golob
251690,Isnairo Reis Rigg
251694,Ellertsson Sancero
251699,Mariana Cerro Guerreyro
251703,Jin Hong Borgueray
251707,Mahamé Caymara
251709,Jhonathan Doriado
251711,Kartum Sariguez
251720,Rayamajhi Mandive
251721,Atom Delanie
251722,Abner Felipe Celin
251723,Petro Besselink
251724,Strujic Agbonlahor
251725,Stroh-Engel Attiat-Allah
251727,Hackford Besra
251732,Rachelle Mshengu
251733,Onishi Mubarak
251737,Ivo Rodrigues Maeng Seong Ung
251738,Lundström Cejas
251739,Uğur Bonds
251742,Fueyo Chancalay
251743,Adniellyson Geng X.F.
251744,Abisola Gomes Fernandes
251745,Chaejun Ona Baradad
251746,Puntigam JaeSuk
251747,Anyiver Kauranen
251748,Diao Diaoune Bai
251752,Lisa Chatterjee
251754,Rouault Karla
251756,Purce Neves Filipe
251760,Marcos Paulo Rodin
251762,Rothe Efe-Kaan
251764,Dabó McGeady
251769,Gaxha Calavera Espinach
251773,Liuyu Reis Lima
251777,Ichizo Perez Guedes
251779,Frendrup Debeljuh
251781,Qasim O'Dowda
251800,Tianxiang Akram
251804,Santi Comesaña Delfor
251805,Jurriën Timber
251806,Poew Taina
251809,Sonia Majarín Borna
251810,Brayann Bretschneider
251812,Boumaaoui Kapllani
251819,Jihyun Nacho
251823,Sun M.H. Sudha
251828,Efraim Mattila
251829,Pua Harrack
251830,Dehler Gyeong Min
251834,Jeong Tae Wook Tanikawa
251835,JinHyuk C.Tárrega
251841,Johnny Cardoso Xhepa
251842,Malkolm Nilsson Zima
251845,Acerete Pañeda Fishel
251847,Ozan Tufan
251848,Rares Miguel Ângelo
251851,Bowler Felix
251852,Kadıoğlu Adim
251854,Pedri
251855,Vaz Sullivan
251870,Johansson C. Awaziem
251873,Won Dean
251878,Ferreira Gomes Bondarenko
251880,Zimarino Bagdasarian
251891,Lita
251892,Bertagnoli
251894,Schwabe
251895,Sayuri Adilson Mendes
251902,Ethem Zamble
251905,Martegani Vinogradov
251906,Rosamund Akshit
251908,Nu Ugarković
251910,Reilly Mario Martín
251911,Makarova Nicolò
251915,Abril Sanz Lô
251917,Jin Hong Marrufo
251920,Andreea Mazzeo
251922,Shane
251924,Muteb.M Zohoré
251926,Pérez del Mármol Myung Joo
251927,Gerada Fabrizio
251932,Liu Zhurun Cuppone
251942,Copeland
251951,Mahamé Choi Ye Hoon
251953,Lirim Pandolfi
251954,Coulibaly Sofia Silva
251961,Quanbo Pataki
251977,Unai Ropero Pessoa Vidigal
251979,Lato Maioli da Silva
251981,Mario González Hluschenko
251988,Andreea Clementina
251994,Tabea
251995,Joana M.
252000,Dinkçi Bowen
252001,Jesús Bueno Orestis
252008,Imada Raffaella
252011,Darbion Mateus Lusuardi
252014,Hase Blom
252016,Defendi Vance
252017,Fernandez-Pardo Daniliuc
252018,Justine Patri Gavira
252021,Säfqvist DS
252025,Kholov Kielland
252027,Assou-Ekotto Vala
252029,Josué Limberth Rhiain
252030,Berta Pujadas Fagerberg
252031,Ferrario Haofeng
252033,Tarigan
252036,Mwiche Clemente
252037,Francisco Moura
252038,Rejepova
252042,João Pedro
252053,Famara Tayyip
252059,Rosenthal Abdulla
252060,Tarapu Pelo
252064,Kubilay Ko Myeong Seok
252066,Fellaini Ayrton
252067,García Alvear Haikin
252073,Fei Ernanduo Bi
252074,Ahadme Redes
252078,Rubina Liisa
252079,Maguire
252082,Chalobah Bruera
252083,Dodi
252084,Majecki
252088,Saddiki
252096,N'Mai Haugan
252108,Anselmino Aisseta
252121,Marney Da Luz
252123,Alejandra Bernabé Arango
252125,Jerónimo Codreanu
252134,Lanh Chugui
252137,Maiti Enith
252139,Fejzullahu
252140,Nuryagdy Candia
252143,Dakarai
252144,Dzsudzsák
252145,Nuno Mendes
252146,Fleming
252148,Tampucci Chisola
252154,Marco Carnesecchi
252162,Ay Tian Yong
252164,Jano Monserrate Puja
252168,McLaren Brenão Duarte
252169,Sándor Lola
252179,J. Alfaro Malá
252181,Hjulsager
252183,Hocking Touzghar
252192,Ahadme Kuechler
252193,Pseftis Rincón
252198,Kim Tae Hyeon
252205,Sánchez Rey Przemyslaw
252208,Popov Wędrychowski
252223,Aleksander Opa
252225,Kolbrún Kolář
252231,Laszlo Morocho
252238,Alain Tsalani
252239,Lisa Gil Pareja
252240,Alain Sibeso
252251,Sólbjørn Nuray
252252,Owusu-Abeyie Kilman
252259,Elma Melek
252261,Gísladóttir Akujobi
252263,Nartey Kraus
252268,Richárd Renato I.
252278,Kelati
252281,Fran Vieites Bednarek
252284,SeongJin
252290,Rothe Engels
252293,Illia Jędrzejczyk
252305,Calem Ermin
252308,Alibeyova Al Mehalel
252313,Malkolm Nilsson Male 2
252315,Antonio Gomis Camargo
252316,Hellen Ebonog
252317,Daniella N. Eizagirre
252320,Oscar Luigi
252324,Ramy
252326,Johnny Cardoso Rudoni
252327,Mahamadou
252330,Rioja Bum Soo
252333,Rares Matras
252339,Tabatadze
252371,Jude Bellingham
252376,Jackie Khatuna
252379,Isnairo Reis Bunbury
252382,Jann-Fiete Borikó Saká
252383,Pu Yabanda
252385,Jaehun Soosaar
252386,Karunaratne
252410,Etete M. Llompart
252416,Dion Lima
252427,Jeong Min Ki
252428,Kembolo
252432,Ly
252435,Jihyun Aursnes
252440,Mroziński Yeva
252442,Elkær De Smet
252448,J. Cuellar Lay
252456,Capezzi Key
252466,Delmas Boruc
252468,Al Hajri Tehe
252470,Marcos Moral
252476,Jubril Okedina
252477,Jill Nuria Mendoza
252483,Algassime Docherty
252485,Rubina Nino
252487,Tymoshenko Nova
252488,Kearney S. Cazorla
252489,Maiti Jácome da Silva
252494,Fei Ernanduo Soulemayne
252495,J. Alfaro Justin
252505,Iorgos González Lombídez
252506,Juan Luis Shaiha
252508,Juan Luis Klich
252509,Maikel Mesa Valverde
252512,Anto Rhosyn
252516,Chaplow
252517,Charbel
252526,Danel MacCall
252527,Maiti Bueno Áñez
252541,Jiamin Chikro
252544,Lawlor Maxwel
252547,Ramos Narváez Adel
252549,Jae Yong Bijoy
252552,Kim Jun Bum Thufa
252555,Mario García Sho
252567,Shour Alexia Putellas
252571,Lazăr Shahruddin
252572,Zappacosta Kortajarena
252573,Aleksa Svenja
252574,Desábato Ziereis
252577,Joan García
252580,Owusu-Oduro Moilwa
252587,Remi Damor
252590,Farangis
252592,Ander Herrera Bakhat
252596,Adaramola Sandler
252598,Santana de Moraes
252599,Rouault Ruzanna
252643,Osei Bonsu
252658,Bacharach
252662,Keinan
252675,Jizz Daophongsa
252695,Kartum Pipo
252697,Ji Gang Jubal
252698,Ji Eun Cordeia Damasco
252699,Lunde Foley
252700,Julia Bartel Tendekayi
252704,Maiti Roque Ferreira
252710,Rajani Stajduhar
252711,Alibeyova Abdourahmane
252730,Reven Sequeira
252736,Holzman Alibeyova
252737,Perera Plasencia Roca Junqué
252746,Coruche Mendes Cassano
252753,Arboleda João Tomé
252754,Jihyun Herrmann
252758,Dara Delpupo
252773,Jihyun Gomulka
252783,Kolbrún Azzaro
252789,Ristić N.Gahlot
252793,Sulejmani Hakon
252794,Aduamah
252796,MinJun Vickery
252799,Stroscio Zaremba
252802,Vignola Serge-Junior M.
252804,Raschl Hinojoza
252807,Shetty Di Natale
252810,Lee Soo Bin
252835,Godfrey Hicham
252837,Nam Ung
252846,Elvius Wang Yi
252858,Dženan Steele
252859,Latifa Ferkolj
252861,Simao B. Ritter
252864,Beqir
252865,Hyeon Deok
252866,Carlos Mendes Gomes
252872,M. Ochoa Al Dossary
252873,Andújar Andreas Eines
252878,Raja Sulejmani
252883,Hancock Kovtun
252897,Caitlin Puerta
252898,Ephraim Reven
252902,McGeouch Slavík
252903,Schneiderlin Apostol
252909,Antonio Molina
252911,Taimi Sala Herrero
252913,Owena
252917,Waidner Kamanzi
252927,Marcinkowski Bermet
252929,Bopha
252931,Lloris Nicolás Infante
252935,Lato Farrell
252936,Alfaro Azevedo Fernández Estrada
252937,Wang Q. Gamarra
252942,Garay Borchers
252943,Pujol
252952,Keipidile
252960,Iker Benito J.Figueiredo
252961,Storm Najemski
252964,Frieser Xhevdet
252966,Hwang Jae Hwan
252967,Naljit Bekim
252970,Aritz Elustondo
252974,Radosavljevic Pedro Henrique
252975,Borza Teleri
252990,Jorman Haugan
252996,Pranciskus Arace
252999,Trinko Wu W.
253001,Alibeyova Al Rashidi
253002,Gaxha Pérez Vinlöf
253004,Anteneh
253010,Aimar Oroz Scheidegger
253012,L. Ramazani Milos
253013,Isolde Bentley
253019,Mario D. Brophy
253024,García Alvear Silje
253031,Dávila Trapanovski
253034,Deng Berenguer Remiro
253035,Aiban Dinesh
253036,Mutinta Martínez Dupuy
253039,Miovski Kim Hyeon Deok
253041,Jean-Lambert Evan's
253052,Imamović Juan Iglesias
253054,Hammarlund Guo H.
253055,Iker Aldai Jesús López
253057,Wynn Soonsup-Bell
253061,Brayann Raúl De Tomás
253064,Solongo Seres
253065,Petratos Serdar Aziz
253071,Flavia Teuchy
253072,Dani Sánchez Niflore
253073,Jiegei Noshe
253074,Gheorghiu Kouyate
253076,Politidis Nypan
253079,Mbassey Sebastião Erick
253094,Cham Marvan
253102,Adirizak Aoyama
253104,Hugo Alberto Christa
253106,Talia Riso Cardenas
253109,Jeon Yong Jun Trpcevski
253110,J. Godinez Yordi
253111,Noor María Valle
253113,Vilches Tsige
253114,Kouamé Sebastian S.
253120,Belghali Kim Hyeong Jin
253121,Imamović Shuma
253122,Amane Dambelleh Danso
253124,Margherita
253130,Rarmani
253133,Adrià Bayron
253135,Frendrup Ferran
253136,Gazzolo McEwan
253139,Ryuki Pau Torres
253146,Juliën
253149,Janga Formido Paiva
253150,Medley Tette
253152,Trujillo Ementa
253153,Rouault Son Jun Ho
253157,He Y.P. Bosmans
253162,Habeeb Nana
253163,Relebohile Araphat
253167,Franco Emanuel
253170,Attah Sosa Vivaldi
253171,Laszlo O'Connor
253173,Johnen Paolo
253175,Linyan
253177,Wojtuszek Montaña
253181,Aitu Teagan
253193,Jairzinho Aníbal
253198,Osambela
253202,Koukou
253207,Abdurahman Al Nashri
253211,Gijselhart Correia da Silva
253213,Gentner Kowalski
253216,Adu-Adjei
253219,Yang Yun
253220,Efe Dasa
253223,Jarkko Pol Moreno
253225,Abduhelil Osmanjan Strootman
253233,Alain Raúl De Tomás
253238,Jin Hong Calvo Sanromán
253239,Markiewicz Engelman
253240,Ings Flagellat
253241,Rayamajhi Bogarín
253242,Adu-Adjei Mantilla Pérez
253245,Jae Moon Bustillo
253246,Rayamajhi Fernández Cedrés
253249,Jin Hong Ferran
253250,Ravych Quiñones
253251,Ji Sung Min Kyung
253255,Samanta Lentinelly
253257,Samanta Cuiza
253261,Flagellat Reis Lima
253264,Ahadme Nito Carbelho
253271,Sánchez Farres Cao Y.J.
253275,Jano Monserrate Tere
253276,Rayamajhi Abbiati
253278,Elma Mantilla Pérez
253281,Ahadme Camilla
253283,Eugen Palombo
253284,Esma Busquets
253285,Ahadme Álvarez Wallace
253287,Frendrup Nachon
253289,Grünwald Corujo
253290,Markiewicz Viña
253292,Sánchez Farres Troost-Ekong
253293,Brayann Nito Carbelho
253294,Aritz Morrow
253296,Mariana Cerro Krygård
253304,Nanasi Farrell
253306,Mahamé Tiare
253322,Laufey Pol Lozano
253327,J. Varane Conde
253328,Carabalí Araz
253341,Raja Saleh
253344,Liuyu Samira
253345,Jaritz Souprayen
253350,Lato Quintana Navarro
253354,Haug Fuzato
253361,Andújar Lothar
253364,Jakac Celtik
253366,Groenen Conrado
253374,Einar Bojana
253376,Tarasenko Sigurðardóttir
253378,Tomás Ribeiro
253384,Ceccarelli Hudson
253385,Fairchild Usman
253386,Jihyun Fernández Cózar
253389,Jermein Paryzek
253396,Gera
253399,Nu Dương
253403,Páez
253407,Rouault Goiginger
253409,Gcinile Leka
253416,Quijada
253417,Lopes Villa
253418,Lluís Saiekh
253421,Justen Lakin
253428,Vallet Jabbie
253433,Fankhauser Ayson
253435,Laia Aleixandri
253436,Ona Batlle
253440,Ayensa Waghmare
253441,Augusto M. Costa Hannesson
253442,Estupiñán Young Eun
253444,Armine Jungmin
253445,Makan Winkle Humphreys
253447,Lo'eau Dragović
253460,Raphaël Messi Bouli
253461,Lo'eau Crespo Prieto
253463,Byungkwan Bakenga
253464,Machado Ganchas Howley
253465,Sun Q.H. Mawar
253469,Zavaleta Darek
253472,Elżbieta Jules
253473,Rubén Alves Raisa
253474,Nartey Suero Fernández
253475,Maïwen Oroz
253476,Dawe Storey
253478,Prevost Alibeyova
253479,Leno Claudette
253490,Dani García Widell
253491,Matthis Hugo G.
253502,Jeannot Serdar
253505,Prifti Praveen
253508,Jagdish
253509,Shungudzemwoyo Daniel Azevedo
253510,Izzy Niha
253516,Yalcouyé
253518,Leart
253522,Liuyu P. Santos
253537,Bushra Carvalho Melo
253538,Liuyu Deaconu
253549,Kartum Pletikosa
253568,Lato Calixte Paul
253573,Desábato Muñoz León
253574,Carabalí Matthew
253579,Dykes Tchato
253583,Renan Lorenzo Milazar Coimbra
253586,Gaynor Choi
253590,Desábato Osio
253602,Alcedo Serrano Fotini
253612,Richet Guga Rodrigues
253617,Miguel Berry Ulariaga
253619,Manon Thuy
253628,Immanuel Engelman
253629,Radev Sheng
253636,Pack Fumaça Mascarenhas
253637,Jariatou Gruev
253669,Anzhelika Alibeyova
253670,Gajdos Bondo
253672,Arribas Calvo Serdar
253688,McQueenie Pergreffi
253693,Coda Neto Volpi
253694,Chairon M.Marius
253697,Romeu SukJu
253701,Anwar Koo Ja Ryong
253704,Ashok Prigent
253708,Nathalie Matheus Índio
253712,Kunava Provedel
253713,Lato Ranftl
253714,Rubina Balde
253718,Hunziker Puja
253722,Princeton Quinto
253724,Kingslee Farkas
253726,Amo Puljic
253727,Lobinger Piedfort
253735,Antun
253741,Portugues Manzanera Bakiyev
253752,Kochergin Periera
253753,Frendrup Perilli
253755,Talles Magno
253758,McQueenie Leszczyński
253760,Dani Olmo Petitjean
253772,Garro Baribo
253791,Costa Carvalho Tremolada
253793,Jano Monserrate Pogarch
253809,El Hankouri Gularte
253816,Chinta Larotonda
253824,Daniella Ndinelao
253828,Rasmijn Ferrand
253842,Giancarlo Schiavone
253847,Veiko Agustin
253861,Manon Fathimath
253867,Lato Ferrand
253874,Jin Hong Zevallos
253878,Dzhumalieva Fereira
253886,Johanne Adami
253895,Rares Haugan
253902,N'Mai C. Clerc
253907,Targett Farrell
253908,Marney Luna Diale
253911,Dajaku Romario I.
253919,Janin Davaajargal
253943,Remi Boun
253949,Raiee Gjasula
253951,Flagellat Cadhla
253953,Gagik Gil Pareja
253955,Gülstorff
253966,Hjörtur
253967,Sokołowska
253969,Laszlo Hellström
253970,Coco Bassey Oubiña Barkisu
253974,Salomoni Rashid
253980,Jefre Park Bae Jong
254003,Arai
254005,Zdebel
254022,Nalani Violeta
254032,JinSeong Carlos Mané
254038,JinHyuk Castelló Oliver
254039,Ji Jiabao Alcaraz
254048,Eugen Vangsgaard
254055,Liuyu Awoniyi
254062,Kartum Mendis
254064,Jonjić Havard
254065,Cupido Gonçalves Menacho
254067,Andrade Lima Jonjić
254069,Djorkaeff Reasco
254075,Lafleur Sneddon
254084,El Ouarti Kimmich
254088,Aman
254092,Hemmings Provedel
254094,Fairchild Bolger
254099,Cardoso
254111,Fisk Chaverra
254113,Chantrea Callan
254117,Marta Carrasco Becho
254120,Tarasenko Domenech
254121,Cham Correia
254131,Markiewicz Merino Gonzalez
254135,Jeno Vicent
254136,Eggestein Josué Chiamulera
254138,Marrugo Marco Moreno
254142,Jeno Begmedova
254143,Mummert Paulo Azzi
254148,Oung Vlasenko
254158,Karina Masego
254172,Groenen Topić
254173,Raja Mendes Mendes
254176,Alebiosu Debrah
254184,Carabajal Di
254185,Carabalí Gamarra
254188,Vanita Stokes
254204,Oriol Busquets Rafia
254206,Alexandria Alvyn Antonio
254210,Gojani Ancheta
254211,Jaritz Engelman
254220,Liuyu Hug
254225,Andrade Zanon
254228,Odelia Rossiter
254230,Rogombé Abdullai
254238,Browne Candia
254243,Einar Andrade Lima
254244,Nabil Touaizi
254245,Tait Baz
254247,Mireia Masegur Mickel
254252,Mickel Hacène
254254,Hamdy Fathy
254262,Y.Emre Davidsen
254265,Fernández Velasco Peter Vindahl
254267,Barraza Beto da Silva
254273,Alfaro Azevedo Beckford
254275,Sulejmani Senada
254276,Eliza Z Hawsawi
254289,Tae Yoon Căpușă
254294,Diogo Monteiro Xiaofeng
254296,Kagiso Wędrychowski
254297,Wu Chengshu Guilherme Biro
254307,Odion Sery
254309,Jens Martin Natacha
254310,Flamur
254315,Leblanc Saynab
254317,Choi Kyu Baek Branislav
254327,Muthu Noelle
254328,Lima Cardoso Misehouy
254333,Ajani Halil
254361,Ings Ugrinic
254373,Jahoda Arbilla Zabala
254374,McLaren Aucca
254375,Dajaku Reeves
254401,Raiee F. Martínez
254403,Amalfitano Maxsø
254409,Fisk Raúl De Tomás
254436,Ji Sung O'Nien
254446,Coruche Mendes Si Woo
254448,McLaren Parrales
254449,Bushra Omsberg
254469,UEL Draw Grinkov
254470,Lo'eau Sólbjørn
254480,Lee Kang Hyeon E. Curbelo
254482,Rajkumar Jesús López
254492,Suleymanov Godwin-Malife
254496,Coda Godfrey
254501,Pape Meïssa B. Schelotto
254502,Simao B. Thibo
254503,Anto Delaney
254507,Mahadev
254513,Caqueret Embaló
254514,Kartum Hovsepian
254518,Adaramola Park Sang Jun
254522,Viktória Fikile
254525,Oroian Gouras
254529,Cladwyk Donald
254541,Monserrate Pueyo José Gragera
254548,Matys Baraka
254551,García Blanes Medin
254556,Kramo Neves Bessa
254564,Imtiaz Gil Pareja
254566,Oumar Villalba
254578,Daniella Awoniyi
254579,Lisa Cyril
254585,Jonson Omsberg
254588,Bianneider Kjartansson
254601,Gagik Nuria Rábano
254618,Eugen Sen
254623,Jelínek Piquerez
254628,Nanasi Raúl De Tomás
254634,Zebiniso Haugan
254637,Mugeese Naalsund
254638,Samad Samart
254653,Markiewicz Arezo
254660,J. Godinez Sánchez de Felipe
254662,Esanu Haller
254672,Maikel Mesa Gorai
254678,Grande Sánchez Paiva
254680,Wanyika Oisín
254685,Mwanajuma Bouchenna
254692,Dunne Clavijo Encinar
254695,Flagellat Huda
254698,Marlon Lourival Morillo
254703,Niemiec Generic 2
254714,Johanne Enggård
254719,Chun So Nicholas
254750,Boya Seung Hoon
254752,Shiloh Habib
254754,Farnias Almeida Bengono
254760,Malek Arturo Inálcio
254774,Jae Moon Diogo Travassos
254786,Athekame
254787,Pantalon
254789,Sonia Majarín Meara
254792,Midtskogen Al Julaydan
254796,Neghli Luís Filipe
254800,Negri Al Obud
254803,Sandoval Kushtrim
254804,Tambudzai R. Schunke
254807,Kotsiras B.Fernandes
254810,Reven Luis Rioja
254817,Marta Carro Arase
254819,Juan Luis Tiwari
254820,Daphne Khushal
254822,Finne Theiner
254824,Paghera
254831,Browne Lefebvre
254833,Seiji Kenji
254838,Jihyun Dante Bonfim
254840,Siwe Pa
254841,Kangwa Kurokawa
254858,Chinta Saborit
254859,Alex McKinley
254860,Tongarbayev
254871,Lamara
254887,Jelena Obolskii
254890,Hocking Reeves
254894,Lato
254899,Emőke Oggesen
254905,I.Mahnashi Trivellato
254909,Odelia Djoco
254910,Sudama Rony
254913,Coventry
254914,Giorgadze
254925,Jihyun Mailson
254928,Barrachina Diloy Flannery
254940,Raja Spenhay
254941,Liuyu Carrascal
254951,L. Ramazani Robertsen
254952,Isidro Pitta
254962,Donachie Caio Bruno
254980,Seol Young Woo
254982,McGivern Adriano Firmino
254989,Ben Hamed Gazzolo
254994,Mesake Susoho Sissoho
254996,Sánchez Rodríguez Trevitt
255000,Suzana Michiel
255001,Nandha Ribeiro Tomé
255002,Ouotro Samson Okikiola
255008,UEL Draw Perišić
255009,Karadas Sulejmani
255010,Mpanzu Zhang
255014,Sun Minghim Barrea
255015,Marsden Rangi
255033,Draw Character 3 Märten
255035,Chi Zhongguo
255036,Pyke Krauße
255039,Stein Neto Monteiro
255043,Dani Tasende Di Maio
255049,Abubakar Nkrumah
255069,Nam
255072,Samad Moss
255074,Arseni Boiro
255082,Alexis Albino Giovanni
255094,Willan Zajmi
255098,Jin Hong Candia
255105,Hélder Costa Schroeder
255106,Links Bacca
255109,Daniella Tagobe
255110,Haruka Karoline
255120,Nealis Karaca
255123,Adu-Adjei Mantilla Pérez
255125,Azizbek Okagbue
255134,Alain Bengono
255136,Strand Bautista
255137,Jin Hong Cholpon
255140,Olivia
255141,Simen Vidtun Nassir
255144,Radunović O. Mingueza
255145,Aida Esteve Minissale
255150,Nanni Nazon
255151,Seok Ho Nagalo
255154,Boatwright Melita
255158,Jokin
255169,Ji Sung Quirós
255177,Steeve Anwen
255185,Winter Sondre Fosnæss
255196,J. Cuellar Jakoliš
255197,Nanasi Mina
255205,Samad Benussi
255206,Jae Yong Silva Reisinho
255210,Anis Ben Señé Escudero
255211,Sim Tshekedi
255216,Emilio Luoa
255217,Ferreira Matos Milinković-Savić
255223,Amoroso Adouko
255233,Tareq Somers
255239,Lalthanmawia
255241,Antonaldo Laforte Clau Mendes
255245,Chibwe
255247,Andriano Dossevi
255253,Vitinha
255256,Flagellat Ortiz Bernat
255257,Joelson Fernandes
255258,Zeca
255265,Jesús Bueno Paramjit
255266,Nink Nazario Serpe
255268,Jadson José
255272,Kartum Ortiz Bernat
255273,Marlon Lourival Pavils
255275,Mehmeti Héber
255293,Timoteo Samuel Guillemenot
255297,Kellan
255303,Efe-Kaan Cancellieri
255310,Latka Okuma
255312,Salomoni Bamasoud
255314,Park Jun Beom Kenzhebekova
255319,Jarju Camberos
255329,Keidi Bare
255333,Markiewicz Pipo
255335,Iván Martín Mandas
255337,Riyad Jeong Seung Bae
255339,Jaehun N'Mai
255340,El Shamy Mantilla Pérez
255341,Oliveira de Araujo G. Ochoa
255343,Oung Harder
255347,Oumar McAteer
255348,Gaynor Facchineri
255352,Firas Levy
255360,Mario García G. González
255361,Calico Maughan
255368,Mwanajuma Al Abdulmunem
255369,Midtskogen Manami
255373,Brodrick Barticciotto
255378,Ashin Bakary
255386,Targett Emrah
255398,Lewin
255399,Lafleur Duan Liuyu
255400,Antonaldo V. Storch
255406,Jadel
255409,Robin Bouvet
255411,Brož Doruk
255414,Daniella Samiec-Talar
255415,Jackie Le Cardinal
255416,Dajaku Gil Pareja
255420,Eltildo Lucas Kaabi
255431,Marlon Lourival C. Franco
255434,Jonjo Eli
255436,Lisa Rudoni
255446,Zaya Blindkilde Brown
255449,Ina McArdle
255454,Calvin Cirkin
255457,McLaren Muñoz León
255459,Alexandria Bergstrom
255460,Isolde Nyota
255461,Bannan
255464,Senwen Nele
255468,Inma
255471,Ureña García
255472,Paciência
255474,Mallika Haregewoin
255475,Antonsson
255487,Shapira Bellemo
255500,Sandy
255518,Keller
255519,Lalchungnunga
255520,Jefferson Tavares
255525,Jong Mu Kyu hyun
255529,Eddrico Tehe
255533,Williamson Myron
255536,Nartey Gaspar Campos
255540,Jesus Andradaldo Artur
255541,La Rocca Rezart
255553,Kouman
255554,Jorge
255557,Kochalski Tamboura
255558,El-Hadary Batuhan
255561,Jihyun Ding H.F.
255562,Fei Ernanduo Sirois
255565,K. Sibo Metinho
255566,Rubén Pérez
255569,Feng Boxuan Chaouat
255572,Matz
255573,Sindermann Vermeiren
255579,Williams Ntambue Edgar Pujol
255580,Gaxha Placheta
255590,Sudarat Samuel James
255594,Kika Nazareth Rong
255597,Chaoyang
255605,Haigh Carvalho Melo
255607,Jardine Mirari
255611,Dajaku Maanum
255621,Darboe Renat
255628,Saurabh F. Machado
255632,Wang J.
255634,García Gómez Tomasz
255637,Ali Calvé
255639,Yackson Ranftl
255654,Paudie Junseo
255686,Diogo Oliveira
255687,Daniella Yazğılı
255699,Emanuel Jeannin
255700,Alex Taka
255703,Lo'eau Lachowicz
255718,Pujin Shoola
255730,Tabak Furaha
255738,Viiding William
255742,Raebiger Hallam
255750,Delvin Alhassane
255754,Veerman
255760,Barnett Veljković
255767,Mickel Tehe
255772,Riyad Pápai
255773,Nanasi Shore
255776,J. Alfaro Ju Hun
255779,Juan Luis Chiatti
255781,Rai Pablo
255785,John-Joe Podlech
255786,Sánchez Farres Borbas
255789,Seok Ho Simmons
255798,Jano Monserrate Romelu
255812,Jeong Chi In Kyan
255817,Durdiyeva Matras
255824,García Alvear Callan
255827,Puygrenier Turkka
255835,Kyrychenko Kysha
255836,Mabika Akua
255837,Mpmekelelo Al Sahaf
255838,M. Benitez Mwangata
255839,J. Pulido Antoche
255850,Stefán Teitur Hall
255854,Olonga
255855,Robberechts Minda
255866,Desábato Farrell
255867,Yeiber Monique
255868,Harvey
255873,Gijselhart Pipo
255876,Alhaji Tengstedt
255878,Gagik Mannion
255879,Manon Farrell
255881,Zague Valerio
255891,Blazquez Zięba
255894,Johansson Mirari
255900,Ndong Théophile-Catherine
255913,García Alvear Sören
255917,Goh Young Jun
255919,Ana Seiça
255920,Ings Scarpeta
255925,Ryuki Milenković
255928,Midtskogen Didac
255930,Belec Gabriel P.
255934,Jager Nyhammer
255936,Rui Patrício Sjøkvist
255940,Ruibal Moskvin
255944,Lluís Soza
255949,Zamble Bengono
255952,Aldaír Ferreira Pipo
255956,Jens Martin Velde
255962,Qui-li Cuiza
255969,Asma Al Habib
255971,Ryuki He G.
255976,Nu Dolores Isabel
255980,Jaesang Juan Francisco
255981,Yeerjieti Sondre Fosnæss
255989,Ji Sung C. Espí
256002,Jaggy Mikos
256008,Mimoza
256024,Nazma Stassin
256033,Elba Vergés Tauer
256035,Jurado de la Torre Soares Dantas
256036,Andrijašević Bakker
256040,Hassan Halsti
256042,El Arouch Haugan
256044,Paco Cortés
256047,Chiricheș Loft
256051,Maiken Niflore
256053,Jeong Tae Wook Pillud
256058,Oliwier
256065,Maddi Torre Kabadayi
256072,Liuyu Paryzek
256079,Moisés Caicedo
256080,Granaas
256082,Lisa Lennart
256094,Enríquez Rodríguez Carolina Mendes
256095,Paras Minna
256097,Jadsinho Mei
256098,Raja Lake
256100,Raimundo
256102,Joelinton Shahsat
256104,Strand Svetlana
256107,Allahyar Jere
256110,Isnairo Reis Seung Ho
256115,L.Zogbe Rouvière
256118,Wang Shangyuan Kani
256119,El Hilali Yiran
256127,Vilaça Teixeira Byong Jun
256130,F. Cardoso Abdourahmane
256136,Eugen Tayyip
256145,Fallenius Y.Jenssen
256149,Hocking Mantilla Pérez
256152,Auli Nuding
256156,Rayamajhi Mir
256159,Lisa Sanseviero
256161,Miguel Berry Puja
256162,Alfaro Azevedo Ugrinic
256164,Thorat Seong Jin
256184,Oswaldo Tongagara
256189,Ben Hamed Reeves
256194,Ounahi De Menses
256196,Willian Pacho
256197,Piero Hincapié
256199,Anto Tomás Händel
256214,Geraldes Denechandra
256215,Mario Sesé Paluszek
256216,Eldin Liao Chengjian
256222,Léonard Jamie-Lee
256229,J. Godinez R. Machado
256232,Kurkawa Wang Yaopeng
256252,Orzala
256261,MacKeith Sánchez Ponce
256268,Aritz Bri Carrazoni
256271,Alexis Corrado
256281,Kean Feng Zhuoyi
256282,Kailash Portales Nieto
256287,Eugen F. Romero
256292,J. Godinez Sallói
256296,Pedro Neto Koli
256297,Chiricheș Schepp
256298,Kartum Fatu
256302,Ainhoa M.
256303,Sbaï
256305,Latifa Audrey
256307,Lirim Olaigbe
256308,Andreea Oroz Huarte
256314,Galani Ognjen
256324,Jabou Carissoni
256325,Jiménez Delgado Zięba
256326,P. Franco Abubakar
256331,Montoya Al Haidari
256341,Firpo Adamés
256344,Guilherme Bissoli
256358,Izzy Gabriel Davi
256366,Wynn Gene
256370,Grivosti Liu Yixin
256376,Famara J. Alcalde
256380,André Luiz Bohdan
256383,Samad Tedi
256384,Iker Losada Ana De Teresa
256392,Altamirano Korey
256396,Seiça Kotaro
256397,Iker Bravo Morojele
256398,Ortuño Birah
256402,Carabalí Albrecht
256406,Targett Laila
256407,Flagellat Parra Artal
256420,MacKeith Fertoli
256421,Alain Fikayo
256426,Calem Haim
256427,Martha Kuhn
256428,Liu Yang Song Jun Seok
256429,Latifa Heath
256435,Hartel Evaristo
256439,Capezzi Jere
256441,Twigt Pedro Ortiz
256442,Jae Yong Marczuk
256449,Chinyere
256453,Amond S. Opsahl
256459,Jankovska D. Santacruz
256467,Jefté Ospina
256473,Jackson João Miljevic
256474,Isolde Chahed
256476,Middleton Chi Woo
256481,J. Chaverra Berkay
256482,Anesu Shahruddin
256488,Mario García Cornelissen
256489,Bersant Elisabeth
256499,Rares Vaesen
256500,Ndayishimiye Cleaves
256501,Elma Regis
256502,Aarøen Mihajličenko
256507,Kochergin Lee Gi Hyeok
256508,Daniella Reis Lima
256510,Jens Martin Badescu
256516,Nico Williams
256519,Ji Jiabao Gelardo Vegara
256524,Jelínek G. Ochoa
256526,Eugene Cumbicus
256528,Ahadme Segovia
256529,Twigt Bergmann
256537,Lluís Guite Peka
256544,Matsui Boateng
256545,Antiste Bahlul
256548,Maiti Goodwillie
256555,Janin Djú
256556,Belec Chinara
256558,Costa Conceição Moor
256559,Nu Reeves
256564,Taimi Larsonneur
256578,Jun Seo Sougou
256598,Shervashidze Augustinsson
256604,Dajaku Lochhead
256611,Viktória Fenna
256612,Ermedin
256620,Leblanc Gbedema
256630,Florian Wirtz
256632,Lixandru
256634,Chinta Tóth
256658,Janne-Pekka Nagai
256666,Weigandt Mirari
256669,F. Cardozo Mishra
256672,Răducan Silvana
256674,Jong Mu José Antonio
256675,Nuryagdy Mamede
256685,Hong Si Hoo
256688,Pietrson Mendes
256689,Kuryu Gouras
256698,Jiménez Loader
256705,J. Godinez El Adoua
256711,Lima Correia Appleton
256725,Francisco A.
256726,Manzorro Kanvar
256728,Rzayeva
256731,Jahlane Knight-Lebel
256735,Etete Fakrajian
256738,Alanís Jacobs
256741,Iñigo Piña Boisard
256742,Lisa Lockhart
256746,Tambudzai Bayrak
256748,Janelt Kett
256753,S.Diop Stoica
256768,Jesús Bueno Monyake
256769,Adryan Juliano Testa
256776,Iikka Saint
256778,Alexandria Lehne Olsen
256780,Morinigo Drljača
256781,Lirim Nabiyev
256782,Samad Mulubwa
256786,Jihyun Andrieux
256788,Ilqar Bou Salas
256789,Sanz Martín Kabadayi
256790,Jamal Musiala
256791,Lalrinzuala
256799,Marrugo Fara
256800,Iñigo Piña Braunöder
256809,Kyriakou Spari
256819,Ilaria Abe
256831,Defendi Chris Antônio
256840,Aleñá Castillo De Menses
256846,Laufey Mikkola
256847,Tambudzai Sheraldo
256849,McGuinness Billah
256853,MacKinnon Taichu
256854,Veeti Nutsa
256855,J. Chaverra Gideon
256856,Evens
256861,Iker Benito Dahlqvist
256864,Cham Casimir
256873,Jonny Ortwin
256874,J. Cuellar Ratsamy
256885,Gaby G.
256887,Sulejmani Bomholt
256890,Calvin Bourgain
256892,Carrera Victor da Silva
256894,Ángel Baena
256897,McQueenie Tian Y.N.
256898,Alexis Orel
256899,Liga Clemente
256902,Tymoshenko Leys
256903,Gineitis
256933,Aragoneses Padilla Zhengyu
256934,Jihyun Atayeva
256938,Nartey Handl
256942,Elżbieta Mandréa
256944,Chiricheș Salomoni
256948,Chiricheş Thulani
256949,Albarracín Goodman
256952,Sayid Renat
256953,Voloshyn Driess
256954,Jesus Andradaldo Singha
256958,Francisco Ramos
256970,Adaramola Kaan Ayhan
256980,Mario D. Demiri
256989,Riyad Mol
256990,Moirangthem Thoiba Singh
256994,Iker Benito Vanlalruatfela
256996,Jeno YeongJae
257000,Andreea Cano Cabello
257001,Chhunga HMR Kanya
257003,Jesús Bueno Ugbo
257005,Nampalys Vailati
257007,Defendi Boral
257008,Lauren Hemp
257009,Josué Limberth Burgstaller
257019,Hocking Fábio André
257020,MinJun Grabowska
257025,Kim Jin Kyu Yu Seong
257027,Jesús Ruiz
257029,Diogo PP Kernjak
257036,Rashmi Zerina
257040,Floyd Holmé
257043,Kapacak Blaswich
257044,Pintado Hannola
257051,Odelia Sallai
257054,Pérez Martínez Buah
257057,Amane Nyhammer
257063,Thorisdottir Dinh
257067,Wooyoung Masaya
257072,Hartel Hanousek
257073,Tadeusz
257075,Owusu-Abeyie Mégroz
257080,Mambwe Montilla Martínez
257081,Francis Ogulbibi
257083,Jorman Kadile
257084,Laurina Tibell
257090,Ilqar Doherty
257091,Tatsuhiro Pradic
257104,Kayleigh Boulay
257105,Yelisey Kylych
257111,José Vitor Lacasse
257112,Preißinger Sacramentinho
257118,Hysenbelliu Kande
257126,Sun Minghim Sawadogo
257128,Choi Kyu Baek Gemiti
257133,Nas Čumić
257136,Nushi Teleri
257138,Blake-Tracy Ndapanda
257142,Lisa Makouta
257144,Oumar Hendry
257147,Riyad Macek
257152,Liuyu Sangjun
257153,Agüero García Ham
257155,Fairchild Barrandeguy
257157,Fei Ernanduo Buck
257158,Jeong Chi In Kadowaki
257161,Laforte Beretta
257162,Fabiano Souza
257164,Andreea Gaurav
257165,J. Alfaro Sorrentino
257167,Marić Kothari
257171,Nderim Fatar
257172,Ju Kong Caliskaner
257174,Marian Servais
257179,Gilsenan
257183,Jong Mu Silva Vieira
257185,L. Ramazani Bizet
257186,Arconte Jacek
257188,Emanuel
257190,Desny Aboh
257191,Antonaldo V. Sih
257194,Supyk
257204,Sepp Didden
257208,McGhee Balasa
257209,Lima Correia Filipe F.
257210,Mario D. Ghedjemis
257211,Gijselhart Milazzo
257215,Arh Juan Fernando
257220,Aristizábal Taranis
257236,André Luiz Baz
257237,Reven Djeidi
257244,Alexei J. Rojas
257247,Caeiro Velikova
257253,Bledar Sólbjørn
257259,Andonov Khanh
257261,Calem Antón
257264,Odelia Udanta
257265,Margriet
257270,Takahiro Pampín
257271,Lisa Glan
257273,J. Godinez Nuno Miguel
257277,Worrall Rasmijn
257278,Arshakuni Szmyt
257279,Álex Baena
257283,Andrej Moss
257286,Haruka Renato Veiga
257288,Luís Hemir Norton
257289,Hugo Ekitiké
257290,Joško
257291,Y.Emre Hugo Rincón
257293,Sieb Serrano Gracia
257302,Randimbison Kook Young
257303,Lazăr Milić
257304,Amra Hara
257306,Chanmolika Shrestha
257307,Nalani Butler-Oyedeji
257314,Brou Nevado Gómez
257319,Alain Underwood
257320,Aïmen Mirzayeva
257324,L. Pardo SeungSub
257326,Nampalys Mehta
257330,Viktória Soon Min
257332,Manzorro Randi
257338,Radunović Sviatchenko
257339,Ariadna Mirel
257340,Souleyman Van Den Bosch
257344,Thorn Okuma
257345,Ambrósini Davoudi-Kia
257346,Weilson Leal ChangWoo
257353,Veglio Boitumelo
257368,Liga Pedro Capó
257374,Conteh Douniama
257376,Lucas de Vega
257380,Fisk Ferrand
257384,Manon Quincy
257395,Matys Yearwood
257396,Bozinovski Diogo Jota
257397,Mehmeti Rashmi
257399,Van der Struijk Eun Mi
257400,Waniss Axtmann
257406,Ferrández Pomares Dobrogeanu
257411,Rubén Peña Benchamma
257437,Rico Clemilson
257438,Iita Danovis
257470,Anto Edson
257472,Cham Verkhovtsov
257473,Malkowski Figueiras Guerra
257475,Schettine Guimarães
257480,Mares Popp
257481,Jano Monserrate Alcantar
257484,Säfqvist Núrio Domingos
257487,Isnairo Reis Ruibal García
257490,Lisa Marlinito Dias
257493,Václav
257497,Nascimento Galeno Percy
257498,Dani Lasure N'Landu
257502,Gechter Shabong
257504,Bhutia Edh
257508,Salvatore Rhyan
257518,Odermatt Malki
257523,Vassiljev
257530,Shirisha Khaira
257532,Narváez López Brault
257534,Cole Palmer
257536,J. Godinez Kompany
257540,Antanas Khashyar
257546,Fluckiger Pacheco Flores
257558,Riedel
257568,Rui Patrício Stott
257570,J. Vargas Victorio Jabim
257584,Lisa Bernadou
257612,Soñora Mahmood
257614,Mario García Defendi
257628,Mattijs Jež
257635,Ricardo Velho
257636,Chinta Otto
257637,Dajaku Khadijah
257638,Lirim Paswan
257649,Aleks Zhelizko
257664,Marek Mapira
257666,Dabó Hee Dong
257669,Pramveer Sivok
257676,Ingibjorg Madariaga Susaeta
257683,Vázquez Comesaña
257684,M. Silva Chikumbutso
257692,Alba Pérez Ajantha
257698,Jae Yong Masatoshi
257699,Sayyed Minissale
257711,Rainey Cacace
257713,Gayà Peña Finn Benoa
257716,Sim Colakovski
257717,Lazăr Müsel
257722,Dajaku Zilola
257725,Djité Nilton Varela
257727,Cope Tan Kaiyuan
257752,Fairchild De Coster
257758,Ichizo Polishchuk
257765,Alexis Hrafnkelsdóttir
257768,Nameni Mireille
257771,Jiménez Delgado Joseph
257775,Thiago Martins Shann
257776,Leblanc Girotti
257779,Marta Carrasco Gonçalo Inácio
257784,Emanuel Lembet
257785,Maiti Bratianu
257786,Chinta Dalle Mura
257789,Caterina Dave
257793,Rajmund Rajak
257800,Shrivas Jailson Michel
257803,Daniella McIntosh
257804,F.Mancuello Kurucuk
257805,Bárta Valenti
257812,Deeb Hinterseer
257816,Andrew Risch
257831,Abdukodir Röser
257834,Garnier Rangsei
257837,Mahop Tsoungui
257842,Gutkovskis Ashley Alban
257851,Coco Bassey Oubiña Alma
257853,Raphaël Tizón
257858,Oston Urunov
257859,Mangal Oostenbrink
257862,J. Chaverra Belaid Khelil
257863,Coco Bassey Oubiña Gyeong Min
257866,Nanasi Farrell
257870,Lazăr J. Daly
257872,García Alvear Sørli
257873,Veglio Bum Soo
257876,Nampalys Samruai
257877,Jorman Adedeji-Sternberg
257886,Arijanet Pinsoglio
257889,Kociubinski Iñigo
257890,Cafer Naomi
257896,Muteb.M Ouédraogo
257899,K. Owusu Foulon
257914,Jesus Andradaldo Karl
257916,Mechele Salamon
257917,Rui Patrício Chiorra
257919,Rathav Rabari
257920,Carrera Susman
257921,Andrej Gülstorff
257936,Shibata
257946,Alin Samooja
257956,Jon Mikel Ehret
257957,Maiti Radu
257959,Daniella Melnikova
257969,Weverson
257970,Veglio Jurema
257972,Nu Sparv
257975,Bianchini Boyata
257978,Rowland Shukurov
257980,Daf Márquez
257985,L. Ramazani Amaniampong
258003,Maiti Magarian
258015,Fin Ibrohimova
258027,Merwan Makreckis
258032,Julia Bartel Mayrhofer
258033,Nuryagdy Rekik
258036,Marrugo Jere
258040,Gazzolo Ornela
258041,Hodzic
258043,McShane Sinik
258048,Padilla Pérez Puja
258050,Ji Eun Brignola
258051,Rayamajhi Havard
258056,Rouault Liangming
258081,Lirim Manu Bueno
258082,Hunziker Ritter
258085,Dorine Nina
258089,Lafleur Poitoux
258090,Elżbieta McComas
258093,Melegoni Maeva
258095,Jonson Atupele
258104,Genet Iacovitti
258133,Grande Sánchez De Amores
258134,Johanne Viacava
258137,Samanta Philippe Paulin
258139,Quilichini
258147,Malepa Mesto
258149,Alain Camino Fernández
258165,Anto Montandon
258167,Renan Lodi Dário Essugo
258168,Jaehun Núria Garrote
258171,Haba
258172,Marcus
258180,Samanta McComas
258194,Desábato Donkor
258196,Waota Beltrán Peinado
258208,Nyirenda Leitner
258209,Hunziker Soner
258219,Samanta Cavero
258227,Cian Milazzo
258230,J.Onana Gurbanli
258238,Alievi Kike Salas
258239,Marek Khudyakov
258250,Narzary Natário Ferreira
258264,Diogo PP Holec
258271,McLauchlan
258273,Jeong Jae Hee Muriel
258276,Jensen
258284,Targett Petrakov
258288,Vilches Barbour
258289,Johanne Sforza
258297,Jairo Ralph Cuiza
258308,Nowacka Thomasson
258310,Annamyradova Bennit
258311,Juan Luis Tembo
258315,Breen Arnáiz Díaz
258316,Elvin Diariyatou
258328,Kewin
258337,Hunziker Pais
258339,García Gómez Vrakas
258351,Iikka Blázquez Pereira
258358,Joel Pereira
258360,João Bardinho
258364,Zimarino Blonk
258365,Padmanabhan
258371,Panni
258373,Malachi Dagnogo
258375,Li Shenglong Aydoğan
258378,Mechele Gherea
258390,Ingibjorg Gogić
258391,Matheus Babi
258393,Wang Jinxian Chossenotte
258396,Cavad Zemskow
258399,Okoye Jenni
258401,Sansing Niflore
258407,Bozinovski Shishodia
258410,Rui Filipe Serdar
258412,Joel Silva Sainte-Luce
258432,Chinaza Marinatos
258433,Egli Marcos Llorente
258437,El Hankouri El Karouani
258439,Okay Caldeira
258444,Ermekova Gough
258446,Mario S. Volkov
258456,L. Ramazani Gawde
258457,Kranevitter Bogusz
258464,Lloris Nicolás Leândro
258465,Zieler Redman
258466,Latibeaudiere
258468,Robertone Uranga Agirre
258470,Riyad Perelló
258477,Waghmare Junior Quitirna
258480,Frick
258483,Daf Münst
258485,Fei Ernanduo Jovičić
258489,Carrera Suárez Fernández
258490,Celal Rahel
258491,Iván Cuéllar HanGil
258494,Kyrell
258498,Barnes Tući
258500,Fei Ernanduo Krastev
258505,Mario Gila Brage
258507,Nishu
258510,Tambudzai Anssumane
258511,Elene Lete Bia Zaneratto
258515,Mere Nnadozie
258517,Awate Nemec
258522,N'Mai Abdelelah
258523,Isnairo Reis Luisinho Lúcio
258526,Seok Ho Ehmer
258529,Vagner José D.Bouanga
258532,Coda Carmel
258533,Birger Birchall
258534,Devansh
258536,Catalina
258547,Kyriakopoulos Li X.P.
258555,Dahlia Yüksel
258556,Royer Metsing
258564,Tarapu Carrick
258573,Eduardo Mancha
258574,Mugoša Balogun
258575,Eldin Aghedo
258576,Suya
258580,Kareem Akpa Akpro
258585,Ingram Opruț
258589,Gamuchirai Gabri Prestão
258592,Daf Mangal
258596,Gilmore
258601,Macias Rushian
258602,Min Gyeong Hyeon
258604,Neidhart Vinit R
258606,Lirim Hervé
258607,Teasag
258608,Odoffin Brígido de Oliveira
258615,Nongtdu
258616,Roald Teixeira Lima
258619,Jeong Ho Laureano Thomas
258620,Ayina Ismaheel
258626,Dagný Sepulveda
258627,Okugawa Dário Essugo
258635,Jesuraj Ethel
258642,Ngom
258648,Carage
258652,Rieke
258667,Ephraim Brendan
258679,Daniella Koko
258680,Damjan Yuning
258683,Ina HyunBeom
258684,Rosenfelder
258685,Isola Mokitimi
258687,Bonsu Baah Periera
258689,Devalckeneer
258691,Kim Jin Kyu Gonçalves
258698,Afërdita
258702,Isnairo Reis Cristante
258704,JongWook Sánchez Pérez
258706,Matysik Ma Xingyu
258708,Bornemann Baldomar
258709,Utvik Nasim
258710,Ndey Hermane
258713,Yeljan Shinar Ohio
258714,El Hilali Tongya
258715,Belloni Herborg
258717,Emanuel Ramos
258722,Cana
258724,Ephraim Bredlow
258728,Jin Ya
258729,French
258730,McNair
258731,Niemeijer
258739,Slavik
258740,Andreea Olyinyk
258746,Małkowski Boyce-Clarke
258747,Granath
258749,Ruben F. Teixeira Encarnação
258753,Corbeanu Dong Min
258758,Szymon Collocolo
258762,Lund Hansen Chahed
258763,Marshall-Rutty De Jesús
258766,Olivi
258769,Mballo
258771,Aleksandar Zhang X.L.
258775,Lloris Nicolás Sleyman
258776,Cham Barbosa Pereira
258777,Adirizak Deanne
258781,Härma Wootten
258782,Archer Ilma
258784,Carabajal Botella
258786,Yolanda
258787,Coruche Mendes Testroet
258788,Geraldes Carreira
258789,Meshki
258792,García Alvear Victor Gabriel
258805,Haithem Ascacíbar
258806,Owusu-Abeyie Kim Gyeong Min
258812,Taimi Sehoon
258813,Thomassen Vinícius
258817,Johnny Cardoso Gruev
258821,Lirim Koit
258822,Lluís Sobottka
258823,Jackson João D. Camacho
258826,Delvaux Radovan
258834,García Gómez Klaiber
258846,Ahadme Zajmi
258864,Sim Dong Yu
258874,Hugo Cunha Fertoli
258880,Kang Yoon Seong Thang
258881,Nischal Nickisch
258885,Llompart Pons
258890,Feng Zh.Y. De Luca
258892,Novljan Blagoje
258893,Saathof Zhang Zhenyang
258897,Rowllin Nélson
258903,Marrugo Drammeh
258906,Vignola Geyse
258908,J. Goulart Yuriy
258910,Ferrario Betts
258911,Tanoh Arne
258914,Ligue Kullashi
258920,Meffert Cedomir
258922,Manzorro
258923,Arnórsdóttir
258924,Joel Silva Almir
258925,Chuks
258926,Josué Limberth Hnin
258928,Udoka Sergei
258930,Calem Arbaz
258931,Hammel Rashica
258932,Lima Cardoso Barman
258936,Lluís Heynen
258937,Aimee
258942,Nizamdin Perić
258943,Isnairo Reis Bursik
258946,Mario D. Lovato
258948,Filipe S.
258949,Jeong
258953,Håvar Grøntvedt Natálie
258966,Andreea Caldirola
258969,Caio Nunson Jesús López
258972,Iita Tehe
258973,Macias Fertoli
258974,El Melali Barzagli
258976,Estéban Orujov
258977,Egbutudike Lü
258979,Rumana Luis Rioja
258980,Alessia Russo
258981,Browne Shova
258984,Daníel Leó Yáñez Alabart
259003,Soichiro
259011,Yehor
259026,Browne G. Ochoa
259027,Jargalmaa Choi
259031,Leblanc De Klonia
259039,Blondy He Zhenyu
259043,Maricel Rozália
259053,Coruche Mendes Della Rocca
259054,Tachi
259057,Lato Liis
259058,Lirim Léo Scienza
259065,Armindo
259066,Fernandes Melo Bourceanu
259067,Andrés Eduardo
259070,Owono Ngua Akeng
259074,Alberto Moreno Gutowski
259075,Waldemar
259082,J. Cuellar L.Camino
259083,Roseline Derrick Katuku
259091,Coco Bassey Oubiña Barillà
259101,José Artur Gallet
259105,Ollie
259106,Smrekar Tolói
259107,Andreea Adriano Junqueiras
259111,Jouffre Filipović
259114,Novikov Reis Ferreira
259119,Sacramento Cruz Sib
259128,Ry Al Hawsawi
259130,Lemkin Pisilli
259131,Isolde Temirova
259134,Luz Horta Elisa
259137,Della Peruta Monfray
259139,Danjuma
259147,Reven Gmür
259149,Elton Matheus Camille
259150,Abduklim Myung Joo
259159,Josué Limberth ChangGeun
259162,Armaş Seelt
259163,Matheus dos Santos Heekeren
259166,Erős Gohlke
259170,Raychev
259173,Vallecilla
259175,Narine Petrauskas
259176,Arda Al Faraj
259185,Szulc Abaida El Achhab
259186,Salomoni Shahruddin
259188,Valeri Jakubik
259190,Didier Lidberg
259191,Mousa Al Sheeb
259194,Jann-Fiete Thembisile
259197,Nampalys Isola
259201,Damany Felix Vá
259205,Munkhzaya Ahl Holmström
259215,Figueira Maurya
259228,Lassana Chris
259233,Hysaj Minasian
259234,Hammarlund Camelia
259240,Adaramola Višnakovs
259249,C. Olmedo Chuang
259251,Alex Tongarbayev
259252,Elżbieta Puja
259255,Lamb
259256,Flecker Klaudijs
259259,Ryuki Matsura
259261,B.Toure Ali Şaşal
259265,Mitch Batna
259268,Junu Sowerby
259271,Hunziker Gabrić
259272,Nartey Marteiro Santoso
259273,Targett Maire
259276,Viktória Son Jun Ho
259280,Proulx Pięczek
259287,Pernille Harder
259288,Kotsiras Oğuzhan Efe
259290,Hélton Luiz Ivušić
259292,Isnairo Reis Lô
259293,Bowler Costinha
259296,Nanasi Rexhepi
259298,Marta Carro Evelin
259299,J. Duarte Sefu
259300,Andrieu Pocognoli
259306,Estupiñán Rakesh
259307,Macedo Monte Groves
259311,Rees Damevski
259316,T.Sanabria Launay
259317,Cañizares
259318,Grande Sánchez Fratta
259319,Eugen Ortag
259331,Maggiore Peron
259334,N. Méndez
259340,Akahito Messerli
259346,Gerlinde Manjit
259349,Magnino Al Ali
259356,Carlo Chissano Baia
259358,Avishka Al Mukhtar
259361,Farnias Almeida Reitz
259362,López Marín
259364,Midtskogen Al Saadi
259372,Ateef
259377,Weicheng
259378,Abdurahman Al Saeed
259389,Lo'eau Rasmijn
259399,Pérez Muñoz Howson
259401,Royscer Kuharevych
259402,Nascimentardo Moses
259403,Jens Martin Huitema
259410,Zakirova Calut
259422,Naman
259423,Ingvartsen
259426,Ahmedhodžić Al Dossary
259433,Jano Monserrate Llano
259438,Nanasi Aedo
259442,Qian Yáñez Alabart
259443,Taha Şahin Tshuma
259453,Chiricheș Kwang Hyun
259456,Souleyman Cui Qi
259472,Dani Olmo Neymar Jr
259475,Izzy Herea
259476,McEleney Rijavec
259478,Marić Ketterer
259480,Ilkin Román Riquelme
259488,Upamecano W. Saucedo
259499,Johanne Tsuyoshi
259507,Raoul April
259511,Samanta Maarja
259514,Mailis Pipo
259516,Jeorgio
259521,Svava Rós
259522,Bellanova Drljača
259524,Aitor Buñuel
259532,Joan García
259533,Fisk Gil Pareja
259539,Ewil Monique
259542,Markiewicz Laštůvka
259543,Karaağaç C. J. Sánchez
259544,Yimy Fábio Carvalho
259549,Manon Ballesteros
259559,Taimi Brandhof
259560,Muniz Carvalho Serdar
259561,Aynur Adina
259562,Muheet Shabir
259563,Czyż Rhodri
259565,Wernet Bolma
259568,Carabalí Hakizimana
259569,Maiti Jeong Tae Wook
259570,Flagellat Obed
259578,Markiewicz Abisab
259579,Rossiter Raúl De Tomás
259581,Sant
259582,Ilkay
259583,Delgado Rodríguez Tiago Tomás
259584,Mario D. Riise
259586,Hocking Sergio Glez.
259588,Johansson Cr. Dumitru
259596,Jihyun Kang Hyeon
259606,Desábato Reis Lima
259608,Erlend Dahl Faria
259612,Jano Monserrate Carvalho Melo
259614,Jaritz Marchán
259617,Iwona Uira
259619,Jeyson Chura
259621,Won Bani
259627,Jong Mu Haynes
259629,Oumar Vishal
259633,Gazzolo Kim Ju Kong
259634,Ji Eun Y. Hurtado
259640,Vitor Marlon García Alvear
259641,Flagellat Pipo
259643,Lisa Vinski
259644,Andrej Pinola
259646,Arrascaita Satenik
259648,Bonsu Baah Serdar
259650,Fardin Ali Mihanta
259652,Sokhna
259653,Achi Abebe
259655,Patel Zhang Xiuwei
259660,Franchesco Ferrand
259668,Alexei Paudie
259673,Marrugo Bror
259675,Benzia Kossi
259677,Alex Rashid
259678,Lloris Nicolás Makreckis
259680,Malwin Silas Enaldo
259686,Tiago Alexandre Vötter
259690,Adu-Adjei Souprayen
259694,Meng
259705,Odelia Tangri
259714,Maziz Roca Vives
259716,Dajaku Sonnleitner
259717,Mailis Ferrand
259718,Famara Gamero
259719,Carles Che
259723,Daf Gyeong Min
259726,Krätzig Renée
259727,U.Kaan Serdar
259729,Patra Král
259730,Matić Serdar
259747,Hugo Alberto Denham
259748,Mangal Urquhart
259750,Huseyn Marcos Arriola
259751,Mario García Hestnes
259752,Lirim Salazar da Graça
259754,Elvin Eiríksdóttir
259762,Tymoshenko Kochorashvili
259763,Tommy Lockhart
259764,Mulla Betfort
259766,Felicitas Sinyan
259767,Sólbjørn Aquilani
259780,Pack Duan Liuyu
259786,Fairchild Tsuyoshi
259788,Johanne Perraud
259789,Kartum Yıldız
259792,Jersson Gil Pareja
259797,Adarabioyo Svedberg
259802,Jiménez López Enzo Leandro
259803,Radev Engelbreth
259810,Enoh Obregón
259816,Abdelli Senne
259825,Aruzhan Raúl De Tomás
259834,Frendrup Ujević
259843,Burton
259847,Fisk Kruger
259848,Jessica Arak
259849,Gabriel Veron
259850,Yohán Cumaná
259854,Taimi Köybaşı
259855,Emanuel Scott
259858,Jovanny Boguski
259859,Kendrys Selma Sól
259861,Jiang Wenhao Balerdi
259862,Mailis Milos
259864,Jagiełło Fotini
259868,Oromeng S. Opsahl
259869,Jorman Sulochana
259872,Hunziker Darhad
259876,Nanasi Placheta
259883,Marney Morrow
259885,Marney Semmle
259888,Rommell Huda
259896,Boben Ursel
259904,Gijselhart Topalloj
259905,Liuyu Camil
259907,Izco Javier Nicolas
259908,Viles Odriozola Trevitt
259910,Kartum Bayo
259913,Georgiy Sudakov
259915,Jair Veiga Fujii
259918,Ilkin Dervla
259920,Awate Lehto
259921,Tymoshenko Dương
259923,Adaramola Carl
259926,Rouault Begmedova
259927,Costa Carvalho Fiermarin
259928,Flagellat Pizzichillo
259930,Desábato Morrow
259934,Díaz Espósito Milos
259939,Jano Monserrate Mauro Guilherme
259941,Ji Sung Mons
259944,Anesu Tyron
259968,Lafleur Ogilvie
259971,Mustafayeva Grünwald
259973,Pauleta Bo Sub
259977,Markiewicz Coccaro
259978,Jano Monserrate Brusberg
259979,Jagiełło Carvalho Melo
259980,Dajaku Carlos Romero
259987,Mattijs Eikki
259990,Frendrup Vangioni
259993,Emanuel Ahman
260000,Daniella Dájome
260001,Nderim E. Velasco
260004,Caio Nunson Stepień
260010,Rodríguez Sánchez Baldobar
260014,Taimi Christian Marques
260018,Daniella Nneka
260020,Wik Turay
260027,Marcos Vinícius Gamarra
260030,Jorman Mahmud
260041,Johanne Carter-Vickers
260044,L. Ramazani
260056,Sunneva Samira
260062,Johanne Perdomo
260076,Pajač Kim Min Ki
260078,Lelievre Resta Tell
260082,Janta
260083,Jeong Woo Yeong
260086,Alexander
260091,Abubakar Bahachille
260094,Liso
260098,D. Grigore Cherrie
260099,Scotland Rowe
260100,Floyd O'Connell
260104,Dadge
260105,Pozzi Domingos André
260106,Grigoryan Serdar
260108,Rault
260125,Wagner Fabrício Gil Pareja
260135,Viganoni Tófoli Laranjeiras
260136,Alfaro Azevedo Donkor
260138,Elma Generic 2
260140,Relvas de Oliveira Mantilla Pérez
260141,Bárta Curro
260142,Riyad Aleš
260143,Xaysana Mikhail
260144,Cham Ouattara
260145,Nutsa Homenchenko
260146,Kyan Sawaan
260147,Reto Serdar
260149,Mamadi Camará Shea
260159,Likmabam Rakesh Mitrita
260162,Malepa Skeide
260166,Nolsøe
260178,John Ross
260183,Izabela
260186,Lisa Broad
260187,Turda Blessing
260192,António João Guntomor
260193,Ndong Melayro
260194,Mayoral Moya Knight
260195,JeongHo
260203,Jin Hong Lloris
260204,Alejandra Bernabé Puala P. R.
260208,Lisa Raúl De Tomás
260228,Odion Everson Jr
260233,Maiti Demirbay
260235,Maciek Dent
260236,N. Freire Djevencio
260237,Damián Granier
260247,MinJun Redondo Ferrer
260250,Yelisey Al Hardi
260264,Nderim Nomsa
260272,Amadou
260282,Stenberg Akhtar
260290,Manzorro Pau Lopez
260298,Dzhumalieva Havard
260302,J. Godinez Bharat
260322,Lucão
260343,Rodríguez Sánchez Al Murdih
260344,Gutiérrez Vizcaíno Abate
260369,Lirim Kardinaal
260383,Tonny Lockyer
260386,Svilar Wechsel
260388,Mugoša Tiernan
260395,KeeHee
260396,Osei-Tutu
260397,Walz
260398,Mutellip Rosca
260401,Machís
260402,Alex Geeta
260403,García Alvear Breslin
260404,Wuren Reis Lima
260405,Marrugo Garvey
260407,El Azzouzi Van der Saag
260414,Abdel Al Hajri
260421,Iker Aldai Ortmark
260432,Atkins Imoh
260435,Roly Issah
260436,Sor Yusupha
260439,Isnairo Reis Sinyan
260442,Johanne Maxsø
260443,Solheim Hugo Alberto
260456,Gaxha Nurminen
260459,McAusland Alvin
260463,Malibuseng
260464,Jens Petter Fountas
260466,Zharkov Woodhouse
260473,Thorbjørn Vittoria
260474,Keben
260477,Muteb.M Hainley
260478,Shivaji Sólbjørn
260479,Isnairo Reis Masangu
260480,Jonnathan Mendes Mendes
260481,Jorge Daniel Tomás Händel
260482,Targett Zamble
260485,Jeong Sang Bin
260492,Eloge
260497,Lamare
260501,Zheng Dalun Zhelev
260514,Zebiniso Bakke
260521,Ji Eun Borges Sanches
260523,Pablo Fornals Aasmäe
260533,Jill Qondi
260536,Temo Odval
260538,Calem Cokaj
260545,Bozdogan Coronado
260546,Tkachuk
260547,Pocognoli Soberka
260555,Tambudzai Anna Langås
260558,Quito Kasiya
260561,Kartum Liana
260562,Lisa Bernhardy
260564,Jang Nam Ung Heggem
260567,Novkova Sovann
260570,Jabari Singleton
260574,Lievens Assadourian
260577,Chrisantus Ruiz Ortega
260586,Czyż Dhakir
260592,Benjamin Šeško
260593,Gijselhart Acasiete
260599,Alain Tremolada
260601,Escandell Xizhe
260608,Park Sung Su
260617,Mallika Muusmann
260621,Shekiera Okuma
260625,Han Bin Al Dossary
260630,Jeyland Wiseman
260634,Heo Kang Joon
260635,J. Asprilla Männel
260638,Barrenechea Eisele
260643,Markiewicz Smalling
260645,Albiach Roger Adhikari
260651,Butzke Benavides Teleri
260653,Briceño Nemanja
260657,Owusu-Abeyie Rhiannon
260669,Choi Hyun Woung Hammell
260683,Barton Almeida
260692,Hyeon Min
260697,Iker Benito Heath
260703,Halimah Aké
260723,Raoul Sjölund
260727,Defendi Nuno Santos
260728,Aarøen Phalguni
260732,Huang Yinghao Florent
260734,Coddington Vangelis
260738,Alejo Coufal
260740,Isola Porozo
260743,Hollis Sulte
260772,Vidya Carles Gil
260776,Adryan Juliano Paxten
260778,Flagellat Tongya
260779,Seok Ho Adna
260798,Eigler Badredine
260813,Gent Khulan
260815,Armero
260818,Philipp F. La Mantía
260823,Nandha Eun Seo
260825,Jakobsson Dorsch
260826,Rayamajhi C. Franco
260842,Lluís Elina
260843,Anders Xiao
260847,Tarciane Hayakawa
260874,Siqueira Pottier
260876,Marmoush Ketboge
260877,Ula
260881,Lo'eau Hanitra
260885,Al Tulayhi Kamijo
260896,Garics Näsberg
260908,Melina Karidioula
260910,Schubert Schulze Solano
260913,Bridget Sønstevold
260914,Imbi Luiz Siqueira
260918,Targett Reis Lima
260923,Marian Lachuer
260925,Lluís Park Seung Ho
260926,Kartum Sadílek
260927,Kang Min Chandan
260929,Riyad Female 1
260930,Keane Selina
260931,Y.Emre Torrente
260933,Echezarreta João Teixeira
260941,McFarlane Kinsombi
260942,David Datro Fertoli
260943,Jiménez López Carrasquilla
260951,Jeongwoo Karademir
260952,Andrej Saidi
260962,Garv Borgelin
260966,Carlos Mateo Abastoflor
260971,Rayamajhi Pedro Ribeiro
260972,Stefan Alibeyova
260977,Eva Llamas Al Dossary
260978,Jeong Jae Hee Sagna
260981,McCrorie Markanday
260982,Chimusasa Boxall
260984,Brayann Gruev
260990,Rathav Asa
260994,Ohlsson Maurya
261004,Ambrogio Fila
261011,Hunziker Sakina
261015,Tabak Omsberg
261016,Johanne Iacovich
261019,Raschl Blizzard
261025,Dagny Sadler
261028,Hassan Jeong Seung Bae
261031,Ahmedhodžić Pisseri
261032,Jeno Hennig
261035,Xu Zhenyao Ibehre
261040,Boatwright Possignolo
261047,Rashmi Matope
261050,Fissore
261054,Júlia
261055,Osborne
261062,Lalhlansanga Hmar
261063,Lamine Yamal
261072,Pseftis Ellertsson
261078,Elnara
261084,Balikwisha Deyss
261091,Namung Pipo
261097,Aylton Boa Morte Contout
261098,Nu Xavière
261099,Kartum Hermida
261100,Nderim Spahiu
261104,Schmidt
261105,Jamilu
261106,Lamadrid
261108,Antonina Klingenberg
261109,Snorre Strand Hamza
261110,Fei Ernanduo Borcea
261114,Ben Kazim-Richards
261115,Lalit
261116,Reelika
261122,Kelsey
261126,Ana Tejada
261128,Laldinliana
261131,Ina Pavlic
261133,Nile Jeong Tae Wook
261141,MacKinnon San Emeterio
261143,Malwin Bua
261144,Ina Nadha
261145,Dangprakon Zhu Y.
261153,Baudry Dennisson
261155,Manon G. Debeljuh
261156,Worrall Awe
261157,Markiewicz Onaiwu
261160,Brodrick Sangita
261161,Melkersen Generic 2
261164,Adrià Drăguș
261170,Okay B. Schelotto
261171,Hunziker Merike
261173,Eugen Ferrero
261176,JinKyu Lothar
261177,Lafleur Maddy
261180,Naly M. Babi
261182,Jonson Ma Zh.
261188,Hyunyong Myung Joo
261190,Barth Al Hamsal
261195,Emilian Mooney
261196,D.J. Sulejmani
261200,Simeon McCann
261204,Moreyra Tokpa
261210,Dadakdeniz Redzic
261211,Medley Fiabema
261222,Pack Urbano Costa
261224,Hodei Arrillaga
261225,Napias Liao Rongxiang
261226,Dykes Carvalho Melo
261233,Jin Hong Holmgren
261243,Alessandro L. Demyan
261244,Kang Do Uk Jakelj
261245,Dahlia Paolucci
261249,Zaugg McGuane
261261,José Alejandro Gayà Martínez
261262,S. Salcedo Maisonnial
261264,Daniella Afonso Miguel
261276,J. Chaverra Chuangyi
261277,J. Chaverra Brignola
261281,Caeiro Norma
261283,Tarasenko Cojocaru
261284,Lo'eau Defoe
261293,Sambi Lokonga Jacobs
261294,Caitlin Poppy
261295,Léonard Ramallo
261298,Amos Al Ammari
261299,Alex Salomoni
261300,Kearney Paterson
261304,Adaramola Milen
261305,Brayann Saliakas
261307,Tshabalala Billa
261312,Lima Correia Ouparine
261313,Koeman Lockhart
261325,Marrugo David Samuel
261333,Jani Pravin
261335,Julio Karner
261336,Italiano Pathak
261351,Wagner Fabrício Arias Copete
261352,Nanasi Kuttin
261357,Abdurahman Potts
261358,Willis Sorgić
261359,Zieler Kiltie
261360,Nderim Martín Camuñas
261364,Diago Generic 2
261374,Lazăr Bas
261375,Lisa Bentley
261377,Pranciskus Lokilo
261386,Marrugo Bakarić
261390,Cham Velthuizen
261391,Tijjani Marian Fernando
261400,Leilanni Samuel Portugal
261407,Khachatryan Pavelka
261420,Hajda Troisi
261422,Adebayor Muattara
261423,Narine De Castro
261425,Hümmet Kateřina
261432,Jihyun Cissoko
261441,Mahamé Ophélie
261442,Markiewicz Shoola
261444,Aljaž Bakrar
261446,Mathisen Ayan
261453,Nu Kyoung Rok
261454,Martirena Teleri
261455,Dani Pérez Wang Y.P.
261456,Rui Pedro Kah
261457,Bruma Vilington
261478,Subhash Doležal
261481,Pierangelo Pagnano
261490,Lampi
261495,Shukla Corbett
261497,Mahamé Sulbarán
261512,Lazăr Martim Marques
261514,Zaytsev Tóbiás
261528,Manzorro Nitin
261530,Drogba
261531,Myfanwy
261533,Samanta Gottfrid
261537,Boyce Souprayen
261539,Mads Døhr Kangwena
261552,Relebohile Bremner
261553,Hocking Ruiz Gámez
261563,Maiti Hjelde
261565,Jesper Bergset Begmedova
261573,Sólbjørn Koch
261582,Shi L.
261585,Wilfredo Rangi
261604,Caitlin Haitham
261605,Jonathan Lucca Ulku
261606,Ina Kobayashi
261614,Jelínek Gaute
261616,Plea Maziz
261624,Wanyama Hugo Alberto
261636,Falzon
261640,J. Carabali Bandinelli
261647,Andrieu Nyambe
261648,Marlon Gomes Corley
261652,N. Monte Kai
261653,Lazare Lewis
261654,Omar El Hilali
261659,Sandoval Lopane
261670,Jesus Andradaldo Jamieson
261673,Senga Emosi
261674,Volchenkov Severina
261675,Boyan Teleri
261677,Riyad Niklas
261687,Samad Bray
261691,Huo Raúl De Tomás
261703,Zamble Gil Pareja
261732,Tanti Blanca
261733,Rumana Balentina
261737,Abdessamad Bean
261740,Jonatas Bozdoğan
261742,Emam Ashour
261745,Källström Guillot
261753,Karademir Mudada
261755,Czyż Rabbi
261762,Huang Yinghao Henry
261763,Ephraim Barr
261766,Andy Ch. Hillary
261769,Aatu Pojani
261771,Mladenova Romero Serrano
261772,Sully Arblaster
261773,L. Becerra Fodé
261776,Enric Llansana
261779,Genet Rábano Blanco
261792,Savnik Torreiro Costa
261793,Amgalan Thorpe
261796,Jabari Swallow
261799,Ha Jeong Woo Ericsson
261810,Franco De Frutos
261815,Maciek Baltazar
261821,Manon Gil Pareja
261822,Carabalí Matheus
261824,Javi Villar Pipo
261829,Carlos Domínguez
261830,Diniz Prazeres
261831,Analu
261833,Jekob Abiezer
261834,Oussou
261835,Suda
261837,Depú
261838,Andri Lucas
261841,Franciszek
261842,Carlos Fdez.
261843,Andreia Jacinto
261844,Anami
261845,Andri
261848,Ibrahimović
261849,Supratim
261852,Jota
261853,Depietri
261855,Kika Nazareth
261858,Casas Marín
261861,Isnairo Reis Miyu
261863,Lemoine Lee Chan Dong
261865,McManus
261867,Carabalí Gil Pareja
261872,Mwanajuma Al Owdah
261874,Jihyun Bassong
261875,Oumar Warungu
261876,Close Negrel
261880,Jorko
261886,Bagar
261887,Javi Baez
261897,Erlend Dahl Katya
261899,Chapela López
261907,Yamato
261919,Cramer
261921,Sokler
261927,Vukčević
261928,Wilson
261929,Han Kyo Won
261931,Vendelbo
261934,Leandro Fabiano
261941,Greta
261946,Abramowicz
261947,Lepp
261954,Wang J.Sh.
261956,Expósito
261970,Desábato Shova
261971,Jelena Gonzalo Verdú
261987,Antonio José
261988,Sarkisian Goli
261989,El Shamy Andeson Trigo
261991,Adnan Claudiano Isma
261992,Vilches Kike Barja
262023,Ahadme Amanda
262024,Mwathiwa Mathías
262025,Altambakti Elisenda
262026,Nassim David García
262027,Stutter Mohan
262028,Flaviu Sveinsson
262029,Mickel Ruvimbo
262039,Natsume Tsie
262042,Marshall-Rutty Enzo Wellington
262044,Riyad Hindi
262045,Vilaça Teixeira Meehan
262047,Rutherford Sil
262048,Hewitt Rim Ji Min
262056,Szymon Rui Patrício
262062,McBurnie
262071,Muteb.M Nahia Aparicio
262072,Jesús Bueno Treacy
262079,Wooyoung Vilches
262081,Zahava
262082,Kuryu Christa
262083,Ahadme Mandragora
262088,Hosine Hafeez
262089,Ruiz Ortega Silva de Aguiar
262091,Dunne Damon
262092,Ozan Can Kokalj
262093,Sjoeke Nüsken
262094,Azad Isola
262098,Sazdağı Pattynama
262100,Pouilly Balbarau
262102,Richárd Khamphu
262105,Jongbeom Dovbyk
262109,Alfarela Junmin
262112,Robin van Persie
262113,Nameni Würzberger
262117,Bridge Eskesen
262118,Takeuchi Lestari
262119,Bonsu Baah Tapp
262133,Bridge Héctor Junior
262135,Danilo Veiga Vinyet
262137,Gunay Kasey
262138,Carty Lo-Tutala
262140,Carballada
262141,Alexia Férnandez Cairinho Monteiro
262142,Nanasi Reis Lima
262149,Abdul Hakim B. Schelotto
262150,Radunović Gayakwad
262151,Esma Farrell
262153,Jonny Bayron
262156,Hassane K. Sun Guowen
262160,Van Hoorenbeeck Fadiga
262170,Florian Donati
262171,Dyakov Boujellab
262173,Riou Nelly
262175,Midtskogen Abdel
262181,Arber Matheus R.
262183,Blendi Idrizi
262208,Răilean Baines
262212,Harroui Marina Artero
262213,Frendrup Gustavo Rafael
262216,Nderim Park Bae Jong
262217,Mandukhai Villares
262218,Kawakami Ferenc
262219,Birmančević Matilda
262220,Sâyoud Blagoeva
262221,Liu Haofan Tomás Ribeiro
262222,Tahar Young Bin
262224,Endler Durval Dutría
262226,Moonga Simba
262227,Dajaku Jailson Oliva
262231,J. Cuellar Shahruddin
262236,Amos Rajakumar
262237,Arnould Rushden
262240,Targett Fuster
262242,Seda Pradeepa
262251,Juan Luis Tameze
262255,Alex Balu
262260,Santamaria
262265,Mario González Elrich
262267,Pressley O'Hare
262268,Gragera
262271,Diego Milito
262272,Rosamund Acevedo
262284,Twigt Pena De Lima
262285,Großer
262287,F-Caskey Al Ahmed
262289,Belec Novatus
262290,Algassime Leveque
262295,Huseyn Ts'episo
262297,Jesus Andradaldo Diego Hipólito
262298,Maikel Mesa Lilja
262299,Rieble
262300,Hélder José Celestino
262310,Majasaari Guga Rodrigues
262311,Barnes Yutaro
262314,Jesús Belza Braut Brunes
262316,Ludueña Kirkeskov
262322,Mugoša Neco
262330,Cascarino
262334,Diego Gustavo Pick
262335,Edson Mucuana Suhail
262339,Gijselhart Lloris
262342,Anto Remina
262344,Jongbeom Labrović
262349,Fan Villoldo
262361,Longelo Calem
262362,Jihyun Moldeiro Vaz
262363,Marrugo Andrade Lima
262383,Chiricheș Cubarsí
262384,Oumar Gollini
262394,Rouault Bertok
262396,Jae Yong Humbert
262397,Lolley Brignani
262398,Wynona Durand
262400,Bowling Yusef
262402,Sanmiya
262403,Pataki Reitan-Sunde
262404,Famara Bašić
262411,McLeod
262412,Loreintz Reuteler
262414,André Seruca
262416,Cher N.
262417,Dakshinamurthy
262420,Rares Pergreffi
262430,Kaïboué
262434,Haithem Dellavalle
262443,Dominik Albino Giovanni
262447,Andreea Clinton Mata
262450,Uthai Perez Guedes
262457,Noé
262458,M. Martinez
262459,Annaïg
262460,Rengifo
262465,Coruche Mendes Hurst
262470,Zimarino Olden Larsen
262473,Shri Edgecombe
262474,Caro Díaz Nkansah
262479,Riemann
262480,Pålsson Hyungwoo
262483,Enric
262498,Zainab
262500,Noussair
262501,Aldai Igartua
262504,José Vitor Bjarne
262510,Thilini
262513,Kagawa
262514,Nascimento Galeno Mofe
262516,Jesus Andradaldo Koke
262522,Izzy Bhakta
262523,Marrugo Cichocki
262525,Lo'eau Marçal Madivádua
262530,Andrieu Sólbjørn
262531,Claudia Pina
262534,Iñigo Piña Lewald
262537,Sharaf Ali Bennit
262538,Wilfried Baitha
262539,Hugo Alberto Romário
262541,Luz Horta Sparkes
262545,Amaral
262551,Simisola Zhang Jifan
262554,Abdullayev Al Hammami
262557,Marrugo Candela
262558,Andonov D. Calila
262559,Belec Villodres Medina
262566,Eugen Woolston
262568,Terho Coronel
262569,Riyad Tenas Ureña
262573,Silverholt Galeno
262575,Andrej Kalina
262576,Nascimento Galeno Klaesson
262580,Dani Cárdenas Nejašmić
262581,Silva Duarte Josha
262584,Ina Dingxiang
262585,Siqueira Bingöl
262586,Ina Brescianini
262587,Male 2 Letschert
262588,Alexandria Buntic
262590,Florián Carlsson
262591,Lluís Pavić
262593,Minduk Sampa
262595,Jaloliddin Masharipov
262597,Adjei Ma Ji Gang
262604,Kearney Congré
262607,Kameri Kabangu
262620,Sanseviero
262621,Gent Mackay
262635,Flips Paschalakis
262638,Evidence Makgopa
262642,Xue Qinghao Aminata
262644,Castrillón M.Maignan
262645,Florián Chinedu
262648,Arber Giovanni
262651,Tarasenko Liang Shaowen
262652,Lassen Jiegei
262657,Lisa Silva de Oliveira
262659,Nderim Attamah
262664,Chun So Jutta
262665,Karadas Saint
262666,Paswan Tenaglia
262667,Lirim Hawa
262668,Ji Jiabao M. Vargas
262669,Elma Laura Martínez
262671,S. Romero Ramón
262672,Nderim Vergara
262674,El Wafi Kang Sang Woo
262681,McEachran Kałahur
262691,Marek Gonçalves Leal Sá
262699,Adaramola Prabir
262704,Gracia Sánchez
262706,Souffian Tudor
262709,Małkowski Bodritskaja
262711,Deeb Makarov
262713,Leblanc Benaglio
262714,Macias Jenaro
262717,Asun Martínez Tenkorang
262718,Flagellat Qistina
262721,Luz Horta Habib
262722,Hierländer Bianca
262723,Tommy Bill
262728,Dajaku Ortel
262731,Coco Bassey Oubiña Sulejmani
262732,Källström Nelli
262733,Narumi Velanas
262738,Macias Caldeira
262740,Maiti Oliveira Simão
262744,Mickel Botman
262745,Münst Edda
262748,Adrià Sami
262752,Carabalí Calata
262754,Jong Mu Nankervis
262768,Maiti Saidt
262772,Tavano Elio Nicolas
262776,Francis Kulyk
262785,Bowei Wilhelmina
262788,Marshall-Rutty Sesay
262790,Marina Martí De Almeida
262791,Sonia Majarín J.Bianchi
262792,Famara Sjögrell
262794,Nu Shighil
262800,Lúcia A. Eleonore
262814,Peder Hoel Lervik
262815,Gazzolo Kirsty
262825,Kael Khasela
262826,Kaddour Raúl De Tomás
262831,Dall'Aglio Obertan
262838,Famara Heck
262839,Nu Vladko
262840,Lluís Korenica
262842,Mangal Bassam M.
262848,Shikha Capaldo
262859,Lawrence-Gabriel Clemilson
262860,Senty Kotal
262862,Otayf Liimatta
262863,Antonio Gomis Nias
262865,Eugen Russell-Rowe
262866,Kovář Colclough
262868,Chamberlain Godfrey
262879,Diogo Miguel Jairo
262880,Páez Németh
262881,Raja Robertsen
262889,Antal G. Villar
262898,Jackie Catarina
262902,Umeh-Chibueze Zhg
262903,J. Zapata Hayrullah
262906,Wang Shangyuan Eline
262911,Aleksander Daehyeon
262917,Marta Carrasco Dheeraj. M
262922,Owusu-Abeyie Texier
262925,Adeyemo Yerlin
262926,Taimi Samassékou
262929,Umayra
262930,Dajaku Olafs
262931,Talvela Emilija
262933,Liuyu Guilherme Liberato
262936,Shrivas Edon
262937,Isola Sumaiya
262938,Sims Andrianjafy
262939,Armstrong Saldaña
262940,Apollo Kim Jun Yub
262944,Lluís Jorginhson
262946,Pastorino Haines
262954,Ethan
262955,Nampalys Villalba
262956,Nas Tripić
262959,Wang Shangyuan Ivi
262962,Anselmi El Mala
262968,Arber Brignola
262978,Tanti Yazmeen
262981,Lazăr Feng B.Y.
262984,Kartum Saldivia
262988,Guilavogui Guite
262998,Cafaro
263006,Höftmann
263007,Naisseline Chalida
263009,Hannah Hampton
263011,Ella Toone
263012,Melchie Thijmen
263013,Lillian Vizjak
263018,David Sousa
263020,Sand Guillamón Sammartín
263021,Roxana Akalanka
263022,Marrugo Resink
263023,Nartey Saar
263024,Midtskogen Al Johani
263025,Kyriakopoulos Kang San
263028,Browne Norlin
263029,Renault
263030,Erlend Dahl Masopust
263031,Soñora Fertoli
263032,Utkus Klauss de Mello
263034,Antonaldo V. Kogler
263036,Huseyn Donatien
263041,Alexandria Petterson
263046,Nu Skjærvik
263049,Paswan Pereira Gonçalves
263057,Tashbaeva Sellami
263058,Abdulhadi Porro Sauceda
263061,Kim Jin Kyu Estrela
263062,Nassim R. Martinez
263063,J. Chaverra Tekere
263065,Flips Redón Almela
263068,L.Camino Elitsa
263073,Männel Gibs
263075,Sambu Marsoni
263076,Rares Van Oudenhove
263077,Lima Correia Braut-Brunes
263081,MinJun Faggioli
263089,Ferrario Khaing
263092,Owusu-Abeyie Sahabo
263098,Kawakami Lago Amil
263099,Matheus dos Santos Yu Kang Hyun
263101,Kapacak E. López
263107,Nela Jéssica S.
263110,Hugo Bueno Bakrar
263112,Manzorro Sanderson
263114,Manzorro Egil
263115,Jiu-ling M. Romero
263116,Källström Rakshit
263121,Desábato Carreño
263122,Marta Carro Gottfrid
263127,Oriol Busquets Guajardo
263132,Calvin Kanokwan
263133,Antonisse
263135,Laukkonen Mossard
263137,Daniella Severin
263138,Lirim Boesen
263139,Diogo PP Goller
263141,Antonio Gomis Cecilía Rán
263147,Alexis Montegeau
263152,Abdurahman Hamill
263153,Jeong Dong Ho Guga Rodrigues
263157,Musah Digby
263161,Barsham Al Riou
263163,Kiss Aurélio Gabriel
263168,Thomassen Onyango
263178,Nongoh
263180,Steffensen Barberá
263182,Yelisey Al Hashmi
263186,Hassan Seube
263192,Einar Galilea Nadhir
263193,Eddy Bingliang
263194,Ilqar Gaston
263204,Markiewicz Magnier
263205,Banduni Wędrychowski
263207,McMenamy
263208,McEleney Amo Torres
263211,B.Toure Adelina
263214,Rouault TaeHyun
263224,Ulvestad Barinaga
263225,Pack Gabriel Jesus
263227,Vilhelmiina Sooronbaeva
263229,Marcos Vinícius Palmieri dos Santos
263230,Melle Odobert
263233,Bellerín Bogdan
263237,Sólbjørn Vilches
263244,Barnett João Victo
263245,Tao Q.L. Pattenden
263249,Slamar Valderrey
263250,Sández Bakrar
263255,Godfried Formido Paiva
263258,André Horta Tessior
263259,Hyung Woo Briand
263262,Kolb Soticek
263268,Weronika Cashin
263271,Aidi El Hadji Malick
263272,Paswan Saldaña B.
263273,Maikel Mesa Bechtholdt
263275,Brozović Kamczyk
263279,Novikov Pendry
263283,Mallamo Thom
263287,Ina Sakurai
263293,Felix Vrede Peralta
263294,Aida Esteve Dedić
263295,Mamadou Mbacke
263303,McEachran Kolinger
263304,Eldin Farminhão Dias
263306,Andrew Doménech Sánchez
263307,Nassim Pedro Nezio
263308,Aidan Mandanda
263310,Antczak Smyth
263312,Yasmina Santos Sousa
263313,Owusu-Abeyie Maxamed
263317,Marek Łęgowski
263324,Jeno Shalini
263329,Tanti Nay
263336,Adrià Ajorque
263339,Capezzi Risser
263343,Mowatt Sevinj
263344,Mario Jr. Ramsden
263347,T.Sanabria Lachinova
263353,Elżbieta Tichý
263364,Laszlo Vanina
263365,Alejandra Bernabé Mantilla Pérez
263370,Tong Hyon Baradji
263371,Tarasenko Langås
263372,Kim Hyeon Woo
263376,Alibeyova Al Ghannam
263377,Lee Geum Min Abascia
263386,Jeno Kesting
263387,Kovačič Kitahara
263389,McAusland Mellish
263390,Caio Nunson Domenech
263393,Pablo Tomeo
263396,Coll
263397,Alain Mendis
263402,T.Sanabria Dasha
263403,Midtskogen Al Abdullah
263404,Abdoulaye Munari
263409,Camil Miah
263411,J. Cuellar Moleboheng
263413,Reggie Zhou
263417,Owusu-Abeyie Jerzy
263418,Lisa Traynor
263421,Kévine Corbett
263424,Małgorzata Ullah
263432,Minseok Belghazi
263434,Eugen Magnier
263439,Pănoiu
263453,Riyad Gerxhaliu
263461,Alberto Risco Démouchy
263464,Chira Květ
263465,Jonathan Germán Gaisser
263468,Waota Kane
263469,Mickel Juan
263474,Flagellat Tayyip
263475,Eugen Ritter
263479,Anara
263486,Tabak Zarko
263487,Schierack
263492,Frendrup Custom Player 40031
263496,Ihuoma Rony
263501,Bataillard Khumo
263502,Flagellat Xherdan
263503,Esma Naya
263504,Brodrick Lazaros
263506,Kartum Zhao B.
263509,Kim Jin Kyu Mariya
263513,Sasalak Haiprakhon
263514,Abduklim Jurgen
263518,Ahadme Souvik
263522,Jani S. Lloris
263527,Fairchild Mateos
263549,Durso Toft
263550,Rainey Capellini
263556,Rayco
263558,Terho Dayal
263561,Dagny Monnier
263563,Saad
263566,Rodrigo Conceição
263571,Fauria Dunja
263573,Amir Al Asmari
263575,Ci Rakel
263578,Bakhat
263581,Jong Mu Riina
263582,Moreno Pérez Pablo Vázquez
263583,Nélson Elyounoussi
263602,Bhutia Mroziński
263603,Okechukwu Stuparević
263614,Arh Leverbe
263617,Besmir
263619,Tvrdoň Cengiz Ünder
263620,Reis Gonçalves L. T. de Aquino
263621,Zhazira Zardes
263634,Govind
263637,Laso Gutiérrez Hajrovic
263640,Antonina Mehmet Can
263642,Antonio Gomis Bongiwe
263647,Gentile Alvaro R.
263648,Izzy Ladapo
263649,Taimi Nioule
263650,Hajda Vishal
263653,McMenamin
263654,Didier Darío Poveda
263655,Redzep Nicklasson
263657,Zhang J.F. Haraldsen
263658,Brugué Ayguade Birgisson
263669,Benchimol
263670,Berglie
263672,Effiong Adam
263674,Liu J.X. Hamidou
263676,Roberto Fernández
263677,Miti Derrick
263678,Sulejmani Gabe
263683,Dalot F. Guerra
263685,Caeiro Sulejmani
263686,Alex Mesías
263690,Emilio Madon
263693,Twigt Staes
263701,Nink Trevitt
263702,Rubina Adil
263703,Haruka L.Camino
263711,Rayamajhi Hoare
263721,Pack Bragstad
263724,Weisheng Zarek
263725,Albers
263733,Murzakulova Mings
263734,Diogo Monteiro
263739,Lazăr Luján
263740,Kob Sook Guyot
263745,Chinta Vindahl
263748,Alette Bernede
263756,Rayamajhi Morillo
263761,Tymoshenko Lehne Olsen
263763,Souleyman Verdejo
263765,Tanti Bilokapic
263766,Ogechika Al Najeeb
263773,Sólbjørn Beasley
263775,Williams Arthuer Rosalinda
263778,Juan Luis Sarkarova
263780,Mamadi Camará Pereira S. Almeida
263781,Tova
263786,Nakamura Pania
263787,Tymoteusz
263789,Dani F.
263790,Lorik
263796,McEleney Siphephelo
263798,Rashmi Reca
263801,Jeno Tarana
263804,Wipawee Kim Jin Hyuk
263808,Guignard Sachorov
263811,Jihyun Vitale
263813,Lintott
263815,Abrefa
263823,Servian Magdalena
263824,Montanari Al Hotailah
263825,Alessandro L. Bulat
263828,Redmond
263829,Urdl
263837,McNabb
263840,Viktória Jabrane
263841,Pasveer Eva Alonso González
263844,Nderim Borkowska
263847,Vasilyev
263851,Alex P. Ganchas
263853,Jihyun Callan
263854,Jeno Mauragis
263861,Thomassen Giotto
263867,Abdülkerim Al Rawi
263874,Mhamdi Cubero
263877,Léonard Sjøeng
263880,Agnès
263881,Miti Christa
263882,Aliona Eugénette
263883,Jonathan Dubasin
263884,Rodríguez Sánchez Al Malki
263887,Jesus Andradaldo Tiyanjane
263893,Amos Sâyoud
263895,Kassim Al Mhoass
263897,Fein
263899,Rahaman Boutaib
263901,Durakovic Thil
263906,Wooyoung Ashique
263907,Sun M.H. Camelia
263908,Bowler León
263914,Espaser Carraco
263918,Leblanc Sønstevold
263920,Marcich Myung Joo
263922,Mickel Kim Keun Bae
263929,Mario D. Camacho
263938,Iikka Nokutenda
263947,Antonsson
263949,Roldão Fertoli
263950,Nu Gökhan
263951,Felicitas Babadi
263953,Rubina Dyer
263955,Belec Khatuna
263961,Dalila Kaufmanis
263964,Feld Anglada Gutiérrez
263966,Ha Dong Seon Benard
263967,Naly Habib
263968,Kadıoğlu Sib
263969,Fishel Momoh
263970,Rashmi Jung Woo Bin
263975,Kanya Nmai
263976,O.Diakité Mirari
263982,Efe Adebola
263984,Mickel Bermingham
263985,Nderim Riri
263987,Bhutia Boyata
263990,Einarsdóttir Sulejmani
264000,Fran Vieites Batista de Souza
264001,Nigora Ayan
264002,Lucas Monzón
264004,Ali C.Tárrega
264009,Waela Grigor
264010,Jens Martin Moraes Pires
264011,Alam Araújo Cokaj
264012,Sophia Wilson
264022,Gilmar
264025,Jasson
264029,Vasilisa
264033,Netsanet Sib
264035,Jannik Procházka
264039,Lazăr Dilys
264044,Mario Soriano Urbig
264056,Leonardy
264057,J. Chaverra Naorem
264058,Quintillà Blagun
264063,Alex Babu
264065,Alessandro L. Liban
264068,Ephraim Cornelissen
264070,Alexandre Penetra Periera
264072,BergThórsdóttir Ntamack
264079,Jéssica Dervla
264085,Daniella Brandon Thomas
264089,Ramos Mingo B.Zanaretto
264092,Alakouch
264095,Hoekstra
264103,Tayo
264104,Viktória Giovanni
264110,Jadon
264111,Tameem J Jones
264115,Draw Character 3 Vilches
264116,Imray
264120,Andrieu Milovan
264121,Antef Tsoungui
264133,Hoseth Tomoya
264137,Okoye Gao
264139,Mahop Latka
264141,Nkabingwe Nobuhle
264147,Nampalys Onaiwu
264157,Jiegei Reno
264159,Hyeok Kyu
264160,Olivie
264167,Marc Vidal
264168,Jesus Andradaldo Noalha Rochela
264170,Lizbeth
264172,Carles Gil
264173,Inna
264174,Jolanda
264175,Paik
264176,Karuru
264179,Warren
264180,Algassime Delorme
264188,Stefu Fournier
264189,M.Miljevic Otilia
264191,Grindheim Kudala
264192,Muteb.M Minamino
264194,James-Taylor Casadó Torras
264195,Jadson Vidigal
264196,Fankhauser Santilli
264200,Calem Holgado
264201,Abdi Jude-Boyd
264203,Quanbo Gómez
264205,Nassoh Animasahun
264206,Ahmedhodžić Bafodé
264207,Ilqar Kim Keun Bae
264208,Nderim Kokolj
264209,Kurlis Boateng
264214,Lirim Bau Sa
264215,Everett McGeouch
264219,Emilian Peng X.L
264220,Williams B.Kavanagh
264221,Aquino Cossa Mandžukić
264223,Nderim Krauß
264228,Muhammet Ali
264229,Devendra
264233,JongWook Bittencourt
264238,Devine
264240,Galazzi
264245,Jun Meylis
264247,Belec Blin
264248,Diez Z.Aljohani
264251,Dedič Josha
264255,Jackie Sigeev
264257,Tah Nenad
264263,Iker Benito Jamie-Lee
264269,Aarøen Djamel
264270,Jorge More
264272,Nokwethemba Zeno
264273,Hartel Seungheon
264277,Mathieson Botelho Maia
264280,Tabansi
264284,Queiroz Barcelos Balzhan
264287,Bucha Bucchi
264288,Alexeyeva
264289,García Martínez
264290,Olivera
264293,Gunay Derrick
264294,Marić Lourival Adnan
264295,Nartey Zenteno
264297,Tursunai Dündar
264298,Coda Bowler
264305,J. Chaverra Carlos López
264309,Arda Güler
264311,Richárd Providence
264313,Tahwildaran Saldivia
264323,Fallenius Parzajuk
264324,Dal Toé Busanello
264325,Manon S.Elisor
264329,Trujillo Shehhi
264330,Chiricheş Wu
264334,De Carvalho Edvinas
264337,Rayhaan
264340,Kastenmeier Akwal
264347,Matheus Indio
264348,Shrivas Prevot
264349,J. Chaverra Martínez Quarta
264352,Marchán H. Fernández
264353,Bale Barış
264362,Olszewska Kumwenda
264364,Drissa Caldeira
264365,Hunziker Valerio
264367,Juan Luis Zhen
264371,Tanti Fanchone
264372,Nampalys Fujiwara
264377,Lafleur MinJae
264378,Marcos Vinícius Maccari
264380,Matino Sierhuis
264388,Miha
264390,Izzy Dante
264392,Kadıoğlu Xu H.Y.
264401,Ballack McCormick
264402,Fernandez Bettiol
264409,F. Boné Alimu
264411,Selam Sophie Román
264412,Nanasi McComas
264415,Cham Setford
264416,Mellon Belza Medina
264418,Jaggi Girdvainis
264421,Sándor Shackleton
264422,Mario Jr. Abrao
264423,T.Sanabria Benito Sánchez
264424,Ina Fekir
264431,Fallenius Rossini
264432,Abdelrahman
264433,N'Mai Omri
264436,Medea Eila
264437,Amane Martín Rielves
264438,Freja Siri
264440,Grainne
264441,Audrey Blas
264442,Paswan Skender
264445,Jiong Małgorzata
264449,Zayed Willms
264450,Abubakar Makan Winkle
264451,Dyakov Vergani
264452,Ringo Meerveld
264453,McHugh Yáser
264457,Cupido Gonçalves Wang Jinxian
264458,Abdurahman Maritu
264467,Manzorro Zaro
264477,Draw Character 3 Steinbauer
264478,Shikha Cornelissen
264480,Seon Ho Camblan
264485,Nightingale Zewditu
264486,Heitor Edvaldo Mikael Norø
264488,Jin Yong
264489,Terček
264492,Wei Zhen
264493,Benavides Fuentes
264499,Hoff Serdar
264500,Reginaldo Hulan
264501,Hélder Sá Györgyi
264502,Marshall-Rutty Shuai
264505,Okoye Dimov
264506,Josué Limberth Shahruddin
264507,Eugen Alvarado
264509,J. Chaverra Abbey
264511,Adaramola Monni
264512,Awate Caldwell
264514,Rouault Cristian Carracedo
264515,Malwin Diego Pampín
264516,Bokila Hemant
264517,Adaramola Vieira Almeida
264529,Ferrario Saj
264533,Oliveira de Araujo Toluwalase
264536,Lisa Choi
264537,Miguel Angel Ulariaga
264538,Dzhumalieva Zajmi
264547,Jin Hong Rahimi
264549,Kartum Magnín
264554,Nanasi Sergio Tejera
264555,Moyita Laquintana
264561,J. Chaverra Nelsson
264564,Lato Duan Liuyu
264578,Augello Marrugo
264579,Florian Peter
264580,Dajaku Chasity
264581,Jaehun Favasuli
264584,Iván Márquez Malte
264588,Lize Manakov
264589,Lelievre Gammelgaard
264590,N'Dri Philippe Kiana
264599,Mohamedhoesein N. Escoms
264621,Nelson Diogo Bartlett
264622,Algassime Pond
264627,Morente De Marcos Arana
264633,Eliesse Rosario Dos Santos
264638,Grande Sánchez Kyla
264644,Oluchi Kuzyaev
264645,Cholewiak Seçkin Batuhan
264649,Eduardo Dritan
264652,Bradley Barcola
264657,Qureshi Gwilt
264662,Grigoriy Serdar
264663,Jae Moon Uzeda
264665,López Muñoz
264670,Nu Reven
264671,Jacob Widell Blagoj
264681,Jill Villagrán
264682,McLaren
264683,Rainey Cholpan
264691,Da Silva Cafumana Vikram
264692,Daniella Strelec
264695,Nu Deddy
264696,Juanma Kang Seong Hyeok
264697,Mickel Amzar
264698,Llinás
264699,Kodai Asir
264701,Arp Wälti
264702,Kirkevold Stendardo
264705,Mickey Lü
264708,Johanne Gheorghiță
264711,Etete Fateh
264714,Yesit Mantilla Pérez
264721,Haruka Heuer
264725,Erkip
264728,Ahn Kılıçarslan
264731,Ashby Paterson
264733,Mahamé G. Ochoa
264734,García Dalmases Garayeva
264736,Linn
264743,Imaz Ballesté Donatella
264745,Novikov Elieser Danilo
264746,Hajda Latka
264749,Mikic Lutonda
264752,Juan Jesús Pol Lirola
264763,Etete Cheberko
264764,Coda Vania
264775,Twigt Raúl De Tomás
264785,Storm YiSeok
264786,Deivid Martinho
264788,Sersanti Munshi
264790,Adaramola Frendrup
264792,Hunziker Fuster
264796,Izco Cláudio
264804,D.Petratos
264807,Malangi Lawa
264817,Effiong Guo Jiayu
264820,Eugen Basanti
264821,Yashoda Edmilson Cambila
264822,Chinta Fábio Jaló
264823,Abdykadyrova Al Ahbabi
264825,Insua Mickel
264828,Kingslee
264830,J. Fernandes Puthiya Valappill
264831,Christos Vicari
264832,Raţ Siemsen
264838,Moyoyo
264842,Caeiro Meireles
264843,MacKinnon Di Guglielmo
264846,Cristhian Mosquera
264856,Antonio Gomis Tahira
264862,Léandre Akinola
264863,Hasret Josep
264864,Karolína Burduli
264865,Moreno San Vidal Chandrakant
264866,Niënhuis Delatour
264867,Anguissa Gai
264869,Franco Agustín Larraz
264875,Karlan Carreira Vilariño
264876,Javi Rguez Baggott
264877,Minduk Offiah
264880,Limani Sultanov
264884,Ozan Can Dorin
264885,Maghnes Rafael Vicente
264886,Gethin Töre
264889,J. Pereyra Lapeña Ruiz
264890,Jiovany Dae Woo
264891,Kahveci Uday
264893,Franck Yannick Begam
264895,Coeff Picaud-Inconnu
264896,Catrin Biojó
264899,Makwetla González Plata
264900,Laurina Fazer
264903,Rúnarsson Wright
264904,Lorenza Katoto
264905,Itakura Lacen
264906,Hamed Rushian
264907,Amoura Aren
264908,Annaëlle Khama
264910,Carlos Fernández Segomotso
264911,Chebbak Byrd
264912,Christoph Fortounis
264914,Dubasin Y. Chermiti
264915,Ford Raeli
264920,Jong Eun Pepê
264921,Jong-min Vimala
264922,Kock Krastev
264923,Kyan Manea
264924,Lee Sang Ki Thiney
264925,Lemos Collazo Gonçalves de Jesus
264926,Mattias Foreman
264929,Shaqai Xiong J.Z.
264930,Soriano Oropesa Markanday
264931,Tufan Victory
264932,Alexe Jovana
264933,Banis Douglas Aurélio
264934,Calero Villa Krepski
264935,Candelaria Bycroft
264936,Guerrero Landabaso Rafael Navarro
264939,Kyan Petrasso
264941,Elbouzedi Hermes
264943,Laupheimer Krebs
264944,Ibrahimi Benedyczak
264946,Seigers Brouwer
264947,Namung Anzor
264949,S. Vargas Maren
264950,Scamacca Maniatis
264954,Strain Pablo Felipe
264955,Tufan Habroune
264959,Cunha Ojeda Ramírez
264961,Rúnarsson Kaique
264962,Sverrir Ingi Kwiatkowski
264963,Damjana Colmán
264966,Jong Eun Kaipo
264967,Kajee Kayden
264968,Mariama Boualem
264969,O. Maritu Jahanara
264971,Esapa Osong Jurriën
264975,Patric Violeta Quiles
264978,Kalidou Stephenson
264980,Shaqai Song Wenjie
264982,Diogo Parrela Glionna
264985,Catriona Dawson
264986,Chad Gustav
264987,Encarnação Aidoo Jr.
264988,Flo Hajdari
264989,Gavril Comley
264991,J. Hernández Fali Candé
264992,Jon Gorrotxategi Simoni
264994,Kakou Murik
264995,L. Becerra Deshmukh
264996,L. Becerra Vidart
264997,Leguizamón Zach
264998,Linyan Byron
264999,Manglenthang Themba
265002,Limbombe Rahimli
265004,Rüegg Leighton
265005,Anni Sulo
265006,Toyosi Lankshear
265007,Annaëlle Gareis
265009,Diallang Obermeier
265010,Generic 3 Chi Minh
265012,Kachura Hermanto
265014,Kyan Saint
265016,Lirim Glódís Perla
265017,Luengo Mbengue
265018,Maksimov Plattner
265019,Malangi Houston
265021,Mazipov Barone
265023,Rúben Neves Aguilar López
265024,Rúben Neves Hermanto
265025,Samy Cayarga Fernández
265026,Shirokov Venuti
265027,Sut Serra Álvarez
265028,Toyosi Feng Zhuoyi
265029,Uaeli Saliba
265033,Beckles Singha
265034,Cargill Vannary
265035,Egorova Sandro Nelson
265036,Eikeland Teemu
265039,Issiaga Matope
265040,Banse Vaila
265042,Kakou Paulos
265043,Kebe Serafima
265045,L. Becerra Pietris
265046,L. Lozano Eisenhuth
265047,Laryea Odutayo
265049,M. Borja Benji
265051,Nate Roberto
265052,Samy Odutayo
265053,Shirisha Villares
265054,Siplak Jeong Jae Hee
265055,Usen Elian
265057,Collard Yasin
265058,Emmie Matías Barboza
265059,Geoffry Henry
265060,Gomes Simmonds
265063,J. Pereyra Mendyl
265064,Jenaro Kaio Kuiper
265069,Lemoine Kader
265070,Lemoine Kikkenborg
265072,Malangi Moss
265073,Mayo Falfán
265074,McCrystal Byram
265075,Naimi Sottil
265076,Pratima Bonnie
265079,Rousset Singo
265080,Sonne Franczak
265082,Adrián Bernabé Acton
265083,Almena Horcajo Goro
265086,El Arabi Hayashi
265091,L. Becerra Diédhiou
265092,Alim Shephard
265096,Glody Kameron
265101,Sawbwa Bayron
265102,Vesile Xie Weijun
265106,Annyong Bonevacia
265107,Chipciu McClean
265115,Laryea Owusu
265116,Leguizamón Hamad
265117,M. Monzeglio Singh Wangjam
265118,Chamberlain Vadym
265119,McGrandles Tierney
265120,McGrandles Veretout
265121,Nate Love
265123,Raid Vanesa
265124,Rakip Desta
265126,Thaïs Lü
265128,Ankinian Hazari
265129,Annaëlle Veretout
265137,Ha Jeong Woo Mbalenhle
265138,Iadthongkam Salazar Piriz
265144,Lemoine Giraud
265145,Lirim Bility
265159,Fabiański Zheng T.L.
265164,Male 3 García García
265166,McEveley Bozhanaj
265168,Ndri Garbett
265171,Pati Brignoli
265172,Rüdiger Dubickas
265179,Ashton Andriatsima
265185,Minduk Vermeij
265186,Alhaji Simarra
265188,Gentile Sadik
265193,Abdurahman Laidani
265194,Hyeokju
265195,Effiong Jakob V.
265197,Ayensa Bell
265198,Désiré Sekha
265203,El-Boghdadly Vicario
265224,Ha Jeong Woo CJ
265233,Rouault Tafazolli
265234,Savang Niha
265237,Annaëlle Outomouro Tófoli
265239,Katie McCabe
265240,Lebedeva Vladmiro Etson
265242,Maharana Yedlin
265243,Neugebauer Malkin
265244,Seon Ho Bounou
265247,Jankto Carluccio
265249,Lauren James
265252,Ashbee Nadege
265253,Asiya Aldrix
265255,Eduardo Estevão Hanlan
265258,Janneh Mwenya
265261,Kert Gmür
265262,Mihov Barreiro Martins
265263,Portugal Lima Vilches
265265,Reo-Coker Ayane
265267,Takehiro Kingsale
265269,El-Boghdadly Pugh
265273,Kalajdžić Xènia Pérez
265274,Kerry Hachen
265275,Laczkó Furtado
265277,Mandžukić Sólbjørn
265279,Shirokov Badji
265280,Uchendu Byeon
265286,Elbouzedi Kieren
265292,M. Khaibari Sorinola
265293,Martel Lachuer
265295,Mathias Bakken Vania
265300,D'Haene Bruijn
265301,Glody Fer Niño
265304,Kaji Soo Min
265305,Lemoine Ermin
265307,Liu Sh.B. Oskar
265311,Alkassar Langbråten
265315,Fontanarosa Goldie
265317,L. Becerra Blackett-Taylor
265319,Martin Vázquez Olonga
265322,Nuhiu Massamba
265326,Rúnarsson Martim Almeida
265331,Cordaz Brighi
265333,Glody Cifuentes
265334,Mathias Bakken Female 1
265336,Perizat Ovalle
265339,Endrick Felipe MinJun
265340,Jess Park
265342,Ridgewell Lukembila
265350,Gantumur Ermin
265352,Lee Seung Mo Visus
265359,Anjana McCalmont
265377,Toyosi Foti
265378,Mamady Moss
265383,Jameese Heitinga
265385,Tyreece Kojomberdieva
265390,Williams R. Casada
265396,Cardona de Miguel
265402,Targett Isolde
265405,Oksana
265407,Midtskogen Al Nashri
265408,Cabral Di Lollo
265409,J.Bartel Lawan
265412,Hakizimana Tomás Aresta
265421,Grillo Bentley Baxter
265422,Isolde F. Machado
265425,Mangal Milleskog
265428,Emőke Perleche
265431,Dzavad Postl
265437,Freis
265444,Tigest Ciccioli
265446,Jin Hong Boguski
265450,Jeong Chi In Bailly
265454,Kuo Hemp
265457,Rohner Solongo
265458,Bhowmick Trevoh
265459,Thomassen Minwoo
265460,Hirano Talichmanidis
265465,Marcos Paulo Léo
265468,D. Teodora Sulejmani
265478,El Shamy Urso
265483,Budu İnce
265486,Lisa Kralj
265514,Ji Eun J. Chaverra
265518,Odenthal Florencio da Silva
265520,Tine
265521,Park Chang Woo
265526,Grahl Rafa Soares
265535,Rajesh Matmour
265536,Damaris Egurrola
265543,Ahadme Pipo
265544,T.Sanabria Laborde Cabanillas
265545,Bandinelli Miroslav
265548,Makan Winkle Cédric Bikoue
265552,Dahan Ohio
265560,Dalavone
265561,Zaidu M.
265562,Haithem Mercado
265563,Flagellat Eun Young
265571,Cimirot Kryspin
265573,Caio Nunson Terestyényi
265575,Bledar Fabio.M
265576,Laura Martínez Pleguezuelo Selva
265577,Feras Asir
265578,Hyung Woo Akdemir
265579,Reis Gonçalves Valdimarsson
265580,Dani Albiar Silaghi
265581,Hajda Silviu
265596,Rouault Ful
265600,Renata Barand.
265601,Janelt Konchesky
265609,Grande Sánchez Ellertsson
265610,Raiee Afaq
265616,Jager Estacio
265627,Jin Hong Rangi
265628,Dilane Rankin-Costello
265636,Coruche Mendes Ramy
265643,Eggestein Klymenko
265645,Kapacak Abusir
265650,Sadap
265651,Lisa Caio Santana
265658,Efe Kenna
265659,Mahat Serdar
265671,Daisy
265674,San Emeterio Díaz Baša
265675,Jano Monserrate Calder
265680,Jano Monserrate Webó
265681,Rousset Yungeon
265683,Nanasi Fedorco
265689,W. Quiñonez Denić
265691,Chamara Rinomhota
265693,J. Alfaro Kesler-Hayden
265695,Markiewicz Shuha
265696,Ogulbibi Reske
265700,Marrugo Cojocaru
265703,Lemoine Djene
265705,Malin Nsimba
265716,Vasilios
265726,Curcio
265731,Sołowiej
265732,Zadi
265733,Daouda Caldeira
265734,Vilis Koo
265735,Wang Sh.Y. Agostinho
265738,Reis Gonçalves Amavi
265741,Yasmin Burnić
265747,Ramazani J.Berrocal
265749,Kanku Tau
265750,Famara Vidanov
265754,Di María Roseline
265757,Mailis Soner
265761,Coruche Mendes Vagh
265762,Feldkamp Messiniti
265763,Marta Carrasco Bragaru
265766,Liu Haofan Bošnjak
265774,Kim Jae Woo David Gil
265777,Marchán Bunga
265783,Diogo PP Baz
265786,Desábato Ellingsen
265788,Yasmine Idrissi
265789,Cham Saatçı
265792,Simao B. Farrell
265793,Lo'eau Peixoto Álvares
265797,Wildig Francesco
265799,Marić Noyakin
265800,Ferran Jutglà
265801,Kaikai Martínez Riera
265812,Daichi
265820,Ji Seon Mohor
265822,Esma Havard
265829,Erlend Dahl Verde
265832,Amato Butterfield
265833,Chamberlain Farkas
265840,Cuenca Bittroff
265842,Enzo Chissano Martí Salvador
265845,Ibrahimi Beka Beka
265849,Maëlle Lakrar
265850,Luís Silva Mo Jae Hyeon
265853,Niemi Mikalsen
265854,Rúnarsson Pinar
265856,Annaëlle Miller
265859,Eikeland Onguéné
265860,JongWook Dorokhova
265861,Martins Travassos G. Henrique
265862,MacIver Benítez Ianuzzi
265864,Mattias Havard
265878,Lorenza Davoren
265879,Loreta Ghislain
265883,Neudecker Candé
265890,Elbouzedi Fiorenza
265892,Itakura Périsset
265893,JongWook Otso
265894,Karpova Lima Correia
265896,Lim Jerzy
265897,Magou Dobrogeanu
265898,Matsukubo Dou-wan
265900,Munir.M Fan Shuangjie
265901,Portugal Lima Colmán
265902,Reina Páez Lapoussin
265903,Shifa Ohon
265905,Tyler Bayramov
265915,L. Becerra Boubakary
265916,L. Muriel Paxten
265917,Lemoine Maniatis
265931,Elek Jota Silva
265937,Lima Linhares Fernández Balboa
265948,Célya Barclais
265950,Cosette Morché
265956,MinKi Manjit
265968,Chothe Candela
265969,Zawada Bojaxhiu
265970,El-Boghdadly Bulut
265973,Fabri Arnoia Barusso
265975,Kanya Fu
265986,Nathael Walter Bivala
265993,Verhoek
266000,Tanti Fredrik Andre
266010,Gudelj Youssou
266011,Taimi Reyna
266012,Simao B. Malek
266015,Antonaldo V. Embaló
266029,Dajaku Simão Rocha
266031,Rubén Iranzo
266032,J. Cuellar Georgs
266033,Dajaku Durdymammet
266037,José Gabriel Cecilio
266039,Piesinger
266041,Lirim Kiko Femenía
266044,Majasaari Matras
266049,Ambrósini F. Vieites
266050,Jankovska Català
266061,Shorena Kamaldeen
266069,Gerard Yepes
266071,Sams M. Campos
266074,Shikha Paramanik
266075,Alexis Thyer
266081,Dedryck Boettcher
266085,Lucas Laso
266087,Flagellat Zanelatto
266091,Ashby Ruhana
266093,MinJun Vellios
266095,Coco Bassey Oubiña Nikolaj
266096,Tari
266097,García Antolín
266099,Oliveira de Araujo Omar Janneh
266100,Ugnė
266109,Lluís Vani
266110,Tao Q.L. Nacho Estrada
266113,Nardoni Morlanes
266117,Jadwiga
266118,Jesús Daniel Guga Rodrigues
266122,Jens Martin Staab
266123,Nu Piedra
266125,Artamonov Higgins
266127,Lazăr Gyeong Min
266136,Park Jun Beom
266145,Chajia Venancio
266147,Jesús Bueno Tomkinson
266148,Comendador Prado Herea
266150,Fellaini Solorzano
266151,Haruka Godwin-Malife
266153,Eldin Eninger
266155,García Alvear Gyeong Min
266158,Ennis
266159,Armer
266160,Mechthild
266161,Gijselhart Robertsen
266162,Lluís Forbes
266164,Durant Gouled
266170,Daoudi. S
266171,Johanne Paya
266180,M.Oroz Stevanović
266183,Josué Limberth Nazareth
266190,Lakrar
266196,Oshima
266197,Kelvin Giacobe
266198,Osamu
266205,Wernet Kinnunen
266208,Detlef Esapa Osong
266209,Isufaj Guðjónsdóttir
266210,Gale Mihnea
266215,Gijselhart Evelin
266218,Sağlam Gosselin
266235,Lisa Colidio
266236,Ariana Hugo González
266237,Owusu-Abeyie Vaz Stein
266240,Conor Ulyanova
266243,Villegas Hanane
266245,Na Ifeanyi
266252,Kang Min Geu
266253,Fonseca Silva
266254,Eguren Svajonė
266256,Akkan Adebola
266257,Elba Vergés Zhao Y.
266260,Jose Arnaiz Sondre Fosnæss
266269,Eloi
266270,Aarøen Pugh
266272,Mangal Adeyemi
266277,Tombakti Bhagat
266282,Kociubinski Julević
266284,Martin André Seung Gyu
266299,Flavia López Galache
266303,Aysel Abdullai
266304,Gentile Christiaan
266310,Coruche Mendes Woolston
266311,Gijselhart Ferrand
266312,Korutürk Marinescu
266325,Ji Sung Rivera Alonso
266328,J. Chaverra Coco
266331,Hoel Andersen
266334,Rubina Redondo Ferrer
266335,Lirim Park Yong Woo
266337,Tymoshenko Embaló
266341,Boyamba Coyle
266343,Eugen Soner
266348,Everardo Renée
266353,Lisa Fujita
266366,Choi Gi Yun
266373,Belec Bellerín Moruno
266374,Marco Esteban Roaldsøy
266375,Okedina Bosman
266379,Oum Gouet Boolsen
266382,Reimer Catena
266384,Songo'o Jovanovic
266387,Jiovany Puala P. R.
266389,Oumar Salcedo
266390,Salvatore Xie W.J.
266392,Antonio Gomis Foti
266393,Portugal Lima Mason-Clark
266395,Pasveer Ogbeta
266399,Annaëlle Afena-Gyan
266400,Tekie Hokama
266401,Iver Hinano
266404,Aliti Awere
266406,Matthäus Rafael Nel
266417,Dabó Zīle
266422,Carreira Sousa J. Izquierdo
266430,Odelia Tiago Santos
266433,Antonaldo V. Juana
266436,Jadenilson Nuno
266437,Diakhaté Kardeşler
266438,Narváez López Kiyan
266446,Mechele Bastos Almeida
266448,Amzine Yumiao
266451,Dumas Crescenzi
266453,Gilligan
266457,Swelim Gian
266461,Joaquin
266467,Jamil Sambo
266473,Osaze
266474,Choo Zaracho
266477,Lee Seung Hwan
266486,Martis Dobovišek
266496,Melo
266500,Jesús Bueno Ricardinho
266501,Balen Paula
266502,Wynn Linder
266504,Im Giovanni
266507,Alejandra Bernabé Alvyn Antonio
266517,Kartum Froholdt
266518,Narváez López Teuma
266526,Kalajdžić Silva de Goes
266528,Gerrit Maryan
266539,Hong Si Hoo
266541,Wilms
266543,Anggoon Ahrend
266551,Friis García Alvear
266553,Castro-Montes Rod
266554,Markiewicz Demiral
266556,Messner Giovanni
266564,Nas Sinik
266567,Unnur Montell
266568,Katri Kanayo
266574,José Alí McComas
266582,Ahadme Univaso
266583,Manon Soner
266585,Dajaku Mirari
266586,Lima Correia Lyng
266590,Ha Jeong Woo Petermann
266596,Issei Fagerström
266598,Ernő Sodatsayrov
266600,Gyeongmin Hilma
266601,Elbouzedi Shairon
266606,Dajaku E. Restrepo
266608,Nanasi Fiala
266609,Taimi Igor Madinha
266610,Jaeseok Obed
266615,David Seijalbo Karina
266616,Wen Da Shitov
266618,Ferrario Vlček
266623,Leblanc Cher
266624,Stamatelopoulos Almayuof
266629,Rouault Khadijah
266636,Adaramola Niraj
266641,Flavia Fan Shuangjie
266644,Awate Petriccione
266648,Gijselhart Carlin
266649,Mummert Tucker
266651,Dijan Vukojević
266653,Braian Paolucci
266654,Alara Seble
266655,Tarapu De Nipoti
266659,Jankovska Sridao
266660,Zechiël
266667,Marlon Lourival Alsalkhadi
266668,L.Pérez Liayat
266669,El Shamy Chura
266673,Zebiniso Conraad
266674,Andújar Guga Rodrigues
266676,Messiah Wenjie
266681,Marić De Sanctis
266682,Viktória Rukia
266685,Lirim J.Rguez
266686,Ndong Bruno Leite
266688,Elison Delgado
266691,Diego Forlán
266699,Liuyu Yokoyama
266709,Isidoro Masina
266717,Lluís Luiz Júnior
266718,Kessié Mushaga
266720,Rajiya Sarquis
266721,Abner Vinícius Solvet
266722,Nassim Rexha
266725,Ferk Liang Sh.W.
266726,Dabó Las
266728,Dajaku Buxton
266731,Minsu Birutė
266734,Malen Thuan
266736,Berkoe Enhle
266740,Ephraim Al-Sultan
266750,Reeder
266755,Uxío Dontas
266756,Alex Linetty
266762,Samanta Jada
266763,Endo D.Tangri
266774,Bacelar Martins
266788,Lammers
266789,Hong Sung Moo
266790,Osame
266792,Tymoshenko Deshiwal
266794,Stefan Altuve
266797,Gagik Zajmi
266803,Politidis Saarinen
266805,Lisa Barotova
266815,Belec Gannon-Doak
266816,Atuesta Kenneryd
266825,Carabalí Araújo dos Santos
266827,Iikka Fernando de Jesus
266828,Caire Kalvin
266831,Hyung Woo Saláta
266833,Rosamund Al Hajeri
266837,Ryuki Etchebarne
266838,Antonsson Alsalkhadi
266842,Muteb.M Briedl
266844,Lafleur Lingman
266848,Ojukwu Nagatsuka
266850,Johansen De Los Santos
266852,Székely Kolli
266866,Zatloukal
266867,Ings Strnadová
266870,Mamat Morgenstern
266871,Lazăr Vehovec
266872,Fairchild Gaia
266873,Felizia Bulut
266875,Jeong Chi In Baizakova
266886,Liesel Tangaroa
266890,Padrón
266891,Malwin Laaksonen
266895,Nandha Temp 40124
266897,Jorman Nouha
266905,Hartley
266906,Selene Oehmichen
266907,Portmann L.Fomba
266915,Sulejmani Heinesen
266918,Messoudi Kanatsızkuş
266922,Cañas Herbers
266927,Florián Hutters
266928,Trinity Rodman
266931,Chebbak Bayly
266933,Arhar Carmelo
266937,Manglenthang Lasure Briz
266939,Amath Nasser D.
266941,Shaqiri Pacheco Flores
266945,Gual Huguet Zammit
266949,Kujrakovic
266962,Leire Sólbjørn
266963,Rúben da Rocha Andrade
266969,Alim Combe
266970,Liu Guobao Demirol
266973,Gaya Goiteira Regalo
266975,Shirokova Halouane
266995,McGlynn Calderón Portillo
266996,Shaparenko Cantore
267001,Justiniano Donny
267025,Mandi Oppie
267053,Toner Soggiu
267137,Kuul Giani
267179,Bavidge Francés
267184,Negut Hautekiet
267199,Angoua
267200,Chukwueze Desislava
267202,Luther Gökhan
267203,Rouault He X.
267208,Amaia Iribarren Machach
267209,Pathé Ciss Marx
267212,Pasquale Theodore
267214,Ha Jeong Woo Berrío
267215,Bego Binks
267217,Rouault Clara Pinedo
267219,Scarcella Henson
267220,Kany Hnepeune
267221,Musonda Kongkaoriab
267223,Olivia Moultrie
267226,Raut Raúl De Tomás
267234,Karimova
267236,Rousset Monni
267237,Denzel O'Nien
267238,Deeming Nikolas
267241,Kazuya Patrícia Morais
267242,Brazil Payero
267243,Breno Bausa Përez
267247,Riyad Vilches
267250,Djibril Bagheria
267254,Batshuayi Faletoese
267261,Stroud Rudd
267264,Rouault Sigurðsson
267268,Toyosi Deng H.W.
267269,Portugal Lima Heeps
267272,Sudhir Meijer
267273,Carro Nolasco Melati
267276,Kambire Saxon
267277,Bettella Sigurlaug
267281,Arianna Vittoria
267282,McGrandles Altan
267283,Jeon Byung Kwan Andrade Lima
267286,Riyad Gaberšček
267287,Ozan Can Gramaglia
267293,Ani J. Chura
267295,Kamble Cleaves
267297,Cabral Consuelo
267299,JongWook Domenech
267300,McCrystal Fenner
267305,Cordaz Park Sang Hyeon
267309,Kovacević Mphafi
267311,Malin Deng Hanwen
267312,Ursuline Ufuk
267314,Ji Min Blakeslee
267318,Saška David Neres
267320,Castillejo Azuaga Delzer
267321,Kalajdžić Athula
267322,Määttä Mangal
267325,L. Gallardo Melchior
267326,Folarin Nuno Lisareda
267328,Dunivant Rossi
267329,Eichinger Balcı
267332,Kajetan De Cordova-Reid
267336,Lewald Krumrey
267338,Alex Li A.
267339,Guterres Lukembila
267343,Iona Raúl Alberto
267350,Cance Draper
267353,Mady Flóra
267358,Omari Costello
267362,Suarez J. Tayyip
267367,Rúnarsson Girl
267368,Despott Hadžiahmetović
267371,Omari Nanor
267374,Mervan Sulejmani
267375,Mapaseka Túlio Sebastião
267376,Dahlia Vella
267381,M. de Wit Raphael Rossi
267382,Munir Georghios
267384,Sulejmani Fernández Cózar
267386,Kocevski Masuaku
267388,Jung Taek Rakib
267389,Mamadu Saia
267391,Chindris Viale
267392,Samanta Matheus
267395,Weimar Aslan
267397,JinKyu Haugan
267401,Cho Wi Je
267406,Marta Carro Sen
267410,Johnston Paulinus
267412,Pérez Muñoz Zeki Yavru
267416,Alexi Matheus
267419,Draw Character 3 Dorobantu
267424,Muhamed Ashley Alban
267425,Alex Necidová
267426,Dajaku Kadish
267430,N'Mai Deossa
267433,Milla Manzanares
267446,Degli Innocenti Kaimana
267449,Richart Obolskii
267457,Rai Pablo Lee Yo Seb
267460,Jesus Andradaldo Naleli
267465,Amoroso Ros Martínez
267467,Streller Illarramendi
267468,Jorman Neal
267474,Eilis Jager
267476,Sulemana Adegboyega
267480,John-Joe Gil Pareja
267481,Eugen Brito
267483,Brodrick C. J. Sánchez
267485,Layouni Blanchard
267486,André Ferreira Holloway
267519,Karki Abigail
267521,Malin Ji Eun
267524,Rizzato Brignola
267529,Mimi Alimu
267530,Esmee Brugts
267531,Reke Lavezzi
267534,Rayamajhi Ranftl
267568,Izco Niko
267573,Liu Haofan Souprayen
267577,Jolivet
267583,Liu Sh.B. Ostrák
267585,Ha Jeong Woo Selimović
267588,Enoh Matus
267593,Dajaku Fehér
267594,Daniella Josna
267597,Lisa Milos
267599,Oumar Baumjohann
267601,Hoti Røsten
267602,Gagik Bellolio
267620,Jin Hong Briceño
267621,Hou J.R. Blažević
267624,Sargise Chrisantus
267625,Daniella Wójtowicz
267626,Markiewicz Fujita
267628,Kartum Paolucci
267632,Loup Diwan Piodão Esser
267633,Lomidze
267636,CJ dos Santos
267643,Goh Dong Min
267648,Maghnes Lachkar
267652,Héloïse Mansuy
267653,Makita Lachie
267661,Rúnarsson Cale
267680,Abdulhadi F. Watson
267681,Nanasi Tonetto
267684,Nakamura Gustav Sandberg
267685,Kochergin Emanuelson
267690,Tursch SeungWook
267694,Gyubaek O'Grady
267698,Samanta Fedorchenko
267702,Juwara Doina
267717,Maha
267729,Hoti Krogelien
267739,Tanti Dioni
267744,Xu Dong Nisachon
267750,Radunović Ruhana
267761,Maiti Sobowale
267768,Clelland Vicario
267771,Erlend Dahl C. Vivas
267778,Latorre Viñals
267782,Baljinder Cohen
267783,Alexandria Seo Ung
267784,Ings Lane
267787,Aalto Marcucci
267788,Alex Moreno Paz
267790,Odion Zanev
267794,Pau Prim Quispe
267795,Targett Selma Sól
267796,Sanjeev Nagendra
267797,Andriano Reis Lima
267800,Isnairo Reis Melero Manzanares
267801,Riyad Ronaldo
267825,Tachikawa
267827,Pradhan Aziza
267831,Browne Bendová
267844,Keira
267847,Kinský Sønstevold
267849,Taras Nikolaeva
267860,Tong Hyon Guga Rodrigues
267861,Ryuki Carvalho Souza
267862,Nascimento Galeno Tsvetelina
267866,Jonson Farrell
267867,Vešović
267868,Rozman Braida
267869,Nakamura Malo
267872,Nderim Almas
267873,Karlovac Arnór Ingvi
267874,García Alvear Mama Baldé
267881,Shorena Kerwin
267884,Heera Baur
267885,Jongte Tyron
267888,Carabalí Shoola
267894,Jaritz Sheng
267899,Frendrup Tziarra
267900,Manon Liu Haofan
267902,Draw Character 3 Gerken
267905,Bernardo Inácio Völler
267920,Alex Flóra
267931,Cupido Gonçalves Pipo
267941,Dajaku K. Nieto
267942,Thorat Callan
267946,Lee Won Woo
267947,Gümüşkaya
267956,Maicol Rimando
267958,Tariq
267960,Andrés Castrín
267973,Elma Baran
267974,McCausland Matheus Santos
267976,Ollivier
267991,Morita Paris
267993,Mura Gono
267994,Rodríguez Ramos Abul
267995,Isola Prema
268000,Sauli Chikosa
268007,Darasri Reis Lima
268009,Kartum Nikolay
268010,Brahma Matheus
268012,Musso Issaka
268060,Léo Alaba Fevrier
268065,Fontán Mondragón Erandathi
268067,Chingiz Qiuming
268068,Volchenkov Mannsverk
268069,Barrientos Kvia-Egeskog
268070,Luis Adrián C.Tárrega
268074,Manon Gba
268081,Seon Ho Ter Horst
268082,Lisa Nenova
268083,Aboubacar Odoom
268094,Matheus dos Santos Rambuka
268095,Rathbone Scalvini
268099,Pirinen Sotelo
268102,Sinamoi Möller
268106,Marshall De Cezare
268108,Diego Gustavo Barcola
268116,Tanti Rhian
268124,Holzman Carlier
268128,Daf Spahić
268130,Huang Yinghao Monni
268131,C Phair Dønnum
268259,N'Mai Vercruysse
268261,Azogue Fiamozzi
268262,Repohl Kitahara
268267,Dajaku Kouyaté
268273,Sánchez Rey Khalida
268283,Anesu Tsalani
268300,Kartum Kaoru
268303,Dembele Carter-Vickers
268306,Calem Co
268312,Sachu Kop
268313,Xu D.
268330,Ahadme Noordman
268331,Lloris Nicolás Gagnidze
268338,Rouault Vilches
268342,Osagawa
268345,Ahmed Eyüp
268375,Floyd Seung Heon
268394,Sólbjørn Gema Soliveres
268395,Uxío Khujamov
268396,Dadge Pedro Ortiz
268401,Fei Ernanduo Li H.L.
268402,Defendi Gerardo
268410,Cleaves Sichenje
268411,Umur
268414,Vilis Jurman
268416,Bowei Strong
268421,Marian Huja Sunit
268428,Mercier Babajide David
268429,Daniella Kolosova
268430,Ohashi McCowatt
268431,Relvas de Oliveira De Camargo
268433,Khoukhi Flavius
268434,Jeno Hock
268435,Cham Mata Arnaiz
268436,Iker Benito Habiba
268437,Nutsa Fila
268438,Alejandra Bernabé Gabri Mtz.
268439,Tamm Cleiton Silva
268440,Kuryu Sopio
268442,Rouault Mather
268443,Dajaku Gisela
268444,Ephraim Elizabeth
268445,Rahaman Benaglio
268449,Tait J.Casimir
268450,Sanad Sagolsem Bikash
268451,Javi Rguez J.Escobar
268452,Frendrup Daniella
268460,Garang Korey
268461,S. Etchebarne Kang In
268462,Dajaku Bogdanova
268464,Frendrup Chamorro
268466,Sansing Jung Dong Yoon
268468,Adrià Barbero
268470,Lourival Rodeiro
268474,Liga Liu B.
268475,Lemon Movila
268482,Dadge Blažević
268483,Phanin Jomkwan
268484,Brayann Magnier
268485,Coruche Mendes Carbajal
268486,Jaly Chuang
268487,Laczkó Durant
268488,Rousset Karina
268498,Lluís Vilarrasa Palacios
268503,Ashutosh Bayron
268504,Adaramola D'Angelo
268505,Sverrir Ingi Blanuta
268506,Isolde Andrade
268508,Ji Jiabao C.Tárrega
268511,Vandui Changcheng
268513,Jairzinho
268519,Adrian Scitto Abou
268527,Groenen Agustina
268529,Saville Fieraru
268530,J. Chaverra Minissale
268533,Mechele Habe
268534,Anesu Diego Bri
268536,Jong Mu Eartha
268540,Lazăr Biankadi
268544,Monni Cole
268550,Jihyun Fakili
268558,Targett Omsberg
268561,Boyan Gassner
268564,Keiber Lamadrid
268573,Fairchild Barro
268576,McGovern Cleiton
268581,Ryuki Tano
268583,Fei Ernanduo Mancuello
268597,Jostin Else
268605,Chimusasa Donnell
268610,Geethika Ferrand
268611,Jens Martin O'Neill
268612,Marcos Vinícius Piedra
268618,Lopes Cabral Aubert
268619,Lafleur Bravo-Hernandez
268621,Gagik Haugan
268622,Jailson Caeiro Bekhoucha
268623,Mario D. Bhembe
268628,Everardo Lothar
268629,Rouault Vangsgaard
268630,Iikka Phetmany
268631,Hajda Thorgeirsdóttir
268633,Cham Vicemte Tófoli
268640,L. Milla Cam
268643,Shaparenko Guellati
268647,Yidnekachew Siraç
268649,Alexia Kusmirowicz
268651,Weiser Kaasa
268652,Kartum Vidic
268656,Alessandro L. Xheladin
268672,Andreea C.Guanca
268674,Alessandro L. Frimpong
268678,Therkelsen Sri
268683,McEleney Feven
268685,Isola Hesl
268697,Gölgeli Edge
268703,Nandha Calderón Portillo
268704,Dante Maxamed
268712,Youstin Rosa Cadete
268715,Alsalkhadi Mantilla Pérez
268719,Bozinovski Agyei
268724,Kourouma Kourouma Tomas
268727,Meisl Jesús Joaquín
268728,Anders Rorig
268729,Fariña Gladun
268732,Marcos Vinícius Sang
268737,Sontheimer Nicoli
268738,Malkolm Nilsson Breza
268740,Dajaku Bartlow
268747,Lirim Vinícius Tobías
268748,Rubina Careaga
268751,Hyung Woo Klara
268753,Estupiñán Steinbauer
268754,Geon Hee Xianjun
268755,Seon Ho Daniela
268756,Daler Carrasso
268758,Mario D. Ribéry
268759,Páez Nkounkou
268762,Maiti Cristian Gutiérrez
268763,Emilian Neymar
268771,Borys Katura
268772,Alp Alibeyova
268775,Midtskogen Waad
268776,Hernes Al Amin
268778,Kadıoğlu Bosnić
268780,Midtskogen Momar
268781,Pagis
268782,Barth Al Olewah
268783,Mbarga Barnabás
268787,Kamijo Nouh
268790,Frieser Patrick Gilmar
268800,El Hilali Torrasi
268802,Etete Mertens
268803,Terho Yuri Berchiche
268804,Malgorzata
268805,Dalvi Jagiello
268820,Mehmeti Shahrizad
268825,Ayesha D. Collado
268837,Rayner
268839,Nunes Jesus Vittoria
268860,Ousou Pacheco
268868,Taborda
268872,Markiewicz Morello
268875,Sander Håvik Pedro Porro
268877,Won Abecasis
268879,Ahmedhodžić F. Álvarez
268886,Bowler Hutchison
268888,Jens Martin Coquet
268889,Álvaro Carreras
268894,Tanti Sidibe
268895,Jøsendal
268896,Hocking Kyu hyun
268897,Marcinkowski Zilli
268903,Reilyn Mollejo
268904,Junker Cecchetto
268909,Tateossian Sierralta
268912,Mangal Thierno
268913,Alessandro L. Chretien
268915,Tae Hee
268916,Marlon Gomes Knipping
268917,Miusam
268920,Meffert Pronichev
268927,Hugo Alberto Chrislain
268930,Han Tae Hui
268934,Nakamura Boka
268936,Mario D. Patric Bernard
268938,Hocking Fagerberg
268941,J. Hernández
268942,Cata Coll
268943,Gantuya
268944,Nyenyezi
268945,Marc
268946,Jozo
268947,Mangoro
268948,Marandi
268949,Enzo Damián
268951,Mazikou
268954,Jin Hong Guga Rodrigues
268959,Lepcha
268979,Lü Abunada
268982,Jacob Barrett Freestone
268985,Sobha Al Brake
268992,Carlos Fernández Moshoeshoe
268993,Liu X.Y.
268994,Lienard
268995,Chuky
268996,Capoue
269003,Abaza Sorgić
269005,Bridge Priscila
269017,Leat
269027,Aslonov
269030,Leona
269031,Welat
269032,Charcopa
269033,Lino Francisco
269037,Venkata
269040,Holman
269084,Timoteo Samuel Tanasijević
269086,Draw Character 3 Lewicki
269087,Lastra Wil
269088,Alain Nicholas
269089,JinSeob
269093,Keita
269096,Marrugo Veretout
269099,Eldin Marques Malho
269110,Charalambos
269115,Mavzuna
269116,Kofi Jeremy Lenoir
269120,Naschenweng Hess
269123,Sulejmani Vishal
269127,Jarra
269131,Ruíz Fleur
269132,Frendrup Duarte D.
269133,Ferrario Eline
269136,Khongordzol M. González
269138,Leavy
269141,Walczak
269145,Aleksandra Xi
269146,Zaira
269149,Einar Nadiem
269150,Ephraim Pinki
269151,Okoye Vinícius
269153,Antonaldo V. Fredrik
269155,Marguerite
269156,Okoye Miya
269159,Moreo Yun Il Lok
269161,Mireia Masegur Shobeir
269164,Mickel Abdon
269175,Nunes Jesus Strand
269176,Alejo Tsetseg
269181,Desábato Collado Raya
269182,Antonio Gomis Pring
269184,Jorman Morales Nogales
269186,Obermair Zeferino
269192,Anahita Zanon Barros
269196,Marrugo Anchor
269197,Magnín
269199,Lafleur Antonetti
269202,Alim Pinguet
269208,De Boeck Dante
269213,Reina Páez Elise Isolde
269214,Eriq Sofiane
269218,Mráz Alidu
269223,Devenish
269224,Injai Gomes
269227,Zaina
269228,Alti
269230,Nderim Roldão Riso
269232,Rouault Kagetoki
269233,Thomassen Flowers
269237,Arbër Korosec
269243,Didier Uyanga
269246,Medley Débora C.
269247,David Samuel J. Chaverra
269248,Deka Monju
269250,Wada
269251,Flavien Bengono
269256,Vandui Ojeda Saranova
269257,Alex Pejcinovic
269259,Laurențiu Xu Haofeng
269262,Marseiler Olaf
269264,Manel Ju Yeong
269269,Iñigo Piña Giannakos
269271,Fei Ernanduo Silva Gonçalves
269273,Markiewicz Gil Pareja
269276,Frédéric O. Rivas
269278,Desábato Guga Rodrigues
269288,Browne Gift
269292,Gayà Peña Pham
269293,Jongbeom Léa
269301,Nampalys Kodro
269302,Marlon Gomes Nabiyeva
269305,Rashmi Fana
269306,Isra Suero
269307,Sand Romeu Vidal
269310,Mahamé Falconí
269312,Tarapu Bakery
269314,Dajaku Hanchao
269315,Jinhyuk Robertson
269317,S. Romero V. Carboni
269318,Cataldi Hagglund
269320,Nassim Juma
269327,Juan Alexander Flagellat
269329,Viktória Ermin
269340,Juan Luis Kabali
269385,Sólbjørn Räcke
269397,Lisa Hazlehurst
269398,Ruibal García Nafissa
269400,Sow López Andúgar
269402,Hiroya Shahzat
269404,Salma Paralluelo
269406,Andrew Girelli
269411,Malado Diallo
269412,Tonali Zimmerman
269414,Shon Derrick
269418,Andrew Jang
269419,Kevin Lenini
269420,Lattus
269421,Jinshuai
269424,Shorena Menzi
269433,Heli Al Buraik
269434,Siphokazi Yuri B.
269435,Otayf Kongsro
269456,Mohamedhoesein Cem
269467,Muteb.M Tjoe-A-On
269471,Jong Mu B.Kavanagh
269472,Nascimento Galeno Aguilar
269475,Wooyoung Rúben Ismael
269476,Hishida
269480,Pulido Mayoral
269484,Montserrat Højbjerg
269489,Francisco João
269493,Alfon
269495,Eugen Budescu
269497,Lindsey Yohana Gómez
269500,Markiewicz Haugan
269501,Fisk Parisian
269506,Diogo PP Patri Ojeda
269507,Sinkala Kačar
269509,Daniella Dobrosavlevici
269511,Mangal Jaime Seoane
269512,Kokot Daferner
269513,J. Godinez Matoub
269514,M'Bia
269520,Wang Hao
269526,Declan
269530,Leonardo
269536,Yandle
269537,Bancé
269539,Vara
269552,Vran
269554,Alain Barkas
269558,Ben Hamed Diogo Travassos
269560,Tashbaeva Sijie
269562,Sabovic Linnehan
269565,Shubham Denić
269566,Adrià Féli
269572,Bagheria C. Neva
269579,Lovato
269599,Johannessen Galanis
269603,Casparij Shaibu
269604,Rashmi Hazarika
269615,Wasiri Vilches
269616,Jonsson Sbarra
269617,Johnen Mendes Mendes
269619,Mailis Enzo G.
269620,Majasaari Perraud
269622,Fairchild Quoalabee
269623,McLaren Adami
269625,Nkosinathi Sibisi
269626,Zhao J.F. Parrish
269632,Fioravanti
269637,Claudio Ever
269638,Alberto M.
269639,Araksya
269641,Hyeon Ug
269643,Alex Pop
269644,Olonga
269655,Suphanat Zbinden
269657,Guan Armend
269661,Ian Forns Sekany
269662,Amath Andreas Pereira
269664,Zandile Greilinger
269665,Agolli Alberto Marcelo
269668,Mustafá Ander Martín
269671,Jeanuël Serdar
269675,Tramoni Pfanne
269677,Malang Pappoe
269678,D. Fernandez Evelyn
269680,Shirvani Bragança Moutinho
269682,Alibeyova Makki
269683,Isalm Hamill
269684,Waghmare Al Mosailem
269690,Mahamé Donkor
269691,Jeno Sulejmani
269694,Potier Vítek
269697,Mwanajuma Hamill
269701,Mutiu Brignola
269705,Deji Sah
269707,Frendrup Khrystyna
269709,Grønbæk D. Bragança
269715,Ladumdžija Øy
269719,Ryuki He Zhenyu
269725,Lima Correia Mitriță
269726,Ayensa Aiki
269728,Jahic Baffoe
269729,Wanyika Begic
269731,Sintes Egea Nevado Gómez
269732,Rathav Robillard
269740,Laufey Bruno Fagundeiro
269744,Rikke
269745,Okechukwu Edder
269747,Jonny Diego Hugo
269748,Cipot Biancone
269752,Tanti Touriss
269754,Adrià Sovanna
269756,Isak Hagen Aalberg
269757,Lafata Amadeus
269758,Tymoshenko Lilou
269793,Lastra McClean
269795,Mangal De La Hoz López
269796,Jonjić Sheehan
269805,Kennedy Sotomayor
269811,Andersson Mella Lachenpa
269812,Reo Zawadzki
269816,L. Fernández Nono Gómez
269817,Heera Derya
269818,Jongte Mireia
269823,Enea Bahoya
269825,Jézéquel Shahruddin
269827,Elzė Ely
269829,Lurdes Rhiain
269832,Targett Monnet
269842,Schlotterbeck Waiter
269850,McEleney Kirch
269855,Bekele Beatriz
269859,Arshakuni Tumasyan
269863,Jill Eskandarian
269866,Taimi Dahlhaus
269869,Nartey Janne
269874,Gillion
269875,Ryan B. Schelotto
269880,Andrej Chipo
269888,Mahamé Percy
269889,Tigest Obita
269894,Musah Al Ali
269899,Nerys Meschack
269903,Odelia Salifou
269912,Caitlin Bowditch
269913,Karlsdóttir Trevitt
269916,Marrugo Gustav Mendonca
269921,Reina Páez Rosucci
269922,Deeb Holse
269923,Ismet Rits
269930,Gagnon Nijland
269931,Belec Postolachi
269932,Midtskogen Al Hurayji
269934,Ryuki Niflore
269935,Gijselhart Pedro Ribeiro
269942,Sayuri Blanchard
269943,Ibrahimi Mamour
269947,Kartum Sibo
269948,Tanti Bomholt
269949,Cham Female
269950,Marko Hernani Jr
269951,Sólbjørn Kairinen
269952,WooJae Bonner
269953,Bockhorni Merdanjan Abduklim
269954,Dodd J. Chicco
269955,Josué Limberth Hanisah
269956,Kranevitter Torrente Navarro
269959,José Aamet Laurentiu
269960,Daniella Perle
269962,Dajaku Edwin Sydney
269963,Bee Gvardiol
269964,Lorrai
269970,McEachran Janio
269971,Albarracín Perrin
269972,Lily Boakye
269993,Mathieson Loune
269994,Maikel Mesa Verón
269996,Bang-Kittilsen Moğultay
269997,Gölgeli Anhari
270000,Abdullah Al Enazi
270001,Salem Al Najdi
270008,Timur Gayret
270012,Henri Koudossou
270013,Aaron Zehnter
270014,Tunay Deniz
270017,Tomi Horvat
270023,Theo Janotta
270027,Jakob Bookjans
270033,Tim Oermann
270034,Fabian Wilfinger
270036,Alexis Segovia
270037,Randy Schneider
270038,Justin Hammel
270039,Diego Moreira
270044,Lukas Mazagg
270046,Lukáš Sadílek
270049,Christy Gavory
270050,Mika Biereth
270054,Patrick Gilmar Sequeira
270060,Samuel Soares
270064,Ilario Monterisi
270065,Ben Lloyd
270068,Cadu
270072,Morlaye Sylla
270073,Abu Bekir Ömer El Zein
270077,Konstantinos Koulierakis
270079,Jenna Bike
270084,Mehdi Dorval
270086,António Silva
270088,Simone Giordano
270098,Fabio Abiuso
270101,Edoardo Saporiti
270104,Adel Bettaieb
270107,Luca Langoni
270109,Martim Neto
270110,Felix Ruschke
270111,Benno Dietze
270113,Brandon Khela
270116,Raphael Schifferl
270118,Lewis Temple
270120,Jake Najdovski
270121,Nathanael Blair
270129,Olaf Kobacki
270131,Niccolò Corrado
270133,Salim Diakité
270136,Benjamin Böckle
270140,Kristi Montgomery
270141,Franco Israel
270203,Yago Cariello
270206,Mateo Joseph
270208,Archie Gray
270209,Darko Gyabi
270215,Ezequiel Cannavó
270217,Alessio Furlanetto
270279,David Jaunegg
270301,Peque
270319,Park Yong Hui
270328,Donat Rrudhani
270329,Thea Bjelde
270331,Zakaria Hawsawi
270338,Vilarrasa
270339,Diego Rosa
270340,Yuliwes Bellache
270341,Yanis Massolin
270351,Kjell Peersman
270352,Mohamed Achi
270355,Lohann Doucet
270363,Maël de Gevigney
270368,Emmanuel Yeboah
270371,Ryan Andrews
270374,Seb Quirk
270376,Saxon Earley
270379,Abu Kamara
270380,Jaden Warner
270381,Oskar Leśniak
270382,Oskar Wójcik
270397,Santiago Moya
270398,Luca Kjerrumgaard
270399,Charly Nouck
270400,Michael Glück
270403,Marius Wörl
270406,Emily Orman
270407,Agnes Beever-Jones
270409,Savinho
270415,Luna
270454,Martín Ortega
270455,Jasper Pattenden
270456,Lucas Souto
270460,Abdulaziz Noor
270461,Fabio Di Michele Sanchez
270463,Nikola Čavlina
270465,Badredine Bouanani
270468,Jessica Ziu
270471,Amin Al-Hamawi
270475,Patrick Brouwer
270478,Marquinhos
270485,Franco Carboni
270491,Harrison Neal
270502,Anthony Oyono
270507,Luca Belardinelli
270512,Cheick Condé
270514,Noel Eichinger
270515,Paul Lehmann
270517,Diego Luna
270518,Enzo Tchato
270519,William Osula
270525,Franziska Kett
270528,Žan Zaletel
270529,Aceves
270531,Ousmane Diomande
270532,Dženan Pejčinović
270534,Victor Bak
270536,Valdemar Byskov
270538,Frank Junior Adjei
270542,Filip Kocaba
270548,Devin Angleberger
270554,Felix Keidel
270559,Tiago Santos
270560,Isak Bjerkebo
270571,Gabriel Sara
270575,Viktor Andersson
270578,Willum Þór Willumsson
270579,Wilson Odobert
270583,Niklas Jahn
270587,Rafael Brito
270591,Tornike Gaprindashvili
270593,Darren Robinson
270597,Antoine Makoumbou
270608,Yehor Yarmoliuk
270609,Kyreece Lisbie
270611,Duk
270612,Silke Demeyere
270613,Mahamadou Doumbia
270614,Marco Nasti
270617,Alex Murphy
270619,Salomé Elisor
270633,Ryan Flamingo
270636,Etienne Camara
270637,Brodie Spencer
270652,William Agada
270653,Amrit Gope
270657,Edoardo Iannoni
270658,Samuele Angori
270670,Farès Chaïbi
270673,Warren Zaïre-Emery
270674,Alberto Costa
270676,Stanley Mills
270679,Ollie O&#x27;Neill
270680,Adrion Pajaziti
270683,Idris Odutayo
270698,Yellu Santiago
270700,Ibe Hautekiet
270702,Matisse Didden
270704,Dylan Durivaux
270706,Kieran Cruise
270708,Margaux Vairon
270715,Jakub Lewicki
270728,Carlos Romero
270729,Rodri Alonso
270732,Espigares
270735,Aakash Sangwan
270738,Thiago Ezequiel Ojeda
270742,Alex Saji
270743,Manoj Mohammad
270748,James Maxwell
270756,Simone Ghidotti
270764,Léo Borges
270787,Andri Lucas Guðjohnsen
270812,Jandro Orellana
270820,Mohamed Farsi
270821,Mike Penders
270828,Ibrahim Salah
270830,Morgane Belkhiter
270834,Abderrahman Rebbach
270842,Rodrigo Villalba
270845,Miguel Chaiwa
270846,Aurèle Amenda
270847,Dion Kacuri
270849,Samba Lélé Diba
270857,Mateus Fernandes
270860,Jones El-Abdellaoui
270863,Andrei Borza
270864,Nachon Nsingi
270865,Diego Calai
270866,Youssef Chermiti
270870,Miguel Nóbrega
270877,Rodney Elongo-Yombo
270879,David Torres
270885,Mor Ndiaye
270886,Kyliane Dong
270887,Nectarios Triantis
270888,Gaby Jean
270892,Fuka Nagano
270894,Lamine Diack
270895,Eva Kouache
270900,Andi Hoti
270901,Laurin Ulrich
270905,Mohammed Fuseini
270913,Uran Bislimi
270919,Besfort Zeneli
270921,André Picornell
270923,Rihito Yamamoto
270926,Niccolò Pierozzi
270928,Severin Ottiger
270929,Mohammed Al Abdullah
270933,Owen Lunt
270937,Luke Harris
270939,Ángel De La Cruz
270940,Fabio Torsiello
270944,Ben Nelson
270951,Khuliso Mudau
270955,Nelson Quiñónes
270956,Thomas Battistella
270957,Andrezinho
270964,Jobe Bellingham
270965,Timo Schlieck
270967,Marion Haelewyn
270971,Salifou Soumah
270983,Clayton
270994,Pascal Fallmann
270995,Nikolas Sattlberger
270996,Adam Stejskal
270997,Samson Baidoo
270999,Dijon Kameri
271000,Justin Omoregie
271004,Thomas Geris
271005,Nik Prelec
271006,Yeferson Paz
271010,Jocelyn Janneh
271011,Ayush Chhetri
271013,Patrick Nuamah
271014,Joseph N&#x27;Duquidi
271017,Matheus Pereira
271018,Dara Costelloe
271019,Giovanni Fabbian
271028,Doug Tharme
271031,Felix Eriksson
271032,Matte Smets
271034,Álex Padilla
271037,Adu Ares
271040,Jaedyn Shaw
271050,Donatien Gomis
271051,Sergio Oregel
271053,Anthony Markanich Jr
271055,Jackson Travis
271057,Gustavo Sá
271061,Jacques Ekomié
271063,Oliver Arblaster
271064,Jordan Amissah
271065,Tommy McDermott
271066,Miles Leaburn
271075,Nathaniel Adjei
271079,Max Ejdum
271080,Aske Adelgaard
271090,Nino Žugelj
271092,Moses Usor
271099,Elicha Ahui
271101,Igor Strzałek
271106,Devin Padelford
271108,Tani Oluwaseyi
271110,Matthew Connelly
271112,Gavin Beavers
271114,Dennis Seimen
271116,Benicio Baker
271118,Noah Naujoks
271119,Lukas Ullrich
271120,Mike Kleijn
271121,Quilindschy Hartman
271132,Gabriel Silva
271135,Pedro Bicalho
271139,Jacob Mendy
271143,Kyle Hiebert
271145,Abel Bretones
271146,Alessandro Sorrentino
271147,Billy van Duijl
271150,Kayne van Oevelen
271156,Kristall Máni Ingason
271160,Sidi Sané
271164,Rareș Gal
271165,Meriame Terchoun
271171,Louis Lord
271172,Rareș Pop
271174,Fiona Liaigre
271191,Joe Whitworth
271195,Elias Manoel
271197,Lameck Banda
271198,Medon Berisha
271199,Giuseppe Ciocci
271201,Nunzio Lella
271202,Nicolò Cavuoti
271205,Isaías Delpupo
271211,Jankat Yılmaz
271213,Samuel Giovane
271215,Bryant Nieling
271218,Will Alves
271219,Arbnor Muja
271227,Divin Mubama
271235,Owen Bevan
271236,Noah Raveyre
271240,Muhammed Uvais
271244,Mehdi Baaloudj
271246,Muhammed Damar
271247,Skelly Alvero
271248,Eliezer Mayenda
271252,Simon Ebonog
271256,Steve Ngoura
271259,Inès Konan
271265,Edvin Austbø
271266,Givairo Read
271267,Chuki
271269,Pim Saathof
271270,Robbin Weijenberg
271272,Alcedo
271289,Joel Silva
271293,Simon Becher
271294,Otabek Shukurov
271296,Matěj Jurásek
271300,Dominik Prpić
271306,Khalil Fayad
271308,Richard Odada
271317,Rafael Fernandes
271320,Tonni Adamsen
271325,Aribim Pepple
271326,Daniel Håkans
271333,Thimothée Lo-Tutala
271344,Kevin Ortiz
271353,Sebastian Holm Mathisen
271358,del Cerro
271361,Erdem Çetinkaya
271362,Yasin Özcan
271373,Fran Pérez
271378,Nermin Karić
271384,Dion Drena Beljo
271385,Edoardo Corvi
271394,Josué Escartin
271395,Ivan Prtajin
271396,Lalchungnunga Lalchungnunga
271399,Andrea Oliveri
271400,Igor Paixão
271403,Evelina Duljan
271404,Dilara Acikgöz
271405,Ilayda Acikgöz
271406,Jonna Brengel
271411,Oliwier Zych
271414,Karl Edouard Etta Eyong
271415,Ben Engdahl
271417,Yaimar Medina
271421,Désiré Doué
271425,Tony Yogane
271430,Luca Woodhouse
271433,Benjamin Faraas
271438,Marco Moreno
271439,Pau Casadesús
271441,Ben Schlicke
271443,Emma Ramírez
271444,Nuria Rábano
271445,Alfie Chang
271446,Vicky López
271451,Dinis Pinto
271452,Benjamin Bouchouari
271458,Yllan Okou
271459,Víctor Aznar
271461,Bruno Onyemaechi
271464,Yáser Asprilla
271467,Hilmir Rafn Mikaelsson
271471,Fabricio Oviedo
271475,Nicolò Bertola
271477,Alessandro Bianco
271482,Luca D&#x27;Andrea
271490,Javi Garrido
271491,Carlos López
271494,Joel Voelkerling Persson
271495,Mario Dorgeles
271496,Kaare Barslund
271502,Šerif Berbić
271507,Dembo Sylla
271511,Derensili Sanches Fernandes
271512,Brian Aguirre
271525,Deabeas Owusu-Sekyere
271526,Yue Tze-Nam
271530,Dom Ballard
271532,Pablo Campos
271533,Bjørn Martin Kristensen
271539,Danilo Veiga
271540,Žan Žužek
271541,Vladyslav Vanat
271542,Kostyantyn Vivcharenko
271543,Anton Tsarenko
271544,Oleksandr Yatsyk
271546,Valentyn Morgun
271548,Oleg Ocheretko
271556,John O&#x27;Sullivan
271560,Reyes Cleary
271562,Matheus Araújo
271563,Moussa N&#x27;Diaye
271568,Jelena Čanković
271569,Osama Al Mermesh
271571,Gabriel Batista
271572,Alessandro Fontanarosa
271573,Mattia Zanotti
271574,Rico Lewis
271575,Simone Pafundi
271576,Zé Carlos
271577,Ibrahim Sulemana
271579,Filippo Terracciano
271583,Giovanni Garofani
271598,Maëlle Seguin
271605,Jakob Knollmüller
271611,Heine Gikling Bruseth
271618,James McManus
271620,Leo Bolgado
271626,Emre Tezgel
271632,Juan Arias
271633,Kilian Toscano
271636,Mohammed Al Yami
271637,Hussain Al Sibyani
271638,Ismajl Beka
271645,Timothy Noor Ouma
271650,Théo Magnin
271657,Xu Bin
271658,Xavier Mbuyamba
271659,Aljoscha Kemlein
271661,Yann Lienard
271664,Jithin Subran
271666,Jayden Wareham
271667,Conor Brann
271668,Xavier Simons
271669,Juan Larios
271673,Lázaro
271675,Adam Mayor
271682,Latasa
271683,Marko Milovanović
271686,Josh Johnson
271688,Zuriko Davitashvili
271689,Pathé Mboup
271691,Junior Diaz
271693,Tawanda Maswanhise
271716,Djeidi Gassama
271721,Pape Demba Diop
271728,Elise Isolde Stenevik
271739,Honoka Hayashi
271741,Patrik Mercado
271742,Gio Garbelini
271743,Amario Cozier-Duberry
271746,Adrian Blake
271748,Roy Steur
271751,Harry Griffiths
271755,Kike Salas
271756,Matai Akinmboni
271757,Rubén Gómez
271767,Marcelo Esponda
271784,Hanna Németh
271786,Hannah Etzold
271787,Melina Kunkel
271788,Martyna Wiankowska
271800,Yankuba Minteh
271805,Diego Sánchez
271807,Ethan Nwaneri
271811,Mélinda Mendy
271816,Andre Brooks
271819,Paula Flach
271821,Faye Kirby
271830,Anne Moll
271837,Vanessa Fürst
271839,Selina Vobian
271845,Alena Bienz
271854,Aaron James
271855,Fernando Martínez
271856,Antoine Hainaut
271860,Ena Mahmutovic
271864,Antonia Halverkamps
271868,Meret Günster
271876,Matt Baker
271878,Selmin Hodza
271879,Miguel Reichmuth
271882,Sebastian Otoa
271888,Nina Ngueleu
271890,Monique Ngock
271893,Bruninha
271900,Brison Fernandes
271916,Bryan Zaragoza
271917,Jorne Spileers
271918,Robin Risser
271919,Stefano Moreyra
271920,Arana
271921,Gabriele Guarino
271922,Duccio Degli Innocenti
271923,Emmanuel Ekong
271928,Basil Tuma
271929,Michael Craig
271932,Thom van Bergen
271933,Gonzalo Morales
271936,Nassim El Ouarti
271937,Dawid Drachal
271940,Martial Godo
271942,Ane Azkona
271944,Maria Méndez
271945,Oihane Hernández
271949,Nediljko Labrović
271952,Laura Vogt
271953,Momodou Lamin Sonko
271955,Marc Bombardó
271963,Pedro Borges
271969,Nicolás Paz
271974,Bobby Clark
271975,Stefan Bajcetic
271977,Harvey Davies
271979,Nacho Ferri
271980,William Clem
271983,Kévin Keben
271984,Lukáš Ambros
271986,Kristian Fletcher
271988,Musa Touré
271989,Luca Banu
271993,Jonas Therkelsen
272001,Mayra Ramírez
272004,Érika González
272005,Nataša Andonova
272007,Paula Fernández
272008,Leire Baños
272009,Antônia Silva
272010,Viola Calligaris
272011,Paula Tomás
272012,Silvia Lloris
272013,Nuria Mendoza
272014,María De Alharilla
272015,Estela Carbonell
272017,Ainhoa Bascuñán
272018,Núria Escoms
272019,Maria Gabaldón
272020,Andrea Tarazona
272021,María Valenzuela
272024,Carmen Álvarez
272025,Violeta Quiles
272032,Leles Carrión
272038,Paula Perea
272043,Catalina Pérez
272046,Jessica Martínez
272047,Ana Franco
272048,Arola Aparicio
272049,Ornella Vignola
272050,Martín-Prieto
272051,Toni Payne
272053,Rosa Otermín
272054,Klára Cahynová
272055,Eva Llamas
272056,Inma Gabarro
272059,Teresa Mérida
272061,Paola Ulloa
272064,Itziar Pinillos
272072,Alba Ruiz
272073,Lucía Pardo
272076,Racheal Kundananji
272077,Marina Rivas
272081,Ana González
272082,Sandra Villafañe
272084,Lauren
272085,Berta Pujadas
272094,Fiamma Benítez
272097,Ainhoa Alguacil
272099,Macarena Portales
272100,Ivonne Chacón
272101,Anita Marcos
272109,Xènia Pérez
272110,Andrea Medina
272111,Sonia Majarín
272112,Carmen Menayo
272113,Cinta Rodríguez
272114,Hanna Lundkvist
272115,Leicy Santos
272116,Wifi
272119,Landaluze
272121,Naroa
272122,Valdezate
272123,Nerea Nevado
272124,Bibi
272125,Ane Elexpuru
272126,Amaia Martínez
272127,Maite Zubieta
272129,Irene Oguiza
272135,Clara Pinedo
272136,Paula Arana
272137,Sara Ortega
272138,Jone Amezaga
272140,Cristina Cubedo
272145,Sheila
272146,Kanteh
272147,Bicho
272148,María Llompart
272153,Ainoa
272159,Irina Uribe
272163,Elena Julve
272164,Laura Martínez
272168,Núria Garrote
272172,Esther Martin-Pozuelo
272179,Kuki
272180,Raquel Morcillo
272188,Lucía Martínez
272192,Judith Caravaca
272199,Mirari Uria
272200,Cecilia Marcos
272202,Iris Arnaiz
272203,Maddi Torre
272204,Allegra Poljak
272205,Izarne Sarasola
272206,Ana Tejada
272207,Alejandra Bernabé
272208,Manuela Vanegas
272210,Ane Etxezarreta
272211,Olatz Santana
272212,Adriana Nanclares
272213,Elene Lete
272217,Gift Monday
272224,Natalia Ramos
272225,Paola Hernández
272228,Pisco
272229,Estella
272232,Patri Gavira
272234,Clau Blanco
272235,Noelia Ramos
272236,Nayluisa Cáceres
272241,Bárbara López
272244,Raiderlín Carrasco
272246,Sandra Castelló
272251,Patri Ojeda
272254,Laia Ballesté
272255,Chelsea Louise Ashurst
272257,Elba Vergés
272265,Gema Soliveres
272266,Lice Chamorro
272269,Garazi Fácila
272270,Miku Kojima
272271,Patricia Larqué
272274,Lydia Andrade
272283,Toma Ihlenburg
272284,Isabella Jaron
272288,Athanasia Moraitou
272293,Laura Sieger
272298,Vildan Kardeşler
272303,Marwan Al Sahafi
272304,Buhari Ibrahim
272305,Cristian Gutiérrez
272312,Parthib Gogoi
272313,Maximiliano Puig
272314,Peng Peng
272317,David Martínez
272322,Noah Donovan Sahsah
272323,Jaiden Kucharski
272324,Jake Girdwood-Reich
272329,Gustavo González
272332,Rofiat Imuran
272336,Matt Lendfers
272338,Natasha Kowalski
272340,Ramona Maier
272341,Annalena Rieke
272342,Rebecca Adamczyk
272346,Rokas Pukštas
272347,Ed James
272350,Alan Lescano
272355,Diesel Herrington
272357,Lucas Rosa
272365,Sinclair Armstrong
272369,Joe Wormleighton
272379,Samuel Iling-Junior
272383,Nicolas Glaus
272385,Oliver Jones
272399,Lawrence Agyekum
272400,Elena De Toro
272401,Sam Glenfield
272407,Check Keita
272427,Alberto Flores
272430,Ale García
272433,Herrando
272444,James Dadge
272445,Álvaro
272446,Fábio Jaló
272449,Pablo Barrios
272453,Pablo Durán
272454,Maximilian Schmid
272455,Pablo Marín
272456,Emmanuel Adegboyega
272461,Rhys Youlley
272464,Axel Gueguin
272465,Caleb Roberts
272482,Julia Landenberger
272486,Diego Méndez
272487,Dani Pérez
272490,Leonard Costa
272497,Joshua Quarshie
272500,Carlos Baleba
272503,Sergio Mestre
272505,Endrick
272514,Taha Ayari
272515,Antoine Mendy
272529,Mustapha Isah
272530,Déron Payne
272534,Lysianne Proulx
272538,Finn Hetzsch
272540,Jerome Ngom Mbekeli
272545,Ionuț Cojocaru
272557,Mattis Hoppe
272559,Wang Yiwei
272562,Jed Drew
272566,Áron Csongvai
272568,Ibrahim Diakité
272569,Kevin Rodríguez
272570,Raquel Pinel
272571,Luka Jovanović
272596,Benjamin Tahirović
272599,Tuomas Ollila
272600,Marc Casadó
272602,Valentín Carboni
272603,Nolan Norris
272604,Ali Ahmed
272607,Manssita Traoré
272611,Omar Bully Drammeh
272612,Brajan Gruda
272613,Né Lopes
272622,Shahzat Ghojaehmet
272624,Peter Reinhardsen
272648,Topi Keskinen
272650,George Hoddle
272651,Tom Cannon
272656,Victor Gonçalves Andersson
272657,Lisann Kaut
272659,Ensar Aksakal
272660,Thaddäus-Monju Momuluh
272668,Amine El Ouazzani
272672,Lucas Ness
272673,Zach Mitchell
272675,Kevin Ciubotaru
272680,Sandra Perera
272687,Benjamin Cremaschi
272697,Yerliane Moreno
272699,Juan Camilo Pérez
272700,Elli Pikkujämsä
272702,Rio Shipston
272708,Panashe Madanha
272709,Gustav Lindgren
272712,Elliot Stroud
272718,Joel Roca
272723,Lautaro Di Lollo
272725,Matteo Prati
272726,Giuseppe Ambrosino
272733,Oberdan
272735,Szczepan Mucha
272736,Bobby Wales
272737,Aidan Simmons
272748,Mijit Mewlan
272756,Favian Loyola
272759,Li Ning
272769,Niek Schiks
272776,Léandre Kuavita
272777,Bashir Humphreys
272781,Eliesse Ben Seghir
272783,Arthur Atta
272785,Christian Mawissa
272787,Simon Simoni
272808,Florian Bohnert
272813,Jayden Reid
272814,Zhao Jia&#x27;nan
272825,Geovane Jesus
272826,Ary Borges
272828,Majed Qasheesh
272829,Ângelo
272830,Muath Faqihi
272832,Soichiro Kozuki
272833,Mubarak Al Rajih
272834,João Neves
272835,Hugo Picard
272839,Matías Giménez
272844,Lucas Arce
272853,Mileta Rajović
272861,Nicolás Watson
272862,Mark O&#x27;Mahony
272863,Franco Umeh-Chibueze
272872,Roman Květ
272874,Arne Engels
272877,Cian Byrne
272881,Saeed Baetaih
272886,Nelson Khumbeni
272887,Xavier Valdez
272891,Viktor Bergh
272894,Kévin Danois
272895,Charlie Hughes
272896,Yannik Lührs
272902,Tomás Sultani
272904,Pedro Alemañ
272906,Dhari Al Enazi
272908,Ousmane Camara
272909,Marek Janssen
272911,Franco Watson
272916,Nikola Vasić
272918,Fredrik Nissen
272920,Ludwig Małachowski Thorell
272926,Lucas Bergvall
272927,Theo Bergvall
272930,Samuel Kotto
272931,Hugo Bolin
272932,Melker Widell
272939,Matías Abaldo
272943,Mitja Ilenič
272944,Robert Badescu
272945,Nicolás Capraro
272946,Rodrigo Insua
272949,Manuel Brondo
272951,Kevin Castaño
272952,Anton Kurochkin
272958,Rome-Jayden Owusu-Oduro
272959,Villiam Granath
272961,Daniël Virginio Deen
272965,Isak Alemayehu
272967,Danilo Al Saed
272968,Filip Ottosson
272978,Jorrel Hato
272980,Olivier Aertssen
272982,Christian Rasmussen
272983,Jaydon Banel
272990,Braian Oyola
272992,Bruno Mota
272994,Mandy McGlynn
273001,Eva Schatzer
273007,Sha Yibo
273008,Jorg Schreuders
273010,Kathrine Møller Kühl
273012,Sebastián Valdéz
273018,Andrey Santos
273020,Joe Low
273022,Yeray
273027,Conor Keeley
273028,Mateo Del Blanco
273032,Aldrith Quintero
273044,Magnus Brøndbo
273047,Andreas Jungdal
273050,Sofie Lundgaard
273051,Jerónimo Domina
273079,Juan Ludueña
273081,Bautista Barros Schelotto
273082,Thomas Waddingham
273090,Mateo Mendoza
273099,Amalie Vangsgaard
273100,Ermal Krasniqi
273114,Jakob Lemmer
273123,Nathan Zézé
273124,Célio Pompeu
273127,Andrejs Cigaņiks
273128,Rafiu Durosinmi
273136,Lorena
273142,Antonia Canales
273150,Daniela Caracas
273153,Linda Caicedo
273158,Daniela Arias
273160,Ángela Barón
273168,Stine Ballisager
273171,Janni Thomsen
273174,Isabella Obaze
273175,Josefine Hasbo
273177,Olivia Holdt
273194,Jennyfer Limage
273196,Tabita Joseph
273199,Maudeline Moryl
273202,Sherly Jeudy
273205,Chasity Grant
273211,Hlín Eiríksdóttir
273227,Hinata Miyazawa
273255,Imane Saoud
273258,Kate Taylor
273265,Christy Ucheibe
273270,Nicole Payne
273274,Marthine Østenstad
273275,Mathilde Harviken
273280,Marit Bratberg Lund
273365,Bruna Lourenço
273379,Kyra Carusa
273381,Heather Payne
273391,Amy Muir
273403,Julia Stierli
273404,Seraina Piubel
273405,Nadine Riesen
273406,Naomi Mégroz
273411,Livia Peng
273459,Chris Rigg
273463,João Gomes
273466,Alyssa Thompson
273467,Michelle Cooper
273468,Emily Sams
273469,Jenna Nighswonger
273470,Reyna Reyes
273471,Olivia Wingate
273472,Penelope Hocking
273473,Sydney Collins
273475,Alexa Spaanstra
273476,Haley Hopkins
273478,Sierra Enge
273480,Gabrielle Robinson
273481,Kayla Fischer
273483,Jordan Silkowitz
273484,Shae Holmes
273486,Messiah Bright
273488,Ally Schlegel
273492,Angelina Anderson
273504,Summer Yates
273520,Maika Hamano
273522,Samuel Ntamack
273526,Panagiotis Kikianis
273529,Alex Bonetig
273530,Marcus Younis
273533,Franci Bouebari
273537,Kobe Corbanie
273538,Nicolás Goitea
273545,Aaron Kiil Olsen
273546,George Ilenikhena
273548,Peter Stroud
273550,Jonathan Dean
273552,Keegan Hughes
273553,Gabriel Segal
273558,Stephen McMullan
273560,Matías Rocha
273563,Annabel Schasching
273564,Gift Orban
273567,Chiara Hahn
273573,Matt Healy
273577,Joaquín Valiente
273581,Diego Aznar
273582,Jovan Lukiċ
273593,Gustav Friberg
273596,Kazper Karlsson
273599,Harry Amass
273600,Jack Grieves
273602,Andrea Giorgini
273603,Mateo Antoni
273604,Luciano Rodríguez
273610,Andrés Ferrari
273614,Claus Niyukuri
273615,Sander Østraat
273616,Romain Esse
273621,James Beadle
273626,Colette Ndzana
273628,Tobias Slotsager
273633,Lee Jung Taek
273641,Sun Guoliang
273649,Fredrik Berglie
273651,Jarell Quansah
273663,Pedro Santos
273666,Amine Sbaï
273667,Justin Diehl
273674,Raul Bucur
273678,Gabriel Gheorghe
273683,Derlis Rodríguez
273687,Anouk Denton
273692,Kofi Balmer
273693,David Ozoh
273694,Busanello
273707,Lucas Hernández
273711,Santiago Solari
273730,Elías Cabrera
273748,Joaquín Panichelli
273750,Gonçalo Nogueira
273752,Wouter Goes
273754,Ahan Prakash
273755,Halen Nongtdu
273756,Ayush Chhikara
273760,Nikhil Barla
273767,Nicolas Meriano
273768,Santiago Longo
273771,Semir Telalović
273773,Gyamar Nikum
273778,Tim Goller
273787,Hwang Do Yun
273788,Son Seung Beom
273800,Choi Woo Jin
273803,Juraj Badelj
273815,Moon Seong Woo
273826,Emiro Garcés
273827,Gustavo Puerta
273835,Lilian Raolisoa
273836,Soledad Belotto
273838,Safia Middleton-Patel
273839,Pierce Charles
273840,Beni
273843,Alex Arce
273850,Sebastián Boselli
273855,Dušan Stojinović
273858,Abdihakim Ali
273866,Franco Alfonso
273872,Dániel Radnóti
273875,Álex Valle
273877,Vibin Mohanan
273878,Nihal Sudeesh
273879,Mark Zothanpuia
273880,Bikash Yumnam
273882,Bernt Klaverboer
273883,Cesare Casadei
273884,Christian Ordoñez
273885,Leon Reichardt
273889,Tom Smith
273893,Fredrik Dahl
273897,Mohammed Harboush
273898,Joe Anderson
273904,Felipe Sánchez
273905,Alan Sosa
273906,Renato Veiga
273909,Manuel Mónaco
273912,Paula Partido
273913,Gregorio Morachioli
273915,Nikola Štulić
273917,Giuseppe Aurelio
273918,Vivaldo
273921,Agustín Villalobos
273922,Walter Jhonnier Chalá
273926,Nathan Butler-Oyedeji
273930,Jude Soonsup-Bell
273931,Elias Bakatukanda
273932,Gvidas Gineitis
273933,Kassoum Ouattara
273936,Ali Bina Dembélé
273946,Korbin Shrader
273948,Kojo Peprah Oppong
273949,Stephen Bolma
273962,Moussa Soumano
273964,Valentín Depietri
273976,Diego Barrera
273978,Jakob Maslø Dunsby
273979,Ciaran McGuckin
273984,Eduardo Bores
273987,Patricio Pernicone
273998,André Gomes
274000,Elias Saad
274004,Kiki Silva
274005,Joel Bertolissio
274006,Marlee François
274011,Jesus Castillo
274022,Kim Ju Chan
274024,Eden Karzev
274035,Lee Seung Won
274038,Nicolas-Bernd Oliveira
274041,Kim Do Hyun
274046,Lucas Ferreira
274055,Isaac Hughes
274057,Tuur Rommens
274065,Dion Rankine
274075,Laura Coronado
274078,Vasco Sousa
274080,Mario García
274081,Gregorio Rodríguez
274082,Alan Matturro
274083,Eduardo Villanueva
274089,Niklas Pyyhtiä
274091,Julian Halwachs
274093,David Herold
274094,Kamarai Swyer
274096,Calixte Paul Ligue
274101,Justin Janitzek
274102,Oliver Scarles
274105,Manu Silva
274107,CJ Fodrey
274115,Cho Min Kyu
274116,Jo Hyun Tae
274122,Martín Barrios
274125,Santiago Morales
274126,Paris Brunner
274130,Seid Korać
274133,Melker Heier
274134,Alexander Jensen
274145,Maximiliano Zalazar
274187,Gabriel Pereira
274191,Daisuke Yokota
274195,Andrés Torrico
274196,Matias Fonseca
274197,Francesco Gelli
274198,Jorge Gutiérrez
274199,Mikkel Fischer
274208,Ilias Kostis
274209,Carlos Álvarez
274212,Pau Sans
274213,Danijel Lončar
274219,Ahmed Abdullahi
274226,Mert Kömür
274228,Aron Sasu
274231,Óscar Perea
274246,Lewis Miley
274254,Dorny Romero
274259,Robson Matheus
274262,Lucas Quintana
274264,Jona Niemiec
274266,Agustín García Basso
274268,Mikael Marqués
274269,Paul Walters
274270,Rui Modesto
274272,Noah Cobb
274273,Ajani Fortune
274288,Oscar Gloukh
274342,Ronald Bustos
274355,Iker Muñoz
274357,Alarcón
274358,Lalo Aguilar
274363,Javier Guerra
274369,Mauro Perković
274377,Enso González
274378,Marcelo Fernández
274387,Reuell Walters
274389,Khayon Edwards
274390,Jack Henry-Francis
274394,Sean Fusire
274397,Mihnea Rădulescu
274401,Juan Bisanz
274404,Benn Ward
274406,Pontus Dahbo
274408,Santiago Salle
274409,Park Se Jin
274411,Han Tae Hui
274414,Yoo Ji Un
274422,Lee Hyun Yong
274437,Jorge Teixeira
274440,Ibrahim Fofana
274442,Antoine Joujou
274444,Adrian Przyborek
274445,Karim Konaté
274447,Ngal&#x27;ayel Mukau
274448,Mathijs Tielemans
274449,Mohamed Nassoh
274451,Jesse Dempsey
274456,Warren Davis
274458,Enzo Adrián López
274465,João Marques
274472,Nathan Lowe
274474,David Okagbue
274479,Jake Oram
274486,Marvel
274489,Fabian Pekruhl
274492,Miguel Perez
274494,Fahad Al Abdulrazzaq
274503,Hugo Ancajima
274510,Kyra Spitzner
274516,Ibrahim Osman
274521,Santiago Quirós
274522,Franner López
274523,Loureins Martínez
274525,Franyer Oliveros
274526,Emin Durakovic
274527,Leon Grgić
274528,Lewis Schouten
274533,Daniel Munie
274534,Andrew Privett
274535,Max Arfsten
274536,Moïse Bombito
274537,Philip Quinton
274540,Andreas Heredia-Randen
274542,Stiven Jimenez
274548,Baran Ali Gezek
274549,Talha Sarıarslan
274553,Agustín Anello
274554,Roko Brajković
274555,Mario Martín
274559,Kendry Páez
274564,Luis Gilberto Martínez
274565,Jannik Hofmann
274569,Tomás Avilés
274570,Daniel Barrea
274616,Semih Kılıçsoy
274617,Mats Pannewig
274630,Jack Thomson
274636,Alex Bannon
274644,Clare Hunt
274665,Shakur Mohammed
274672,Seo Myeong Kwan
274685,Patrick Agyemang
274686,Nimfasha Berchimas
274692,Rémy Labeau Lascary
274694,Cho Sung Gwon
274696,Louis Köster
274699,Stefanos Tzimas
274701,Jakob Napoleon Romsaas
274702,Luca Lipani
274717,Alexis Villa
274719,Yeltzin Erique
274721,Federico Accornero
274722,Giorgi Gocholeishvili
274724,Vladyslav Kabaev
274726,Nazar Voloshyn
274729,Maksym Dyachuk
274730,Denys Ignatenko
274732,Dmytro Kryskiv
274734,Charles Petro
274735,Pascal Klemens
274736,Juan Saborido
274741,Cristhoper Zambrano
274742,Oscar Thorn
274750,Wesley Sneijder
274753,Tarciane
274758,Yasmim
274767,Morgan Messner
274770,Molly McLaughlin
274774,McKinley Crone
274779,Paige Metayer
274780,Luany
274786,Sheika Scott
274808,Olivia Sekany
274810,Mackenzie Wood
274813,Gisele Thompson
274828,Álex Calvo
274830,Michał Gurgul
274834,Mats Rots
274839,Jung Ji Hoon
274841,Duncan McGuire
274844,Jakob Vester
274845,Mathys Tourraine
274846,Mara Alber
274847,Vanessa Diehm
274850,Marie Steiner
274855,Miika Koskela
274865,Jordan Majchrzak
274896,Gerardo Padrón
274897,Heiber Linares
274906,Mojmír Chytil
274912,Donald Nduka
274913,Christopher Bonsu Baah
274915,El Hadji Malick Diouf
274924,Leon Opitz
274927,Kristian Hlynsson
274934,David Watson
274942,Caden Glover
274944,Damion Downs
274947,Marco Pellegrino
274949,Nahuel Herrera
274952,Oscar Højlund
274959,Jake Batty
274970,Emeka Eneli
274974,Máximo Carrizo
274976,Alonso Coello
274978,Moisés Brandán
274979,Jens Hjertø-Dahl
274992,Stian Sjøvold
274993,Marco Wörner
274998,Jonathan Shore
274999,Kennedy Okpala
275000,Alf Lukas Grønneberg
275001,Richard Torales
275006,Mo Faal
275008,Jack Neeley
275011,Kees Sims
275016,Gustavo Marins
275019,Edan Diop
275024,Justin Kalumba
275027,Gora Diouf
275028,Arthur
275029,Ibrahim Maza
275032,Novak Mićović
275043,Axel Cerda
275044,Diego Corral
275046,Bruno Damiani
275048,Chemsdine Talbi
275049,Enzo Francescoli
275050,Kyriani Sabbe
275051,Romeo Vermant
275054,Edier Ocampo
275056,Saidou Alioum
275062,Daníel Guðjohnsen
275067,Lamine Fanne
275070,Otávio
275076,Kang Joon Hyuck
275077,Fran Topić
275079,Elis Bishesari
275080,Kenan Bilalović
275087,Richie Sagrado
275090,Lars Villiger
275100,Joaquín Mosqueira
275101,Bernard Kamungo
275102,Soungoutou Magassa
275108,Wiktor Bogacz
275126,Aleix Garrido
275128,Ahmed Al Julaydan
275130,Nesta Elphege
275134,Jordi Valadon
275137,Valentin Atangana
275138,Lamine Camara
275153,Malcolm Jeng
275161,David Andersson
275162,Tommaso Barbieri
275163,Reda Belahyane
275172,Abbas Nureli
275179,Alcides Barbotte
275180,Thiago Servín
275183,John Mellberg
275184,David Ezeh
275190,Zheng Haoqian
275192,Luka Vušković
275195,Yanis Pîrvu
275196,Rocco Vata
275201,Filip Erik Thorvaldsen
275205,Thiago Fernández
275206,Livano Comenencia
275207,Fedde Leysen
275208,Guéla Doué
275209,Lucas Assadi
275221,Ibrahim Aliyu
275225,Alin Roman
275227,Antonio Dumitru
275233,Mateusz Kowalczyk
275238,Niko Sigur
275241,Patrik Vydra
275244,Ishé Samuels-Smith
275246,Tom Watson
275248,Thiago Helguera
275251,Mauricio Cuevas
275252,Stephen Afrifa
275253,David Ruiz
275257,Juan Manuel Romero
275258,Arif Boşluk
275261,George Nevett
275262,Jonah Sticker
275267,Miguel Di Pizio
275272,Myles Roberts
275274,Mansour Ouro-Tagba
275279,Emmanuel Iwe
275288,Malick Mbaye
275290,Markus Karlsson
275291,Niccolò Pisilli
275292,Axel Atum
275294,Ronald Donkor
275295,Bork Bang-Kittilsen
275296,Nolan Galves
275297,Liam Morrison
275298,Aleksandar Pavlović
275300,Connor O&#x27;Brien
275304,Ji Shengpan
275317,Mathieu Patouillet
275318,Jian Tao
275319,Tang Chuang
275320,Qeyser Ezimet
275322,Liao Rongxiang
275323,Freddy Willcox
275324,Assane Diao
275325,Tommaso Martinelli
275327,Lovro Štubljar
275328,Can Uzun
275331,Liam Möller
275333,Alberto Marí
275337,Christ Makosso
275338,Cody Baker
275343,Baltasar Rodríguez
275347,Macaulay Langstaff
275351,Lucien Mahovo
275353,Zakaria El Ouahdi
275360,Vinícius Lopes
275372,Papa Amadou Diallo
275374,Narcis Ilaș
275395,Maïté Boucly
275396,Aurore Paprzycki
275398,Noémie Mouchon
275399,Lorena Azzaro
275400,Naomie Bamenga
275401,Matija Frigan
275403,Louann Archier
275410,Chloé Tapia
275411,Tygo Land
275415,Jorge Pascual
275418,Younes Taha
275419,Duke Verduin
275429,David Sotelo
275436,Noah Darvich
275446,Jonas Mayer
275450,Naomi Layzell
275451,Olivia Clark
275454,Ffion Morgan
275457,Brooke Aspin
275461,Dilan Salgado
275462,Catriel Cabellos
275468,Andrés García
275474,Liu Jun
275487,Babatunde Akinsola
275490,David Tufekčić
275492,Rasmus Holten
275493,Luis Chacón
275497,Brais Martínez
275507,Mamadou Sarr
275515,Ender Echenique
275520,Manu Bueno
275522,Lennon Miller
275523,Lea Paulick
275525,Luisa Guttenberger
275527,Amelie Thöle
275528,Elena Mühlemann
275533,Franziska Mai
275534,Nele Bauereisen
275544,Mohammed Al Shuwayrikh
275545,Alan
275549,Abdulelah Al Khaibari
275554,Alessandro Pietrelli
275557,Hussain Al Zabdani
275559,Abdulaziz Al Hotailah
275561,Eid Al Muwallad
275564,Mohammed Naif
275570,Suhayb Al Zaid
275571,Abdulaziz Al Olewah
275574,Jujuba Cardozo
275576,María Miralles
275579,Carla Andrés
275581,Arene Altonaga
275586,Ane Campos
275587,Esperanza Pizarro
275588,Laura Camino
275589,Andrea Álvarez
275592,Ruben van Bommel
275594,Tim Janisch
275595,Alex Franco
275599,Sebastian Revan
275600,Marvin Akahomen
275602,Gerardo Valenzuela
275610,Tomasz Wójtowicz
275621,Gottfrid Rapp
275622,Hormigo
275631,Kevin Radulović
275634,Alexander Briedl
275638,Matthias Seidl
275639,Simon Seidl
275641,Fally Mayulu
275642,Anteo Fetahu
275644,Gábor Szalai
275645,Noel Caliskan
275648,Alexandru Pop
275649,Shi Songchen
275650,Imran Memet
275651,Peng Xiao
275652,Liu Xiaolong
275659,He Bizhen
275663,Min Zixi
275666,Zhang Tao
275673,Xu Zhenyao
275674,Ma Haoqi
275682,Khaimin Lhungdim
275683,Mohammed Salah
275690,Mithat Pala
275691,Ibrahim Olawoyin
275694,Anıl Yaşar
275696,Filip Đukić
275703,Tobias Lauritsen
275714,Evans Maurin
275721,Tim Spycher
275733,Niklas Steffen
275736,Dennis Kaygin
275739,Omar El Sawy
275741,Marcus Lindberg
275742,Fredrik Carlsen
275754,Lasse Rosenboom
275760,Nastassja Lein
275763,Kian Spence
275765,Alba Pérez
275768,Cristina Postigo
275771,Igor Thiago
275774,Alicia Redondo
275779,Naima García
275782,Ángeles
275783,Kialonda Gaspar
275785,Ronald
275787,Laura Pérez
275808,Tereza Szewieczková
275811,Olivie Lukášová
275813,Diana Bartovičová
275814,Lucie Bendová
275818,Petra Divišová
275820,Tereza Krejčiříková
275822,Tamara Morávková
275823,Kristýna Růžičková
275824,Martina Šurnovská
275826,Denisa Veselá
275845,Kim Dubs
275849,Leela Egli
275856,Nordin Bakker
275858,Lance Duijvestijn
275861,Jochem van de Kamp
275867,Stije Resink
275871,Arion Sulemani
275878,Emmanuel Biumla
275886,Eleni Markou
275887,Alayah Pilgrim
275889,Lourdes Romero
275895,Oliwia Woś
275897,Erin Clachers
275898,Chloe Warrington
275899,Lisa Forrest
275901,Zoran Mitrov
275904,Remina Chiba
275906,Aoba Fujino
275912,Filippo Pittarello
275915,Deborah Abiodun
275916,Jennifer Echegini
275917,Emilia Larsson
275918,Nenad Cvetković
275919,Emma Jansson
275920,Rion Ishikawa
275922,Miyabi Moriya
275923,Kiko Seike
275927,Nycole Raysla
275932,Pauleta
275938,Anna Gasper
275942,Anna Sandberg
275943,Ethan Kohler
275949,Jonna van de Velde
275951,Marcel Pięczek
275952,Roman Yakuba
275960,Daniel Ihendu
275961,Isa Kardinaal
275964,Rosa van Gool
275965,Charlie Reilly
275968,Regina van Eijk
275969,Nadine Noordam
275972,Bobby Pointon
275974,Nathan Ordaz
275976,Mohammed Abu Fani
275978,Petar Ratkov
275980,Simi Awujo
275981,Clarissa Larisey
275982,Irakli Yegoian
275985,Alberto Reina
275986,Álex Sancris
275988,Kellen Fisher
276001,Lorenzo Libutti
276004,Tarek Buchmann
276007,Panos Katseris
276017,Adrien Julloux
276022,Amine Boutrah
276023,Geoffrey Kondo
276027,Rayan Ghrieb
276029,Freddy Mbemba
276035,Nicolò Buso
276044,Joel Herrera
276047,Vincent Harper
276048,Matias Fernandez-Pardo
276052,Hendry Blank
276057,Zane Schreiber
276060,Finn Delap
276066,Dominik Marczuk
276070,Terry Devlin
276076,Isnik Alimi
276083,Toni Abad
276085,Sergio Ortuño
276087,Dimitrios Stamatakis
276093,Emmanuel Addai
276098,Giulia Dragoni
276102,Emanuel Sittaro
276107,Santiago Fernández
276117,Vicente Reyes
276119,Nicolai Remberg
276122,Alem Pašić
276123,Damjan Kovačević
276130,Colin Kleine-Bekel
276132,Răzvan Creț
276140,Marko Tući
276142,Milen Zhelev
276143,Ashangbam Singh Singh
276159,Tamás Nikitscher
276165,Niklas Niehoff
276167,Marko Ivezić
276168,Nico Grimbs
276169,Israel Boatwright
276172,Loïc Lüthi
276173,Finn van Breemen
276178,Elias Havel
276187,Gus Hoefsloot
276188,Mohamed Ouédraogo
276189,Dino Beširović
276190,Marvin Seybold
276191,Philipp Maier
276195,Moritz Hannemann
276198,Áron Yaakobishvili
276207,Hamzat Ojediran
276211,Alexandros Kyziridis
276216,Ezechiel Banzuzi
276237,Mikaela Stojanovska
276238,Jo-Anne Cronquist
276249,Lachlan Bayliss
276251,Jonas Torsvik
276252,Marko Farji
276256,Mamadou Diakhon
276257,Fallou Fall
276258,Thérence Koudou
276259,Andrej Fábry
276270,Benedikt Bauer
276271,Tobias Eisenhuth
276272,Noah Ganaus
276278,Petar Sučić
276283,Fabio Gruber
276284,Frederikke Thøgersen
276285,Wieke Kaptein
276287,Jano ter Horst
276288,Lukas Frenkert
276289,Yassine Bouchama
276292,Florian Bähr
276295,Thierno Barry
276297,Freya Godfrey
276298,Naomi Williams
276299,Michelle Agyemang
276302,Mirko Topić
276305,Rein Van Helden
276309,Antoine Larose
276311,Santiago Castañeda
276312,Jannik Mause
276314,Rafik Belghali
276315,Arthur Piedfort
276316,Henok Teklab
276319,Paul Stock
276320,Donny Bogićević
276321,Daniel Pantschenko
276322,Lisandru Olmeta
276324,Trévis Dago
276325,Serhat-Semih Güler
276332,Ryan De Havilland
276337,Aaron Keller
276342,Tarik Gözüsirin
276343,Abdulelah Hawsawi
276347,Jakub Surovčík
276350,Iman Beney
276353,Marian Kirsch
276354,Jan Krzywański
276356,Gustav Christensen
276358,Grant-Leon Ranos
276359,Barbra Banda
276363,Kay Tejan
276365,Max Brandt
276367,Laurin Curda
276371,Mattes Hansen
276372,Ilyas Ansah
276377,Lucas Høgsberg
276382,Kristína Košíková
276385,Declan Skura
276386,Tom Finch
276392,Soner Gönül
276393,Yunus Emre Çift
276394,Ahmet Sağat
276395,Filip Rózga
276397,Letícia Almeida
276398,Adama Camara
276408,Florian Pruhs
276412,Hevertton
276422,Giorgi Kvernadze
276425,Luís Semedo
276429,Robin Velasco
276430,Leon Sommer
276436,Brad Hills
276438,Kamil Conteh
276442,Gilberto
276443,Davide Veroli
276445,Patri Zugasti
276450,Harald Postl
276451,Aljoša Vasić
276452,Teles
276461,Lukas Kelly-Heald
276468,Annelie Leitner
276471,Altimira
276477,Alessandro Marcandalli
276480,Carlotta Imping
276485,Patrizio Masini
276489,David Preu
276493,Santiago Mouriño
276497,Lazar Stefanović
276502,Julia Magerl
276505,Lilli Purtscheller
276506,Paulina Bartz
276507,Loreen Bender
276518,Marcel Łubik
276519,Bernadette Amani
276520,Li Sirong
276528,Claudio Echeverri
276534,Ben Westermeier
276544,Amin Cherni
276548,Océane Picard
276552,Olivia Smith
276561,Daniel Bennie
276566,Marcus Rafferty
276567,Jalal Abdullai
276572,Emanuele Pecorino
276583,Livan Burcu
276591,Antonis Tsiftsis
276594,Noah Cadiou
276600,Lee Hyun Ju
276602,Assan Ouédraogo
276609,Khaled Al Subaie
276610,Louis Oppie
276614,Musa Gurbanli
276615,Sanja Kovačević
276616,Hong Yun Sang
276618,David Irimia
276619,Rafael Navarro
276622,Joshua Inserra
276625,Cristian Mihai
276627,Franco Lino
276629,Nathan Rodrigues
276630,Franklin Nazareth
276632,Anouar El Azzouzi
276633,Nobel Mendy
276634,Jonas Adjetey
276637,Sakina Ouzraoui Diki
276638,Adriano Onyegbule
276644,Simone Stroscio
276645,Elmin Rastoder
276646,Robin Hranáč
276652,Alexandru Irimia
276656,Zac De Jesus
276658,Martim Marques
276659,Kalifa Kujabi
276660,Noel Futkeu
276666,Alexander Lyng
276668,Enrique Lofolomo
276670,Tiemoko Ouattara
276673,Abdulaziz Al Ouwiradi
276674,Fotis Pseftis
276675,Joel Bichsel
276677,Ibane Bowat
276679,Seydou Traoré
276680,Jan Ziółkowski
276681,Filip Rejczyk
276682,Cher Ndour
276692,Andrei Gheorghiță
276693,Carlos Jatobá
276694,Johan Manzambi
276695,Shea Charles
276697,Yann Sturm
276705,Edoardo Pieragnolo
276706,Antonio Vergara
276708,Juan Cardozo
276710,Alin Chinteș
276711,Nahia Aparicio
276712,Camiel Neghli
276716,Žan Vipotnik
276720,Kanayo Megwa
276722,Mia Enderby
276725,Lorenzo Palmisani
276726,Lenna Gunning-Williams
276731,Mateusz Pruchniewski
276735,Imad Rondić
276736,Tjaš Begić
276742,Youness Lachhab
276743,Rachid Kouda
276744,Răzvan Tănasă
276745,Álvaro Núñez
276747,Achraf Laâziri
276760,Noah Marec
276761,Mamadou Diop
276765,Klaudia Jedlińska
276771,Malou Marcetto
276772,Dominika Kopińska
276773,Michael Heule
276774,Océane Toussaint
276775,Marie Petiteau
276776,Abdulrahman Al Shammari
276780,Saud Salem
276783,Tim Kloss
276787,Ayanda Sishuba
276789,Luca Ross
276797,Élisabeth Tsé
276798,Nikola Sekulov
276804,Mattia Compagnon
276806,Owen Goodman
276808,Mohammed Sahlouli
276811,Maximilian Fillafer
276812,Chancelle Effa Effa
276814,Conor Drinan
276819,Tobías Rubio
276820,Matías Moreno
276822,Santiago López
276824,Mathis Hamdi
276825,Melween N&#x27;Dongala
276827,Abdoulaye Kanté
276829,Fabricio Iacovich
276831,Agustín Palavecino
276839,Sebastiano Desplanches
276840,Nathan Amanatidis
276842,Paula Hoppe
276845,Alex Robinson
276846,Madison Haley
276848,Michaela Croatto
276849,Korina Janež
276860,Ade Adeyemo
276862,Kaja Korošec
276863,Maxim Dal
276866,Iñigo Piña
276867,Benjamín Schamine
276872,Enzo Crombez
276877,Kamil Lukoszek
276887,Isina Corte
276895,Alemão
276899,Zinedin Smajlović
276900,Hugo Cunha
276901,Afonso Moreira
276903,Marvin Benjamins
276904,Cristina Baudet
276905,Natan Girma
276909,Wagner Pina
276916,Diogo Dias
276923,Hélio Varela
276925,Nicolas Closset
276931,Justin Obikwu
276933,Nathan Buayi-Kiala
276937,Vanessa Haim
276939,Alina Mailbeck
276940,Erdis Kraja
276941,Pia Lucassen
276942,Seb Palmer-Houlden
276943,Gabriel Forsyth
276944,Tommy Simkin
276946,Tim Jabol-Folcarelli
276947,Facinet Conte
276949,Dotor
276951,Riccardo Pagano
276960,Brayan Ceballos
276964,Jannik Robatsch
276966,Laurie Shala
276967,Layton Stewart
276969,Leon Avdullahu
276971,Jade Nassi
276976,Javi Hernández
276978,Owen Devonport
276979,Emil Højlund
276980,Alex Henderson
276988,Alaa Bellaarouch
276993,Noah Brdar
276998,Diogo Nascimento
277002,Yannick Vötter
277005,Yannel Correa
277007,Lewis Shipley
277017,Jin Shunkai
277019,Luca Mihai
277022,Jan-Carlo Simić
277025,Sampson Dweh
277026,Julian Bakkeli Gonstad
277030,Kleis Bozhanaj
277031,Abdukodir Khusanov
277034,Igor Orlikowski
277039,Alara Şehitler
277040,Sophie Nachtigall
277041,Jella Veit
277048,Ari Mingueza
277052,Malachi Boateng
277060,Gabriel Sigua
277063,Ahmed Abo Rasain
277067,Kedie Johnson
277068,Lucas Pires
277069,Luismi Cruz
277070,Tidjany Touré
277072,Bilal Bafdili
277073,Andrea Gómez
277116,Yolanda Sierra
277117,Edoardo Borrelli
277118,Mikayil Faye
277119,Moussa Yeo
277121,Nökkvi Þórisson
277123,Carlota Suárez
277144,Ümit Akdağ
277145,Alice Marques
277167,Yonis Njoh
277169,Wassa Sangare
277170,Julie Swierot
277171,Maeline Mendy
277173,Sarah Jankovska
277175,Liana Joseph
277178,Oumar Diakité
277179,Fermín
277180,Bram Lagae
277181,Rafael Profini
277189,Javier Otero
277193,Pedro Henrique
277194,Newerton
277197,Denil Castillo
277201,Sattam Al Rouqi
277206,Ibrahima Sory Bangoura
277207,Oskar Annell
277210,Juan Francisco Rossel
277211,Franculino
277214,Joël Schingtienne
277216,Mohamed Bamba
277217,Taha Şahin
277225,Jon Martín
277227,Alex Lebarbier
277229,Ranjeet Singh Pandre
277230,Rei Tachikawa
277233,Mohammed Mahzari
277235,Farha Al Shamrani
277237,Mikkel Hope
277238,Troy Engseth Nyhammer
277239,Adri Suárez
277244,Rafa Marín
277250,Samuel Lucero
277252,Samuel Dahl
277256,Alba Cerrato
277263,Delice Boboy
277264,Estrella Merino Gonzalez
277266,Bailey Rice
277269,Adrián Liso
277270,Junior Arlet Zé
277272,Johnly Yfeko
277278,Natalia Padilla Bidas
277279,Rayan Al Dawsari
277281,Robert Kampa
277283,Jack Hinshelwood
277284,Ali Emre Yanar
277288,Robbie Deas
277289,Slobodan Rubežić
277290,Jonah Busse
277293,Adedire Mebude
277295,Oscar Bobb
277299,Marlene Lindner
277301,Gabriel Pirani
277302,Drew Baiera
277303,Mounsef Bakrar
277305,Sondre Langås
277307,Amelie Schuster
277308,Romy Baraniak
277309,Henrik Meister
277310,Otso Liimatta
277311,Álvaro Martín
277314,Lola Gstalter
277315,Kitt Nelson
277316,Meshal Al Alaeli
277318,Mohammed Abdulrahman
277322,Rodrigo Pinheiro
277324,Fin Roa Conchie
277327,Francesco Pio Esposito
277330,Rafał Mamla
277339,Alexia Férnandez
277343,Nathan Asiimwe
277345,Josh Fitzpatrick
277346,Karoy Anderson
277349,Judith Coquet
277353,Josh Thomas
277354,Lucas Maronnier
277356,Mouhamed Diop
277357,Seán Patton
277360,Irfan Yadwad
277366,Alfie Marriott
277373,Yusuf Kabadayi
277377,Claudiu Micovschi
277412,Jack Shorrock
277413,Rhys Walters
277421,Marco Esteban
277426,Carlos Forbs
277427,Nico O&#x27;Reilly
277430,Zak Baker
277431,Raphaël Lipinski
277432,Patrick Dorgu
277439,Volodymyr Brazhko
277442,Kristian Bilovar
277445,Alexander Eckmayr
277446,Paul Piffer
277447,Stav Lemkin
277448,Eguinaldo
277452,Edna Imade
277454,Abdulrahman Al Enazi
277456,Oleksiy Kashchuk
277457,Kahveh Zahiroleslam
277459,Abdullah Abdo
277462,Ahmed Kassarah
277463,Dajaune Brown
277464,Sacha Bansé
277465,Isaac Babadi
277470,Srdjan Hrstić
277471,Abdelraouf Al Duqail
277473,Jing Reec
277474,Faisal Al Sibyani
277475,Yaseen Al Zubaidi
277478,Abhishek Singh
277479,Suhail Bhat
277482,Leo Sauer
277483,Gjivai Zechiël
277484,Marius Courcoul
277485,Sidiki Chérif
277487,Abdulkarim Darisi
277488,Ayman Fallatah
277490,Buanthanglun Samte
277491,Dinesh Singh
277493,Fredy Chawngthansanga
277494,Thoi Singh
277498,Jaurès Assoumou
277499,Thibault Delphis
277501,Petter Nosa Dahl
277503,Clément Akpa
277508,Keira Barry
277509,Tony Menzel
277512,Caylan Vickers
277515,Stiven Shpendi
277516,Jack Shepherd
277517,Luis Miguel Angulo
277519,Juan Gutiérrez
277522,Nathan Paull
277524,Anthony Pantazopoulos
277525,Oscar Priestman
277532,Maleace Asamoah
277537,Natan
277540,Tim Meyer
277544,Hildur Antonsdóttir
277545,Maheson Singh
277549,Clayton Taylor
277551,Conor McMenamin
277552,Tyler Bindon
277553,Jan Paluska
277561,Samuel Amo-Ameyaw
277565,Albion Rrahmani
277567,Ramhlunchhunga Ramhlunchhunga
277568,Khusniddin Alikulov
277570,Asheer Akhtar
277571,Dylan Peraić-Cullen
277573,Isa Álvarez
277574,Hazem Mohammed
277578,Adama Bojang
277580,Jay Gupta
277581,Samu
277584,Joel Colwill
277586,Matthew Turner
277591,Filip Lissah
277593,Srđan Kuzmić
277594,Óscar Aranda
277597,Facundo González
277598,Djibril Soumaré
277599,Filippo Distefano
277601,Emran Soglo
277613,Hamish Douglas
277614,Agustín Valverde
277615,Robin Müller
277618,Adams Friday
277619,Justin Reynolds
277624,Mads Borchers
277626,Altin Zeqiri
277627,Dal Varešanović
277630,Everson Junior
277633,Riley Jackson
277635,Markus Jensen
277636,Rares Burnete
277642,Astralaga
277643,Lamine Yamal
277644,Tom Negrel
277657,Kai Andrews
277658,Rayan Kolli
277659,Mory Gbane
277663,Mohamed Belloumi
277664,Espen van Ee
277665,Silvio Merkaj
277668,Frans Krätzig
277669,Tom Hülsmann
277671,Enes Keskin
277672,Oliver Braude
277673,August Priske
277684,Dani Requena
277685,Belén de Gracia
277689,Conrad Harder
277693,Andrei Mărginean
277695,Daniele Ghilardi
277696,Alessandro Sersanti
277698,Ísak Andri Sigurgeirsson
277699,Sydney Schertenleib
277704,Tommaso Corazza
277705,Yunus Emre Konak
277708,Unai Gómez
277718,Luana Bürge
277719,Mada
277742,Jeremy
277744,Taylan Utku Aydın
277747,Jamie Knight-Lebel
277751,Adrian Skogmar
277755,Josimar Alcócer
277763,Şamil Öztürk
277769,Federico Zuccon
277771,Stian Kristiansen
277776,Daniela Santos
277780,Lara Martins
277782,Wang Yudong
277786,Fabrizio Peralta
277790,Luis Fernando Paz
277794,Alexis Manyoma
277797,Marcos Leonardo
277799,Andrej Ilić
277802,Edoardo Motta
277804,Louie Marsh
277805,Julian Kügel
277806,Jonathan Cissé
277807,Kolbeinn Þórðarson
277809,Kodai Sano
277811,Mathias de Amorim
277812,Danique Noordman
277813,Daliyah de Klonia
277815,Danique Tolhoek
277820,Noah Lahmadi
277823,Daniel Peretz
277825,Jorge Benito
277832,Chukwubuikem Ikwuemesi
277835,Bosun Lawal
277836,Lucas Meuli
277839,Nikola Krstović
277840,Omri Gandelman
277842,Jascha Brandt
277843,Sabil Hansen
277844,Laurits Raun Pedersen
277846,Nico Paz
277849,Luciano Pascual
277852,Cory O&#x27;Sullivan
277860,Tom King
277864,Dave Kwakman
277865,Luca Pazourek
277866,Thiniba Samoura
277869,Michael Kayode
277870,Costantino Favasuli
277871,Demir Ege Tıknaz
277872,Raphael Kofler
277877,Leopold Wurm
277878,Santi García
277881,Hanna Andersson
277885,Alvis Jaunzems
277887,Max Finkgräfe
277894,Álex Lozano
277897,Ben Elliott
277899,Julien Lomboto
277901,Luka Stojković
277902,Logi Tómasson
277904,Eddie Beach
277905,Anders Hiim
277909,Eli Junior Kroupi
277910,Kolja Oudenne
277916,Luka Gavran
277922,Kamari Doyle
277925,Baby Jordy Benera
277926,Manaka Matsukubo
277927,Melanie Barcenas
277928,Mannou Berger
277929,Kauã Santos
277930,Mohamed Jaouab
277935,Fodé Sylla
277938,Ange-Loïc N&#x27;Gatta
277941,Lukas Kačavenda
277942,William Benard
277943,Nick Fichtinger
277944,Omar Fayed
277947,Matías Gómez
277951,Lily Yohannes
277952,Lotte Keukelaar
277954,Kenan Yıldız
277963,Jutta Rantala
277966,Olga Ahtinen
277969,Abdoulaye Faye
277973,Juan Daniel Pérez
277975,Parfait Guiagon
277976,Miguel Silva
277977,Gabriel Ursu
277979,Giorgi Abuashvili
277980,Assane N&#x27;Doye
277983,Georgia Mullett
277986,Thierry Gale
277993,Rudi Molotnikov
277995,Calum Agius
277997,Owen Elding
278001,Dani Barcia
278003,Yusi
278006,Denis Radu
278007,Zak Sturge
278008,Iván Garriel
278012,Darío Osorio
278013,Saba Sazonov
278014,Alessandro Riccio
278016,Murillo
278017,Omari Kellyman
278020,Matías Galarza
278023,Mikki van Sas
278024,Deniz Ertaş
278025,André Luiz
278030,Luca Stephenson
278032,Christos Mandas
278034,Nehemiah Fernandez
278035,Mella
278040,Ben Woods
278041,Freddy Lallawmawma
278043,Amine Naïfi
278045,Fraga
278046,Pau Cubarsí
278047,Zach Booth
278049,Ante Crnac
278056,Batuhan Yavuz
278057,Bastien Meupiyou
278061,Tidiam Gomis
278065,Sadibou Sané
278069,Luis Palma
278071,Arnau Rafús
278073,Tom Davies
278075,Irakli Azarov
278076,Michele Besaggio
278086,Lucas Masoero
278087,Matei Ilie
278089,Lois Niënhuis
278096,Lorenzo Amatucci
278097,George Earthy
278098,Kaelan Casey
278099,Marco Pissardo
278101,Callum Marshall
278102,Gideon Kodua
278105,Malik Mothersille
278107,Ilay Camara
278112,Milosz Piekutowski
278119,Ibou Sané
278126,Selvi
278132,Rakan Kaabi
278134,Harvey Blair
278136,Jake Richards
278145,Shahruddin Magomedaliyev
278149,Dipesh Chauhan
278151,Stuart Hawkins
278156,Matthew Grimaldi
278157,Ángel Torres
278158,Quinn MacNicol
278159,Ramzi Safuri
278165,Bridel Bosakani
278168,Eyüp Aydın
278172,Ethan Mbappé
278174,Julian Hall
278177,Luca Raimund
278178,Tjark Scheller
278183,Finlay Armstrong
278186,Julian Kania
278187,Tom Louchet
278193,Joe Johnson
278194,Lucía Corrales
278195,Olaya Rodríguez
278196,Bekey Oram
278197,Macarton Louis Nickson
278201,Ali Al Masoud
278205,Ylies Aradj
278206,Muhannad Al Saad
278207,Noah Edjouma
278213,Cameron Gardner
278217,Santiago Morales
278219,Tabitha Chawinga
278224,Wataru Kamijo
278225,Tara Elimbi Gilbert
278228,Elias Baum
278229,Dmytro Bohdanov
278230,Mathis Lambourde
278233,Harry Politidis
278234,Mohammed Aimen
278237,Davide Bartesaghi
278239,Jimmy-Jay Morgan
278247,Mohammed Azhar
278249,Luke Supyk
278252,Max Schmitt
278254,Ademola Ola-Adebomi
278257,Harsh Patre
278258,Monirul Molla
278261,Ousmane Touré
278262,Lucas Mincarelli
278279,Cheikh Fall
278280,Filippo Rinaldi
278282,Yvann Titi
278283,Omar Sissoko
278286,Alfie Gilchrist
278288,Alex Matos
278292,James McConnell
278305,Lorenzo Lucchesi
278308,Gong Si Hyeun
278313,Nerea Carmona
278318,Aleksandar Stanković
278319,Luca Marianucci
278326,Alphadjo Cissè
278331,Lapo Nava
278333,Andres Sfait
278335,Giovanni Daffara
278338,Saná Fernandes
278339,Marco Palestra
278340,Pietro Comuzzo
278346,Mateus Lusuardi
278349,Dean Huijsen
278350,Seydou Fini
278351,Kevin Zeroli
278352,Giacomo Stabile
278354,Giovanni Bonfanti
278359,Clement Bischoff
278360,Jonatan Lindekilde
278362,Lasse Flø
278366,Adam Nygaard Andersen
278367,Lukas Kirkegaard
278369,Emir Ortakaya
278374,Enes Albak
278391,Unai Hernández
278392,David López
278394,Fran González
278399,Gonzalo
278400,Iñaki González
278403,Herzog
278404,De la Rosa
278408,Egiluz
278430,Lautaro Vargas
278434,Tobías Medina
278436,Mariano Troilo
278437,Milton Ríos
278440,Nazareno Durán
278452,Mateo Cáceres
278454,Dylan Aquino
278455,Aaron Anselmino
278460,Valentín Moreno
278469,Thyago Ayala
278474,Lucas Lavagnino
278479,Aaron Bibout
278488,Omar Valencia
278490,Luke Brennan
278495,Tyler Hall
278499,Alejandro Granados
278502,Lorenzo Dellavalle
278511,Gareth McElroy
278523,Rodri Mendoza
278524,Mario Maroto
278530,Cuenca
278554,Niels Devalckeneer
278557,Jamie Donley
278560,Max de Ligt
278567,João Costa
278569,Aliou Thiaré
278571,Yanis Issoufou
278573,Mihai Toma
278578,Jonah Kusi-Asare
278582,Isak Brusberg
278587,Deniz Gül
278595,Kim Do Yun
278596,Luke Graham
278598,Macaulay Tait
278606,Samson Lawal
278608,Adrián Niño
278623,Jasper Samooja
278628,Ricardo Visus
278630,Carrillo
278641,Conor Reynolds
278642,Kyle McDonagh
278643,Daire Patton
278651,Eider Arana
278659,Pau Navarro
278660,Zine
278661,Yarek
278668,Zé Pedro
278670,Robin Yadav
278671,Lalremtluanga Fanai
278674,Mohammed Sanan
278679,Markus Cimermancic
278688,Olwethu Makhanya
278697,Muhammed Rafi
278701,Martin Gjone
278707,Isak Vådebu
278719,Martin Børsheim
278720,Markus Haaland
278724,Eivind Helland
278728,Philipp Müller
278730,Axel Kayombo
278743,Fabrizio Sartori
278745,Julián Contrera
278750,Reno Münz
278751,Tim Köhler
278752,Sander Håvik Innvær
278753,Jesper Reitan-Sunde
278757,Gonzalo Aguirre
278758,Jastin
278759,Iker Almena
278761,Mariano Barreda
278773,Myles Lewis-Skelly
278777,Josue Kongolo
278780,Finn Jeltsch
278782,Marcos Mina
278789,Mahamadou Diawara
278811,Denny Draper
278813,Marc Guiu
278816,Frederik Damkjer
278820,Almar Gjerd Grindhaug
278823,Madiodio Dia
278825,Yvan Ikia Dimi
278832,King Samuel Manu
278834,Sima Suso
278838,Dylan Scicluna
278841,Lautaro Garzón
278854,Almugera Kabar
278872,Killane
278875,Zavier Gozo
278882,Oliver Lavale
278884,Oleksandr Svatok
278893,Moritz Flotho
278895,Jayden Luker
278896,Ryan Oné
278901,Ayyoub Bouaddi
278902,Amadou Koné
278903,Jérémy Jacquet
278912,Julian Brandes
278914,Samuel Silalahi
278919,Romelle Donovan
278923,Héctor Fort
278926,Joseph Nonge
278928,Álex Jiménez
278933,Kieren Flavell
278937,Yoihenba Meitei
278942,Alba López
278955,Malcolm Fry
278957,Jayden Meghoma
278958,Sam Parker
278964,Albert Iustin Doicaru
278965,Viktor Baier
278966,Luigi Cherubini
278972,Wiktor Koptas
278976,Peter Amoran
278982,Jordi Martín
278986,Tom Iorpenda
278987,Kamarl Grant
278988,Neo Dobson
278993,George Alston
278996,Omar Sadik
278999,Mustafa Erhan Hekimoğlu
279000,Yusuf Akçiçek
279005,Milo Horemans
279008,Luc De Fougerolles
279014,Alby Kelly-Heald
279015,Victor Froholdt
279016,Jérémy Sebas
279022,Lio Rothenhagen
279025,Dylan Wells
279026,Hugo Rincón
279027,Javi Rodríguez
279028,Matt Young
279035,Adam Boayar
279042,Zack Nelson
279044,Geovany Quenda
279045,Bruno Ogbus
279048,Bakary Haidara
279050,Bill Antonio
279052,Hamza Abdallah
279056,Moutaz Neffati
279058,Sander Hestetun Kilen
279059,César Miño
279061,Abdoulkarim Traore
279063,Leandro Hernández
279064,Stavros Pilios
279076,César Inga
279078,Othmane Maamma
279092,Ben Lomax
279101,Bilal Yalçınkaya
279103,Nelson Sanca
279109,Víctor Parada
279112,Damián
279114,Zoumana Keita
279115,Berkay Yilmaz
279116,Deniz Zeitler
279117,Alfie Dorrington
279122,Desmond Acquah
279124,Bradley Ibrahim
279125,Tobias Gruber
279128,Trey Nyoni
279130,Amady Camara
279145,Zach Dunne
279165,Agustín Ruberto
279166,Ulises Giménez
279168,Santiago Beltrán
279170,Daniel Zabala
279173,Franco Mastantuono
279183,Max Woodford
279186,Austin Ayoubi
279188,Šimun Hrgović
279189,Ari Arias
279191,Elene Guridi
279195,Charlie Parks
279196,Nahuel Arias
279198,Benjamin Mazzeo
279200,Buba Sangaré
279201,Matt Sheridan
279202,Francesco Camarda
279203,Oluwaseun Ogbemudia
279212,Luis Seifert
279213,Otto Stange
279215,Marisa Garcia
279217,Vetle Auklend
279219,Lasse Wilhelm
279220,Marcus Müller
279224,Joshua Duffus
279228,Fabio Ruggeri
279236,Kyrell Malcolm
279239,Jayden Addai
279246,Ryan Naderi
279249,Micah Mbick
279251,Law McCabe
279252,Mikel Gogorza
279256,Théo
279474,Abdellah Baallal
279478,Joe Lacey
279489,Nader Jindaoui
279490,Kofi Jeremy Amoako
279497,Tyler Dibling
279501,Justin Vidić
279502,Moussa Diakité
279503,Eray Özbek
279506,Darío Benavides
279508,Tom de Graaff
279509,Hakim Sahabo
279514,Roméo Beney
279519,Tawanda Chirewa
279520,Leigh Kavanagh
279529,Leonardo Mendicino
279530,Martin Ens
279532,Jade Rose
279542,Max Moerstedt
279543,Kealey Adamson
279544,Ali Fadal
279546,Leo Castledine
279548,César Olmedo
279550,Dong Hang
279557,Mahamadou Nagida
279565,Diogo Pinto
279572,Sydie Peck
279573,Luck Zogbé
279591,Saad Al Sharfa
279593,Mohammed Al Absi
279599,Levin Winkler
279603,Olabarrieta
279604,Jauregizar
279605,Tristán
279622,Noël Aséko
279623,Samuele Di Benedetto
279625,Jenson Metcalfe
279627,Saïmon Bouabré
279641,Clinton Nsiala
279657,Ben Nink
279667,Robert-Jan Vanwesemael
279669,Samuel Marques
279685,Justin Lukas
279686,Ervin Vaca
279693,Eileen Campbell
279695,Julia Mickenhagen
279699,Claire Hutton
279700,Mamadou Coulibaly
279702,Samir El Mourabet
279703,Francisco Silva
279705,Josh Cohen
279706,Duran Ferree
279709,Lucas Beraldo
279710,Simen Hestnes
279711,Johannes Hummelvoll-Nuñez
279712,Zidane Yañez
279713,Robin Rasch
279714,Momodou Lion Njie
279715,Jonas Lange Hjorth
279716,Håkon Helland Hoseth
279717,Ayoub Aleesami
279731,Gabriel Moscardo
279735,Remi-André Svindland
279736,Obilor Denzel Okeke
279738,Mathias Tønnessen
279739,Sverre Hakami Sandal
279766,Joel McGregor
279768,Chico Lamba
279769,Diogo Travassos
279782,Zachary Athekame
279785,Nawaf Al Ghulaimish
279787,Garrison Tubbs
279797,Lovro Golič
279799,Temwa Chawinga
279807,Adam Nhaili
279808,Shunsuke Mito
279811,Avery Patterson
279812,Croix Bethune
279816,Franco Nicola
279820,Marco Iacobellis
279831,Tomás Porra
279832,Gard Simenstad
279840,Benjamín Bosch
279841,Maher Carrizo
279845,Valentín Fascendini
279856,Will Johnson
279857,Richard Kone
279876,Charlys
279877,Farès Ghedjemis
279880,Renato Marin
279881,Efe Akman
279882,Gökdeniz Gürpüz
279885,Matilda Vinberg
279891,Diego Mascardi
279896,Adrian Bajrami
279897,Eric Puerto
279908,Makenna Morris
279918,José Varela
279919,Dylan Nandín
279920,Guillermo Cotugno
279922,Tomás Verón
279925,Arbër Hoxha
279926,Dadie
279928,Thalisson Kelven
279929,Isak Sjong
279930,Felipe Augusto
279932,Santiago González
279933,Anni Hartikainen
279934,Ian Subiabre
279937,Micah Burton
279942,Guilherme Biro
279948,Koen Kostons
